dataset,method,seed,EVR2,n,k,SSE,ARI,NMI,SH,IT
Jain,CCKM,-1,1.0,373,2,322.33891501178385,0.552751161834573,0.5108315717226246,0.5044779516212523,7
Jain,Maxmin,-1,1.0,373,2,322.33891501178385,0.552751161834573,0.5108315717226247,0.5044779516212523,7
Jain,KM++,0,1.0,373,2,322.33891501178385,0.552751161834573,0.5108315717226246,0.5044779516212523,3
Jain,KM++,1,1.0,373,2,322.44226615057687,0.5293907378981823,0.49500456603831744,0.5034003891654265,10
Jain,KM++,2,1.0,373,2,322.33891501178385,0.552751161834573,0.5108315717226246,0.5044779516212523,7
Jain,KM++,3,1.0,373,2,322.33891501178385,0.552751161834573,0.5108315717226246,0.5044779516212523,7
Jain,KM++,4,1.0,373,2,322.33891501178385,0.552751161834573,0.5108315717226246,0.5044779516212523,7
Jain,KM++,5,1.0,373,2,322.44226615057687,0.5293907378981823,0.49500456603831744,0.5034003891654265,7
Jain,KM++,6,1.0,373,2,322.33891501178385,0.552751161834573,0.5108315717226246,0.5044779516212523,8
Jain,KM++,7,1.0,373,2,322.33891501178385,0.552751161834573,0.5108315717226247,0.5044779516212523,8
Jain,KM++,8,1.0,373,2,322.33891501178385,0.552751161834573,0.5108315717226246,0.5044779516212523,8
Jain,KM++,9,1.0,373,2,322.33891501178385,0.552751161834573,0.5108315717226246,0.5044779516212523,8
Jain,KM++,10,1.0,373,2,322.33891501178385,0.552751161834573,0.5108315717226246,0.5044779516212523,7
Jain,KM++,11,1.0,373,2,322.33891501178385,0.552751161834573,0.5108315717226247,0.5044779516212523,4
Jain,KM++,12,1.0,373,2,322.33891501178385,0.552751161834573,0.5108315717226246,0.5044779516212523,8
Jain,KM++,13,1.0,373,2,322.33891501178385,0.552751161834573,0.5108315717226247,0.5044779516212523,9
Jain,KM++,14,1.0,373,2,322.33891501178385,0.552751161834573,0.5108315717226247,0.5044779516212523,7
Jain,KM++,15,1.0,373,2,322.44226615057687,0.5293907378981823,0.49500456603831744,0.5034003891654265,9
Jain,KM++,16,1.0,373,2,322.33891501178385,0.552751161834573,0.5108315717226246,0.5044779516212523,8
Jain,KM++,17,1.0,373,2,322.33891501178385,0.552751161834573,0.5108315717226246,0.5044779516212523,6
Jain,KM++,18,1.0,373,2,322.44226615057687,0.5293907378981823,0.49500456603831744,0.5034003891654265,8
Jain,KM++,19,1.0,373,2,322.33891501178385,0.552751161834573,0.5108315717226246,0.5044779516212523,8
Jain,KM++,20,1.0,373,2,322.44226615057687,0.5293907378981823,0.49500456603831744,0.5034003891654265,5
Jain,KM++,21,1.0,373,2,322.44226615057687,0.5293907378981823,0.49500456603831744,0.5034003891654265,7
Jain,KM++,22,1.0,373,2,322.33891501178385,0.552751161834573,0.5108315717226246,0.5044779516212523,7
Jain,KM++,23,1.0,373,2,322.33891501178385,0.552751161834573,0.5108315717226247,0.5044779516212523,6
Jain,KM++,24,1.0,373,2,322.33891501178385,0.552751161834573,0.5108315717226246,0.5044779516212523,5
Jain,KM++,25,1.0,373,2,322.33891501178385,0.552751161834573,0.5108315717226246,0.5044779516212523,8
Jain,KM++,26,1.0,373,2,322.33891501178385,0.552751161834573,0.5108315717226246,0.5044779516212523,7
Jain,KM++,27,1.0,373,2,322.33891501178385,0.552751161834573,0.5108315717226247,0.5044779516212523,8
Jain,KM++,28,1.0,373,2,322.33891501178385,0.552751161834573,0.5108315717226246,0.5044779516212523,6
Jain,KM++,29,1.0,373,2,322.44226615057687,0.5293907378981823,0.49500456603831744,0.5034003891654265,7
Jain,KM++,30,1.0,373,2,322.33891501178385,0.552751161834573,0.5108315717226247,0.5044779516212523,7
Jain,KM++,31,1.0,373,2,322.33891501178385,0.552751161834573,0.5108315717226246,0.5044779516212523,8
Jain,KM++,32,1.0,373,2,322.44226615057687,0.5293907378981823,0.49500456603831744,0.5034003891654265,7
Jain,KM++,33,1.0,373,2,322.44226615057687,0.5293907378981823,0.49500456603831744,0.5034003891654265,7
Jain,KM++,34,1.0,373,2,322.33891501178385,0.552751161834573,0.5108315717226247,0.5044779516212523,7
Jain,KM++,35,1.0,373,2,322.33891501178385,0.552751161834573,0.5108315717226247,0.5044779516212523,7
Jain,KM++,36,1.0,373,2,322.33891501178385,0.552751161834573,0.5108315717226246,0.5044779516212523,7
Jain,KM++,37,1.0,373,2,322.44226615057687,0.5293907378981823,0.49500456603831744,0.5034003891654265,3
Jain,KM++,38,1.0,373,2,322.33891501178385,0.552751161834573,0.5108315717226246,0.5044779516212523,9
Jain,KM++,39,1.0,373,2,322.44226615057687,0.5293907378981823,0.49500456603831744,0.5034003891654265,9
Jain,KM++,40,1.0,373,2,322.44226615057687,0.5293907378981823,0.49500456603831744,0.5034003891654265,6
Jain,KM++,41,1.0,373,2,322.44226615057687,0.5293907378981823,0.49500456603831744,0.5034003891654265,6
Jain,KM++,42,1.0,373,2,322.33891501178385,0.552751161834573,0.5108315717226247,0.5044779516212523,7
Jain,KM++,43,1.0,373,2,322.33891501178385,0.552751161834573,0.5108315717226246,0.5044779516212523,8
Jain,KM++,44,1.0,373,2,322.33891501178385,0.552751161834573,0.5108315717226246,0.5044779516212523,6
Jain,KM++,45,1.0,373,2,322.44226615057687,0.5293907378981823,0.49500456603831744,0.5034003891654265,7
Jain,KM++,46,1.0,373,2,322.33891501178385,0.552751161834573,0.5108315717226246,0.5044779516212523,8
Jain,KM++,47,1.0,373,2,322.33891501178385,0.552751161834573,0.5108315717226247,0.5044779516212523,7
Jain,KM++,48,1.0,373,2,322.44226615057687,0.5293907378981823,0.49500456603831744,0.5034003891654265,3
Jain,KM++,49,1.0,373,2,322.44226615057687,0.5293907378981823,0.49500456603831744,0.5034003891654265,4
Jain,KM++greedy,0,1.0,373,2,322.44226615057687,0.5293907378981823,0.49500456603831744,0.5034003891654265,4
Jain,KM++greedy,1,1.0,373,2,322.44226615057687,0.5293907378981823,0.49500456603831744,0.5034003891654265,8
Jain,KM++greedy,2,1.0,373,2,322.33891501178385,0.552751161834573,0.5108315717226246,0.5044779516212523,8
Jain,KM++greedy,3,1.0,373,2,322.44226615057687,0.5293907378981823,0.49500456603831744,0.5034003891654265,5
Jain,KM++greedy,4,1.0,373,2,322.44226615057687,0.5293907378981823,0.49500456603831744,0.5034003891654265,9
Jain,KM++greedy,5,1.0,373,2,322.44226615057687,0.5293907378981823,0.49500456603831744,0.5034003891654265,7
Jain,KM++greedy,6,1.0,373,2,322.44226615057687,0.5293907378981823,0.49500456603831744,0.5034003891654265,5
Jain,KM++greedy,7,1.0,373,2,322.33891501178385,0.552751161834573,0.5108315717226247,0.5044779516212523,6
Jain,KM++greedy,8,1.0,373,2,322.44226615057687,0.5293907378981823,0.49500456603831744,0.5034003891654265,10
Jain,KM++greedy,9,1.0,373,2,322.44226615057687,0.5293907378981823,0.49500456603831744,0.5034003891654265,4
Jain,KM++greedy,10,1.0,373,2,322.44226615057687,0.5293907378981823,0.49500456603831744,0.5034003891654265,4
Jain,KM++greedy,11,1.0,373,2,322.33891501178385,0.552751161834573,0.5108315717226247,0.5044779516212523,4
Jain,KM++greedy,12,1.0,373,2,322.33891501178385,0.552751161834573,0.5108315717226247,0.5044779516212523,7
Jain,KM++greedy,13,1.0,373,2,322.44226615057687,0.5293907378981823,0.49500456603831744,0.5034003891654265,7
Jain,KM++greedy,14,1.0,373,2,322.44226615057687,0.5293907378981823,0.49500456603831744,0.5034003891654265,9
Jain,KM++greedy,15,1.0,373,2,322.33891501178385,0.552751161834573,0.5108315717226246,0.5044779516212523,6
Jain,KM++greedy,16,1.0,373,2,322.44226615057687,0.5293907378981823,0.49500456603831744,0.5034003891654265,4
Jain,KM++greedy,17,1.0,373,2,322.44226615057687,0.5293907378981823,0.49500456603831744,0.5034003891654265,6
Jain,KM++greedy,18,1.0,373,2,322.33891501178385,0.552751161834573,0.5108315717226246,0.5044779516212523,4
Jain,KM++greedy,19,1.0,373,2,322.33891501178385,0.552751161834573,0.5108315717226247,0.5044779516212523,8
Jain,KM++greedy,20,1.0,373,2,322.44226615057687,0.5293907378981823,0.49500456603831744,0.5034003891654265,11
Jain,KM++greedy,21,1.0,373,2,322.33891501178385,0.552751161834573,0.5108315717226247,0.5044779516212523,4
Jain,KM++greedy,22,1.0,373,2,322.44226615057687,0.5293907378981823,0.49500456603831744,0.5034003891654265,4
Jain,KM++greedy,23,1.0,373,2,322.44226615057687,0.5293907378981823,0.49500456603831744,0.5034003891654265,12
Jain,KM++greedy,24,1.0,373,2,322.44226615057687,0.5293907378981823,0.49500456603831744,0.5034003891654265,10
Jain,KM++greedy,25,1.0,373,2,322.44226615057687,0.5293907378981823,0.49500456603831744,0.5034003891654265,6
Jain,KM++greedy,26,1.0,373,2,322.44226615057687,0.5293907378981823,0.49500456603831744,0.5034003891654265,6
Jain,KM++greedy,27,1.0,373,2,322.44226615057687,0.5293907378981823,0.49500456603831744,0.5034003891654265,8
Jain,KM++greedy,28,1.0,373,2,322.33891501178385,0.552751161834573,0.5108315717226246,0.5044779516212523,4
Jain,KM++greedy,29,1.0,373,2,322.4167561955178,0.5449031500665052,0.5054714399576716,0.5039823012764614,3
Jain,KM++greedy,30,1.0,373,2,322.44226615057687,0.5293907378981823,0.49500456603831744,0.5034003891654265,5
Jain,KM++greedy,31,1.0,373,2,322.44226615057687,0.5293907378981823,0.49500456603831744,0.5034003891654265,7
Jain,KM++greedy,32,1.0,373,2,322.44226615057687,0.5293907378981823,0.49500456603831744,0.5034003891654265,6
Jain,KM++greedy,33,1.0,373,2,322.33891501178385,0.552751161834573,0.5108315717226247,0.5044779516212523,7
Jain,KM++greedy,34,1.0,373,2,322.44226615057687,0.5293907378981823,0.49500456603831744,0.5034003891654265,6
Jain,KM++greedy,35,1.0,373,2,322.33891501178385,0.552751161834573,0.5108315717226246,0.5044779516212523,8
Jain,KM++greedy,36,1.0,373,2,322.33891501178385,0.552751161834573,0.5108315717226246,0.5044779516212523,6
Jain,KM++greedy,37,1.0,373,2,322.44226615057687,0.5293907378981823,0.49500456603831744,0.5034003891654265,7
Jain,KM++greedy,38,1.0,373,2,322.44226615057687,0.5293907378981823,0.49500456603831744,0.5034003891654265,8
Jain,KM++greedy,39,1.0,373,2,322.44226615057687,0.5293907378981823,0.49500456603831744,0.5034003891654265,8
Jain,KM++greedy,40,1.0,373,2,322.44226615057687,0.5293907378981823,0.49500456603831744,0.5034003891654265,9
Jain,KM++greedy,41,1.0,373,2,322.44226615057687,0.5293907378981823,0.49500456603831744,0.5034003891654265,6
Jain,KM++greedy,42,1.0,373,2,322.44226615057687,0.5293907378981823,0.49500456603831744,0.5034003891654265,8
Jain,KM++greedy,43,1.0,373,2,322.33891501178385,0.552751161834573,0.5108315717226247,0.5044779516212523,5
Jain,KM++greedy,44,1.0,373,2,322.44226615057687,0.5293907378981823,0.49500456603831744,0.5034003891654265,7
Jain,KM++greedy,45,1.0,373,2,322.44226615057687,0.5293907378981823,0.49500456603831744,0.5034003891654265,9
Jain,KM++greedy,46,1.0,373,2,322.44226615057687,0.5293907378981823,0.49500456603831744,0.5034003891654265,4
Jain,KM++greedy,47,1.0,373,2,322.33891501178385,0.552751161834573,0.5108315717226247,0.5044779516212523,6
Jain,KM++greedy,48,1.0,373,2,322.33891501178385,0.552751161834573,0.5108315717226247,0.5044779516212523,7
Jain,KM++greedy,49,1.0,373,2,322.44226615057687,0.5293907378981823,0.49500456603831744,0.5034003891654265,8
Jain,BF-refine,0,1.0,373,2,322.33891501178385,0.552751161834573,0.5108315717226246,0.5044779516212523,5
Jain,BF-refine,1,1.0,373,2,322.33891501178385,0.552751161834573,0.5108315717226247,0.5044779516212523,2
Jain,BF-refine,2,1.0,373,2,322.33891501178385,0.552751161834573,0.5108315717226247,0.5044779516212523,5
Jain,BF-refine,3,1.0,373,2,322.33891501178385,0.552751161834573,0.5108315717226246,0.5044779516212523,5
Jain,BF-refine,4,1.0,373,2,322.44226615057687,0.5293907378981823,0.49500456603831744,0.5034003891654265,4
Jain,BF-refine,5,1.0,373,2,322.33891501178385,0.552751161834573,0.5108315717226247,0.5044779516212523,5
Jain,BF-refine,6,1.0,373,2,322.44226615057687,0.5293907378981823,0.49500456603831744,0.5034003891654265,5
Jain,BF-refine,7,1.0,373,2,322.44226615057687,0.5293907378981823,0.49500456603831744,0.5034003891654265,2
Jain,BF-refine,8,1.0,373,2,322.44226615057687,0.5293907378981823,0.49500456603831744,0.5034003891654265,3
Jain,BF-refine,9,1.0,373,2,322.44226615057687,0.5293907378981823,0.49500456603831744,0.5034003891654265,4
Jain,BF-refine,10,1.0,373,2,322.33891501178385,0.552751161834573,0.5108315717226247,0.5044779516212523,2
Jain,BF-refine,11,1.0,373,2,322.33891501178385,0.552751161834573,0.5108315717226246,0.5044779516212523,2
Jain,BF-refine,12,1.0,373,2,322.33891501178385,0.552751161834573,0.5108315717226246,0.5044779516212523,2
Jain,BF-refine,13,1.0,373,2,322.33891501178385,0.552751161834573,0.5108315717226246,0.5044779516212523,2
Jain,BF-refine,14,1.0,373,2,322.44226615057687,0.5293907378981823,0.49500456603831744,0.5034003891654265,3
Jain,BF-refine,15,1.0,373,2,322.44226615057687,0.5293907378981823,0.49500456603831744,0.5034003891654265,4
Jain,BF-refine,16,1.0,373,2,322.33891501178385,0.552751161834573,0.5108315717226246,0.5044779516212523,6
Jain,BF-refine,17,1.0,373,2,322.33891501178385,0.552751161834573,0.5108315717226246,0.5044779516212523,2
Jain,BF-refine,18,1.0,373,2,322.44226615057687,0.5293907378981823,0.49500456603831744,0.5034003891654265,4
Jain,BF-refine,19,1.0,373,2,322.44226615057687,0.5293907378981823,0.49500456603831744,0.5034003891654265,3
Jain,BF-refine,20,1.0,373,2,322.44226615057687,0.5293907378981823,0.49500456603831744,0.5034003891654265,5
Jain,BF-refine,21,1.0,373,2,322.44226615057687,0.5293907378981823,0.49500456603831744,0.5034003891654265,4
Jain,BF-refine,22,1.0,373,2,322.44226615057687,0.5293907378981823,0.49500456603831744,0.5034003891654265,4
Jain,BF-refine,23,1.0,373,2,322.33891501178385,0.552751161834573,0.5108315717226246,0.5044779516212523,6
Jain,BF-refine,24,1.0,373,2,322.33891501178385,0.552751161834573,0.5108315717226247,0.5044779516212523,5
Jain,BF-refine,25,1.0,373,2,322.33891501178385,0.552751161834573,0.5108315717226246,0.5044779516212523,2
Jain,BF-refine,26,1.0,373,2,322.33891501178385,0.552751161834573,0.5108315717226246,0.5044779516212523,5
Jain,BF-refine,27,1.0,373,2,322.44226615057687,0.5293907378981823,0.49500456603831744,0.5034003891654265,4
Jain,BF-refine,28,1.0,373,2,322.33891501178385,0.552751161834573,0.5108315717226247,0.5044779516212523,6
Jain,BF-refine,29,1.0,373,2,322.44226615057687,0.5293907378981823,0.49500456603831744,0.5034003891654265,4
Jain,BF-refine,30,1.0,373,2,322.33891501178385,0.552751161834573,0.5108315717226247,0.5044779516212523,3
Jain,BF-refine,31,1.0,373,2,322.33891501178385,0.552751161834573,0.5108315717226246,0.5044779516212523,4
Jain,BF-refine,32,1.0,373,2,322.33891501178385,0.552751161834573,0.5108315717226246,0.5044779516212523,2
Jain,BF-refine,33,1.0,373,2,322.44226615057687,0.5293907378981823,0.49500456603831744,0.5034003891654265,4
Jain,BF-refine,34,1.0,373,2,322.33891501178385,0.552751161834573,0.5108315717226246,0.5044779516212523,2
Jain,BF-refine,35,1.0,373,2,322.33891501178385,0.552751161834573,0.5108315717226247,0.5044779516212523,2
Jain,BF-refine,36,1.0,373,2,322.44226615057687,0.5293907378981823,0.49500456603831744,0.5034003891654265,4
Jain,BF-refine,37,1.0,373,2,322.33891501178385,0.552751161834573,0.5108315717226246,0.5044779516212523,3
Jain,BF-refine,38,1.0,373,2,322.33891501178385,0.552751161834573,0.5108315717226246,0.5044779516212523,5
Jain,BF-refine,39,1.0,373,2,322.44226615057687,0.5293907378981823,0.49500456603831744,0.5034003891654265,2
Jain,BF-refine,40,1.0,373,2,322.33891501178385,0.552751161834573,0.5108315717226246,0.5044779516212523,6
Jain,BF-refine,41,1.0,373,2,322.44226615057687,0.5293907378981823,0.49500456603831744,0.5034003891654265,2
Jain,BF-refine,42,1.0,373,2,322.33891501178385,0.552751161834573,0.5108315717226246,0.5044779516212523,5
Jain,BF-refine,43,1.0,373,2,322.44226615057687,0.5293907378981823,0.49500456603831744,0.5034003891654265,4
Jain,BF-refine,44,1.0,373,2,322.44226615057687,0.5293907378981823,0.49500456603831744,0.5034003891654265,2
Jain,BF-refine,45,1.0,373,2,322.44226615057687,0.5293907378981823,0.49500456603831744,0.5034003891654265,4
Jain,BF-refine,46,1.0,373,2,322.33891501178385,0.552751161834573,0.5108315717226246,0.5044779516212523,2
Jain,BF-refine,47,1.0,373,2,322.33891501178385,0.552751161834573,0.5108315717226246,0.5044779516212523,4
Jain,BF-refine,48,1.0,373,2,322.4167561955178,0.5449031500665052,0.5054714399576716,0.5039823012764614,2
Jain,BF-refine,49,1.0,373,2,322.44226615057687,0.5293907378981823,0.49500456603831744,0.5034003891654265,4
Jain,KM-random,0,1.0,373,2,322.33891501178385,0.552751161834573,0.5108315717226247,0.5044779516212523,8
Jain,KM-random,1,1.0,373,2,322.44226615057687,0.5293907378981823,0.49500456603831744,0.5034003891654265,7
Jain,KM-random,2,1.0,373,2,322.44226615057687,0.5293907378981823,0.49500456603831744,0.5034003891654265,6
Jain,KM-random,3,1.0,373,2,322.33891501178385,0.552751161834573,0.5108315717226247,0.5044779516212523,5
Jain,KM-random,4,1.0,373,2,322.33891501178385,0.552751161834573,0.5108315717226246,0.5044779516212523,8
Jain,KM-random,5,1.0,373,2,322.33891501178385,0.552751161834573,0.5108315717226247,0.5044779516212523,10
Jain,KM-random,6,1.0,373,2,322.44226615057687,0.5293907378981823,0.49500456603831744,0.5034003891654265,6
Jain,KM-random,7,1.0,373,2,322.33891501178385,0.552751161834573,0.5108315717226247,0.5044779516212523,9
Jain,KM-random,8,1.0,373,2,322.44226615057687,0.5293907378981823,0.49500456603831744,0.5034003891654265,6
Jain,KM-random,9,1.0,373,2,322.44226615057687,0.5293907378981823,0.49500456603831744,0.5034003891654265,8
Jain,KM-random,10,1.0,373,2,322.33891501178385,0.552751161834573,0.5108315717226247,0.5044779516212523,7
Jain,KM-random,11,1.0,373,2,322.33891501178385,0.552751161834573,0.5108315717226246,0.5044779516212523,9
Jain,KM-random,12,1.0,373,2,322.44226615057687,0.5293907378981823,0.49500456603831744,0.5034003891654265,5
Jain,KM-random,13,1.0,373,2,322.33891501178385,0.552751161834573,0.5108315717226247,0.5044779516212523,5
Jain,KM-random,14,1.0,373,2,322.33891501178385,0.552751161834573,0.5108315717226247,0.5044779516212523,7
Jain,KM-random,15,1.0,373,2,322.33891501178385,0.552751161834573,0.5108315717226247,0.5044779516212523,7
Jain,KM-random,16,1.0,373,2,322.44226615057687,0.5293907378981823,0.49500456603831744,0.5034003891654265,6
Jain,KM-random,17,1.0,373,2,322.33891501178385,0.552751161834573,0.5108315717226247,0.5044779516212523,6
Jain,KM-random,18,1.0,373,2,322.44226615057687,0.5293907378981823,0.49500456603831744,0.5034003891654265,8
Jain,KM-random,19,1.0,373,2,322.44226615057687,0.5293907378981823,0.49500456603831744,0.5034003891654265,6
Jain,KM-random,20,1.0,373,2,322.44226615057687,0.5293907378981823,0.49500456603831744,0.5034003891654265,7
Jain,KM-random,21,1.0,373,2,322.44226615057687,0.5293907378981823,0.49500456603831744,0.5034003891654265,7
Jain,KM-random,22,1.0,373,2,322.44226615057687,0.5293907378981823,0.49500456603831744,0.5034003891654265,7
Jain,KM-random,23,1.0,373,2,322.33891501178385,0.552751161834573,0.5108315717226246,0.5044779516212523,7
Jain,KM-random,24,1.0,373,2,322.33891501178385,0.552751161834573,0.5108315717226246,0.5044779516212523,5
Jain,KM-random,25,1.0,373,2,322.33891501178385,0.552751161834573,0.5108315717226246,0.5044779516212523,7
Jain,KM-random,26,1.0,373,2,322.44226615057687,0.5293907378981823,0.49500456603831744,0.5034003891654265,8
Jain,KM-random,27,1.0,373,2,322.33891501178385,0.552751161834573,0.5108315717226246,0.5044779516212523,7
Jain,KM-random,28,1.0,373,2,322.44226615057687,0.5293907378981823,0.49500456603831744,0.5034003891654265,11
Jain,KM-random,29,1.0,373,2,322.44226615057687,0.5293907378981823,0.49500456603831744,0.5034003891654265,4
Jain,KM-random,30,1.0,373,2,322.33891501178385,0.552751161834573,0.5108315717226247,0.5044779516212523,9
Jain,KM-random,31,1.0,373,2,322.33891501178385,0.552751161834573,0.5108315717226247,0.5044779516212523,9
Jain,KM-random,32,1.0,373,2,322.44226615057687,0.5293907378981823,0.49500456603831744,0.5034003891654265,5
Jain,KM-random,33,1.0,373,2,322.44226615057687,0.5293907378981823,0.49500456603831744,0.5034003891654265,8
Jain,KM-random,34,1.0,373,2,322.33891501178385,0.552751161834573,0.5108315717226246,0.5044779516212523,7
Jain,KM-random,35,1.0,373,2,322.33891501178385,0.552751161834573,0.5108315717226247,0.5044779516212523,9
Jain,KM-random,36,1.0,373,2,322.33891501178385,0.552751161834573,0.5108315717226247,0.5044779516212523,8
Jain,KM-random,37,1.0,373,2,322.33891501178385,0.552751161834573,0.5108315717226247,0.5044779516212523,4
Jain,KM-random,38,1.0,373,2,322.33891501178385,0.552751161834573,0.5108315717226246,0.5044779516212523,6
Jain,KM-random,39,1.0,373,2,322.44226615057687,0.5293907378981823,0.49500456603831744,0.5034003891654265,11
Jain,KM-random,40,1.0,373,2,322.44226615057687,0.5293907378981823,0.49500456603831744,0.5034003891654265,8
Jain,KM-random,41,1.0,373,2,322.33891501178385,0.552751161834573,0.5108315717226246,0.5044779516212523,9
Jain,KM-random,42,1.0,373,2,322.33891501178385,0.552751161834573,0.5108315717226247,0.5044779516212523,7
Jain,KM-random,43,1.0,373,2,322.44226615057687,0.5293907378981823,0.49500456603831744,0.5034003891654265,7
Jain,KM-random,44,1.0,373,2,322.33891501178385,0.552751161834573,0.5108315717226246,0.5044779516212523,4
Jain,KM-random,45,1.0,373,2,322.33891501178385,0.552751161834573,0.5108315717226247,0.5044779516212523,10
Jain,KM-random,46,1.0,373,2,322.33891501178385,0.552751161834573,0.5108315717226247,0.5044779516212523,10
Jain,KM-random,47,1.0,373,2,322.33891501178385,0.552751161834573,0.5108315717226247,0.5044779516212523,7
Jain,KM-random,48,1.0,373,2,322.33891501178385,0.552751161834573,0.5108315717226246,0.5044779516212523,8
Jain,KM-random,49,1.0,373,2,322.33891501178385,0.552751161834573,0.5108315717226247,0.5044779516212523,8
Spiral,CCKM,-1,0.9999999999999999,1000,3,781.0176991333017,0.0467637473481273,0.04094771620217323,0.3830101293949082,17
Spiral,Maxmin,-1,0.9999999999999999,1000,3,784.4401315972568,0.03719106352830252,0.03240890328125168,0.3792315818601263,6
Spiral,KM++,0,0.9999999999999999,1000,3,784.6749708082571,0.03789998266515322,0.03307683040641822,0.37928914405036623,7
Spiral,KM++,1,0.9999999999999999,1000,3,781.0176991333017,0.0467637473481273,0.04094771620217323,0.3830101293949082,12
Spiral,KM++,2,0.9999999999999999,1000,3,784.4401315972568,0.03719106352830252,0.03240890328125168,0.3792315818601263,7
Spiral,KM++,3,0.9999999999999999,1000,3,781.0176991333035,0.0467637473481273,0.04094771620217323,0.3830101293949081,21
Spiral,KM++,4,0.9999999999999999,1000,3,786.926477226913,0.04097611879160036,0.0358814400650655,0.37974695268261904,8
Spiral,KM++,5,0.9999999999999999,1000,3,780.5620021082184,0.046683778030695885,0.04087315619623953,0.38345034025104857,7
Spiral,KM++,6,0.9999999999999999,1000,3,780.5484211210139,0.04719648514005531,0.0412430874354946,0.3833726269074107,8
Spiral,KM++,7,0.9999999999999999,1000,3,781.0176991333017,0.0467637473481273,0.04094771620217323,0.3830101293949082,16
Spiral,KM++,8,0.9999999999999999,1000,3,781.0176991333017,0.0467637473481273,0.04094771620217323,0.3830101293949082,25
Spiral,KM++,9,0.9999999999999999,1000,3,781.2972542411264,0.046715690842619666,0.04103492498135724,0.38292580175971935,14
Spiral,KM++,10,0.9999999999999999,1000,3,785.5878194162118,0.03634590860008387,0.03173707759841836,0.37886711608103374,6
Spiral,KM++,11,0.9999999999999999,1000,3,786.7492456709422,0.03738331238933253,0.03271859667567687,0.3785446872467171,5
Spiral,KM++,12,0.9999999999999999,1000,3,781.0176991333017,0.0467637473481273,0.04094771620217323,0.3830101293949082,8
Spiral,KM++,13,0.9999999999999999,1000,3,781.7512385518538,0.04142071597429126,0.036124114384781504,0.38100802599897987,7
Spiral,KM++,14,0.9999999999999999,1000,3,787.0181052064983,0.037130987207544236,0.0324685074299992,0.37861423319597554,6
Spiral,KM++,15,0.9999999999999999,1000,3,782.1871167363893,0.03982254851884728,0.03476604639195809,0.380530461993887,20
Spiral,KM++,16,0.9999999999999999,1000,3,786.6869541673146,0.03746343473489964,0.0326684979414335,0.3786790415996727,10
Spiral,KM++,17,0.9999999999999999,1000,3,787.3298956180789,0.03779183447804893,0.03299101414269514,0.37884988076784143,6
Spiral,KM++,18,0.9999999999999999,1000,3,780.654752802085,0.045682365200887545,0.040033502001848395,0.38337734001833906,7
Spiral,KM++,19,0.9999999999999999,1000,3,780.6235151357502,0.047224824337004936,0.04122841894362641,0.3835595850369312,7
Spiral,KM++,20,0.9999999999999999,1000,3,781.2972542411262,0.046715690842619666,0.04103492498135724,0.38292580175971946,10
Spiral,KM++,21,0.9999999999999999,1000,3,783.4139062583297,0.03935395775614746,0.03430156703463815,0.3798819369080786,7
Spiral,KM++,22,0.9999999999999999,1000,3,787.3631871698306,0.04005090324806924,0.034983954529528835,0.37919204223938097,9
Spiral,KM++,23,0.9999999999999999,1000,3,786.1275410288226,0.0364459997427678,0.03192718277644801,0.37872332330905095,8
Spiral,KM++,24,0.9999999999999999,1000,3,781.0176991333017,0.0467637473481273,0.04094771620217323,0.3830101293949082,14
Spiral,KM++,25,0.9999999999999999,1000,3,780.7940031323785,0.04683587414514286,0.04112225033390573,0.3832213606704173,7
Spiral,KM++,26,0.9999999999999999,1000,3,786.1275410288218,0.0364459997427678,0.03192718277644801,0.37872332330905084,7
Spiral,KM++,27,0.9999999999999999,1000,3,787.1385757792567,0.03663824861169765,0.032166408011929264,0.3787161817034069,7
Spiral,KM++,28,0.9999999999999999,1000,3,781.0176991333035,0.0467637473481273,0.04094771620217323,0.3830101293949081,5
Spiral,KM++,29,0.9999999999999999,1000,3,781.5319681746865,0.04164503068533539,0.036357179756366056,0.3812233918097708,9
Spiral,KM++,30,0.9999999999999999,1000,3,783.8081924564497,0.03755154461575308,0.032732843815948126,0.37957855225407205,6
Spiral,KM++,31,0.9999999999999999,1000,3,781.0176991333017,0.0467637473481273,0.04094771620217323,0.3830101293949082,14
Spiral,KM++,32,0.9999999999999999,1000,3,781.0176991333035,0.0467637473481273,0.04094771620217323,0.3830101293949081,16
Spiral,KM++,33,0.9999999999999999,1000,3,781.0176991333035,0.0467637473481273,0.04094771620217323,0.3830101293949081,20
Spiral,KM++,34,0.9999999999999999,1000,3,781.338728680399,0.04187732534806722,0.036526053480053645,0.3813001442535731,8
Spiral,KM++,35,0.9999999999999999,1000,3,781.0176991333035,0.0467637473481273,0.04094771620217323,0.3830101293949081,15
Spiral,KM++,36,0.9999999999999999,1000,3,781.0176991333017,0.0467637473481273,0.04094771620217323,0.3830101293949082,15
Spiral,KM++,37,0.9999999999999999,1000,3,787.1874915242987,0.03750346503479938,0.03278148040893507,0.3787281266697799,5
Spiral,KM++,38,0.9999999999999999,1000,3,781.1538821144013,0.04318711548686009,0.0376387504461743,0.3816879659244275,6
Spiral,KM++,39,0.9999999999999999,1000,3,781.9931072967802,0.04020706168958609,0.03510280628805806,0.3806781479522331,6
Spiral,KM++,40,0.9999999999999999,1000,3,786.8828286758597,0.03702282357715705,0.0323550565136299,0.3786741729687015,8
Spiral,KM++,41,0.9999999999999999,1000,3,781.1363362636407,0.04318716152128312,0.0377206256265825,0.38196585567793584,7
Spiral,KM++,42,0.9999999999999999,1000,3,785.8737510629006,0.03638191421148497,0.03186947322791724,0.3787626090447766,10
Spiral,KM++,43,0.9999999999999999,1000,3,781.2972542411264,0.046715690842619666,0.04103492498135724,0.38292580175971935,13
Spiral,KM++,44,0.9999999999999999,1000,3,781.0176991333017,0.0467637473481273,0.04094771620217323,0.3830101293949082,12
Spiral,KM++,45,0.9999999999999999,1000,3,786.3048854618235,0.03714299938330912,0.03237428751232759,0.3787655716033134,6
Spiral,KM++,46,0.9999999999999999,1000,3,784.4401315972568,0.03719106352830252,0.03240890328125167,0.3792315818601263,7
Spiral,KM++,47,0.9999999999999999,1000,3,781.0176991333017,0.0467637473481273,0.04094771620217323,0.3830101293949082,15
Spiral,KM++,48,0.9999999999999999,1000,3,787.2674609979684,0.03764367141875172,0.03292754864843741,0.37869649902800256,5
Spiral,KM++,49,0.9999999999999999,1000,3,787.4717229737328,0.0382845112593268,0.03361701142035711,0.37884367077279674,7
Spiral,KM++greedy,0,0.9999999999999999,1000,3,781.0176991333035,0.0467637473481273,0.04094771620217323,0.3830101293949081,25
Spiral,KM++greedy,1,0.9999999999999999,1000,3,784.1414363792056,0.03731122389078604,0.03251210870418075,0.37934596757581135,8
Spiral,KM++greedy,2,0.9999999999999999,1000,3,786.933108855076,0.037551536898158405,0.032872633392886326,0.3785533959858722,6
Spiral,KM++greedy,3,0.9999999999999999,1000,3,786.5168067831404,0.03731123161030765,0.03253266440420837,0.37869274849373674,7
Spiral,KM++greedy,4,0.9999999999999999,1000,3,787.044613084216,0.0378639692732996,0.03302379350288024,0.37868687291079794,7
Spiral,KM++greedy,5,0.9999999999999999,1000,3,786.3850751557453,0.0424380967370593,0.03722114209577536,0.3801761217373106,7
Spiral,KM++greedy,6,0.9999999999999999,1000,3,787.1385757792569,0.03663824861169765,0.032166408011929264,0.378716181703407,6
Spiral,KM++greedy,7,0.9999999999999999,1000,3,784.1009737043072,0.0374634270165985,0.032643167973279305,0.3794220419126707,5
Spiral,KM++greedy,8,0.9999999999999999,1000,3,784.1009737043072,0.0374634270165985,0.032643167973279305,0.3794220419126707,9
Spiral,KM++greedy,9,0.9999999999999999,1000,3,781.0176991333017,0.0467637473481273,0.04094771620217323,0.3830101293949082,11
Spiral,KM++greedy,10,0.9999999999999999,1000,3,783.5027952616576,0.03775181188655895,0.03290809517427651,0.37972150505931096,6
Spiral,KM++greedy,11,0.9999999999999999,1000,3,787.2746904246857,0.038392636309737146,0.0336078171976519,0.378707112467932,6
Spiral,KM++greedy,12,0.9999999999999999,1000,3,781.2972542411262,0.046715690842619666,0.04103492498135724,0.38292580175971946,11
Spiral,KM++greedy,13,0.9999999999999999,1000,3,781.9362998288409,0.03942599235254826,0.034462725722069015,0.380665638231345,12
Spiral,KM++greedy,14,0.9999999999999999,1000,3,787.4244020349753,0.03808024249732543,0.033396111741600565,0.3789619030845869,6
Spiral,KM++greedy,15,0.9999999999999999,1000,3,781.0176991333017,0.0467637473481273,0.04094771620217323,0.3830101293949082,10
Spiral,KM++greedy,16,0.9999999999999999,1000,3,783.1168362203903,0.03886126559200025,0.03392346279011693,0.37998589961865503,8
Spiral,KM++greedy,17,0.9999999999999999,1000,3,784.4470249481211,0.03719106352830252,0.03240890328125167,0.3792315818601263,7
Spiral,KM++greedy,18,0.9999999999999999,1000,3,786.0294939222176,0.04341136879483591,0.038032819202419424,0.3804320076383998,8
Spiral,KM++greedy,19,0.9999999999999999,1000,3,780.9628399959748,0.0437158670632164,0.03819340808834269,0.38220694245193537,6
Spiral,KM++greedy,20,0.9999999999999999,1000,3,787.4544134776476,0.04001086519061929,0.03483830481980144,0.378928830365014,7
Spiral,KM++greedy,21,0.9999999999999999,1000,3,784.4470249481211,0.03719106352830252,0.03240890328125167,0.3792315818601263,7
Spiral,KM++greedy,22,0.9999999999999999,1000,3,787.1385757792567,0.03663824861169765,0.032166408011929264,0.3787161817034069,5
Spiral,KM++greedy,23,0.9999999999999999,1000,3,781.0176991333017,0.0467637473481273,0.04094771620217323,0.3830101293949082,21
Spiral,KM++greedy,24,0.9999999999999999,1000,3,780.5504387079363,0.046151193318478834,0.04047806859215387,0.3835088347709271,5
Spiral,KM++greedy,25,0.9999999999999999,1000,3,781.0176991333035,0.0467637473481273,0.04094771620217323,0.3830101293949081,10
Spiral,KM++greedy,26,0.9999999999999999,1000,3,781.2972542411264,0.046715690842619666,0.04103492498135724,0.38292580175971935,13
Spiral,KM++greedy,27,0.9999999999999999,1000,3,781.5074552476037,0.04130854324113446,0.03610408102902671,0.38124568857101687,6
Spiral,KM++greedy,28,0.9999999999999999,1000,3,784.3285022357868,0.038028153722066166,0.03319046930139066,0.3794014111975509,7
Spiral,KM++greedy,29,0.9999999999999999,1000,3,781.1578291136748,0.04318711548686009,0.0376387504461743,0.3816879659244276,7
Spiral,KM++greedy,30,0.9999999999999999,1000,3,787.265555482996,0.04050751261452235,0.03538784765870126,0.37934035147691597,13
Spiral,KM++greedy,31,0.9999999999999999,1000,3,784.4401315972572,0.03719106352830252,0.03240890328125167,0.3792315818601263,6
Spiral,KM++greedy,32,0.9999999999999999,1000,3,780.6830157895326,0.045177791196018065,0.03944914103476361,0.382618775055344,7
Spiral,KM++greedy,33,0.9999999999999999,1000,3,780.8075170992203,0.04427673798393041,0.03865682257255931,0.38277237739461734,7
Spiral,KM++greedy,34,0.9999999999999999,1000,3,782.4470567720931,0.0394700781123367,0.03445725324875287,0.3803558585157082,9
Spiral,KM++greedy,35,0.9999999999999999,1000,3,781.0176991333017,0.0467637473481273,0.04094771620217323,0.3830101293949082,19
Spiral,KM++greedy,36,0.9999999999999999,1000,3,785.2827360169936,0.037046871093322296,0.032286022119389954,0.3789846784866206,9
Spiral,KM++greedy,37,0.9999999999999999,1000,3,780.8740219924878,0.044833385129512744,0.03910143600488233,0.38242477753194387,6
Spiral,KM++greedy,38,0.9999999999999999,1000,3,780.8015637128293,0.046835851215702023,0.04100154619943691,0.3831013551054225,5
Spiral,KM++greedy,39,0.9999999999999999,1000,3,784.9970198823888,0.03644603837506732,0.03182372186521085,0.37908960110610246,6
Spiral,KM++greedy,40,0.9999999999999999,1000,3,783.222334553627,0.03798412192069375,0.03311123592220659,0.37987269993322786,7
Spiral,KM++greedy,41,0.9999999999999999,1000,3,780.5265228515307,0.04719648514005531,0.0412430874354946,0.3833726269074107,5
Spiral,KM++greedy,42,0.9999999999999999,1000,3,786.6882284569027,0.04153686714760855,0.03637694928404651,0.37994386478218123,7
Spiral,KM++greedy,43,0.9999999999999999,1000,3,784.4401315972568,0.03719106352830252,0.03240890328125167,0.3792315818601263,6
Spiral,KM++greedy,44,0.9999999999999999,1000,3,780.6152631103864,0.04615099445392354,0.04028983012683881,0.3826721175632803,6
Spiral,KM++greedy,45,0.9999999999999999,1000,3,784.1009737043072,0.0374634270165985,0.032643167973279305,0.3794220419126707,8
Spiral,KM++greedy,46,0.9999999999999999,1000,3,781.0176991333035,0.0467637473481273,0.04094771620217323,0.3830101293949081,7
Spiral,KM++greedy,47,0.9999999999999999,1000,3,780.6213857243856,0.04581864641634735,0.04001862780433068,0.38287005866220614,7
Spiral,KM++greedy,48,0.9999999999999999,1000,3,787.3300031317877,0.03779183447804893,0.03299101414269514,0.3788498807678416,6
Spiral,KM++greedy,49,0.9999999999999999,1000,3,780.7057812807772,0.046932048295549686,0.04105676927457459,0.3833235593985693,5
Spiral,BF-refine,0,0.9999999999999999,1000,3,780.6009304533776,0.045818562252011634,0.040049537031647896,0.3827616496393824,5
Spiral,BF-refine,1,0.9999999999999999,1000,3,780.6761476873369,0.045494117787244735,0.03971323845230738,0.3824325246659398,4
Spiral,BF-refine,2,0.9999999999999999,1000,3,781.0176991333035,0.0467637473481273,0.04094771620217323,0.3830101293949081,10
Spiral,BF-refine,3,0.9999999999999999,1000,3,784.1414363792056,0.03731122389078604,0.03251210870418075,0.37934596757581135,5
Spiral,BF-refine,4,0.9999999999999999,1000,3,781.9362998288407,0.03942599235254826,0.034462725722069015,0.3806656382313449,10
Spiral,BF-refine,5,0.9999999999999999,1000,3,781.2870549380326,0.04262233494335786,0.03722236916245939,0.3816171222142809,4
Spiral,BF-refine,6,0.9999999999999999,1000,3,787.259560625723,0.04019504180480181,0.035078899181518616,0.37948573442259514,3
Spiral,BF-refine,7,0.9999999999999999,1000,3,787.370178926663,0.03854495508486635,0.033533044946941856,0.37875909447849426,4
Spiral,BF-refine,8,0.9999999999999999,1000,3,786.8559089190012,0.036922709246741195,0.0322807656324693,0.37859438241421106,5
Spiral,BF-refine,9,0.9999999999999999,1000,3,786.916652069527,0.04044339631178409,0.035488457278269735,0.37973416218421885,4
Spiral,BF-refine,10,0.9999999999999999,1000,3,787.2674609979689,0.03764367141875172,0.03292754864843741,0.37869649902800245,3
Spiral,BF-refine,11,0.9999999999999999,1000,3,782.5197875428939,0.0394700781123367,0.03445725324875287,0.3803193306402629,5
Spiral,BF-refine,12,0.9999999999999999,1000,3,781.0176991333017,0.0467637473481273,0.04094771620217323,0.3830101293949082,9
Spiral,BF-refine,13,0.9999999999999999,1000,3,781.0176991333017,0.0467637473481273,0.04094771620217323,0.3830101293949082,11
Spiral,BF-refine,14,0.9999999999999999,1000,3,781.0176991333017,0.0467637473481273,0.04094771620217323,0.3830101293949082,8
Spiral,BF-refine,15,0.9999999999999999,1000,3,781.0176991333035,0.0467637473481273,0.04094771620217323,0.3830101293949081,3
Spiral,BF-refine,16,0.9999999999999999,1000,3,781.0176991333035,0.0467637473481273,0.04094771620217323,0.3830101293949081,12
Spiral,BF-refine,17,0.9999999999999999,1000,3,781.0176991333017,0.0467637473481273,0.04094771620217323,0.3830101293949082,14
Spiral,BF-refine,18,0.9999999999999999,1000,3,784.4393876351571,0.03590128818851997,0.03141152642311067,0.3792580370301318,2
Spiral,BF-refine,19,0.9999999999999999,1000,3,786.6790035823727,0.04101215536543346,0.03599107403199507,0.37993234477649035,4
Spiral,BF-refine,20,0.9999999999999999,1000,3,782.2322988879918,0.03982254851884728,0.03476604639195809,0.3804961604184437,3
Spiral,BF-refine,21,0.9999999999999999,1000,3,784.7447074893829,0.037102945929147944,0.03233354315106704,0.3791248887870729,5
Spiral,BF-refine,22,0.9999999999999999,1000,3,785.3072632894334,0.036361929982197984,0.03174861523163467,0.37893978113300797,4
Spiral,BF-refine,23,0.9999999999999999,1000,3,781.0176991333017,0.0467637473481273,0.04094771620217323,0.3830101293949082,22
Spiral,BF-refine,24,0.9999999999999999,1000,3,781.7439153245089,0.040050833970089066,0.035039957304961636,0.3808909558537763,8
Spiral,BF-refine,25,0.9999999999999999,1000,3,786.926477226913,0.04097611879160036,0.0358814400650655,0.37974695268261904,5
Spiral,BF-refine,26,0.9999999999999999,1000,3,781.0176991333017,0.0467637473481273,0.04094771620217323,0.3830101293949082,11
Spiral,BF-refine,27,0.9999999999999999,1000,3,780.5710485144215,0.04649146029271089,0.04064290332639043,0.38300311268161125,3
Spiral,BF-refine,28,0.9999999999999999,1000,3,782.2532899963345,0.03982254851884728,0.03476604639195809,0.3804961604184437,3
Spiral,BF-refine,29,0.9999999999999999,1000,3,780.6781150797467,0.04549424024971927,0.03978186679393378,0.38290390243835115,4
Spiral,BF-refine,30,0.9999999999999999,1000,3,787.1560541098497,0.03737130793154774,0.032684095336011444,0.37864772096276733,4
Spiral,BF-refine,31,0.9999999999999999,1000,3,781.0176991333035,0.0467637473481273,0.04094771620217323,0.3830101293949081,19
Spiral,BF-refine,32,0.9999999999999999,1000,3,781.3228267468844,0.04269045268114841,0.03719936325630972,0.3814666240690102,5
Spiral,BF-refine,33,0.9999999999999999,1000,3,781.0176991333035,0.0467637473481273,0.04094771620217323,0.3830101293949081,4
Spiral,BF-refine,34,0.9999999999999999,1000,3,781.0176991333017,0.0467637473481273,0.04094771620217323,0.3830101293949082,23
Spiral,BF-refine,35,0.9999999999999999,1000,3,780.7931823625056,0.04456897873670525,0.038908079825251546,0.3823695519628446,4
Spiral,BF-refine,36,0.9999999999999999,1000,3,785.3072632894338,0.036361929982197984,0.03174861523163467,0.37893978113300814,4
Spiral,BF-refine,37,0.9999999999999999,1000,3,783.5314008755406,0.03775181188655895,0.03290809517427651,0.37972150505931107,3
Spiral,BF-refine,38,0.9999999999999999,1000,3,786.0294939222163,0.04341136879483591,0.038032819202419424,0.3804320076383999,7
Spiral,BF-refine,39,0.9999999999999999,1000,3,780.667684338724,0.04411228507738137,0.038572624027523345,0.3825924707696498,4
Spiral,BF-refine,40,0.9999999999999999,1000,3,781.1538821144028,0.04318711548686009,0.0376387504461743,0.3816879659244276,4
Spiral,BF-refine,41,0.9999999999999999,1000,3,781.0176991333035,0.0467637473481273,0.04094771620217323,0.3830101293949081,18
Spiral,BF-refine,42,0.9999999999999999,1000,3,780.6551353534186,0.04693199479892028,0.0410723141624155,0.3831583720933246,5
Spiral,BF-refine,43,0.9999999999999999,1000,3,786.3322730537627,0.036542182119514724,0.0319241289396566,0.3786924927986049,3
Spiral,BF-refine,44,0.9999999999999999,1000,3,781.0176991333035,0.0467637473481273,0.04094771620217323,0.3830101293949081,18
Spiral,BF-refine,45,0.9999999999999999,1000,3,786.6882284569042,0.04153686714760855,0.03637694928404651,0.3799438647821811,6
Spiral,BF-refine,46,0.9999999999999999,1000,3,781.0176991333035,0.0467637473481273,0.04094771620217323,0.3830101293949081,15
Spiral,BF-refine,47,0.9999999999999999,1000,3,787.3500308101205,0.03794807766915616,0.03319888905329263,0.3787594190852493,2
Spiral,BF-refine,48,0.9999999999999999,1000,3,783.5314008755406,0.03775181188655895,0.03290809517427651,0.37972150505931107,3
Spiral,BF-refine,49,0.9999999999999999,1000,3,782.1871167363907,0.03982254851884728,0.03476604639195809,0.3805304619938871,15
Spiral,KM-random,0,0.9999999999999999,1000,3,785.5878194162118,0.03634590860008387,0.03173707759841836,0.37886711608103374,9
Spiral,KM-random,1,0.9999999999999999,1000,3,786.6882284569027,0.04153686714760855,0.03637694928404651,0.37994386478218123,8
Spiral,KM-random,2,0.9999999999999999,1000,3,780.6009304533776,0.045818562252011634,0.040049537031647896,0.3827616496393824,6
Spiral,KM-random,3,0.9999999999999999,1000,3,782.4470567720945,0.0394700781123367,0.03445725324875287,0.3803558585157081,10
Spiral,KM-random,4,0.9999999999999999,1000,3,782.2677928273368,0.04041939501748754,0.035270286528017454,0.3806241116753213,7
Spiral,KM-random,5,0.9999999999999999,1000,3,781.0176991333017,0.0467637473481273,0.04094771620217323,0.3830101293949082,25
Spiral,KM-random,6,0.9999999999999999,1000,3,787.2559102662381,0.038248474718157496,0.033342283488218674,0.3787378810177579,10
Spiral,KM-random,7,0.9999999999999999,1000,3,781.3228267468844,0.04269045268114841,0.03719936325630972,0.3814666240690102,8
Spiral,KM-random,8,0.9999999999999999,1000,3,787.3701789266628,0.03854495508486635,0.033533044946941856,0.37875909447849415,7
Spiral,KM-random,9,0.9999999999999999,1000,3,784.9970198823888,0.03644603837506732,0.03182372186521085,0.37908960110610246,7
Spiral,KM-random,10,0.9999999999999999,1000,3,781.0176991333035,0.0467637473481273,0.04094771620217323,0.3830101293949081,16
Spiral,KM-random,11,0.9999999999999999,1000,3,781.322826746886,0.04269045268114841,0.03719936325630972,0.3814666240690101,8
Spiral,KM-random,12,0.9999999999999999,1000,3,787.3631871698307,0.04005090324806924,0.034983954529528835,0.37919204223938086,8
Spiral,KM-random,13,0.9999999999999999,1000,3,784.1009737043072,0.0374634270165985,0.032643167973279305,0.3794220419126707,6
Spiral,KM-random,14,0.9999999999999999,1000,3,786.4080596395592,0.03724709204391259,0.032573021482577846,0.3786580502494861,9
Spiral,KM-random,15,0.9999999999999999,1000,3,780.5191932118623,0.04719648514005531,0.0412430874354946,0.38337262690741064,7
Spiral,KM-random,16,0.9999999999999999,1000,3,781.0176991333017,0.0467637473481273,0.04094771620217323,0.3830101293949082,20
Spiral,KM-random,17,0.9999999999999999,1000,3,780.5152045802735,0.04684003617464035,0.04098308895758111,0.3834598760215565,7
Spiral,KM-random,18,0.9999999999999999,1000,3,780.562002108217,0.046683778030695885,0.04087315619623953,0.3834503402510486,7
Spiral,KM-random,19,0.9999999999999999,1000,3,780.5928240269421,0.04549424024971927,0.03978186679393378,0.38295489501307733,6
Spiral,KM-random,20,0.9999999999999999,1000,3,783.5220866467095,0.03775181188655895,0.03290809517427651,0.37972150505931096,9
Spiral,KM-random,21,0.9999999999999999,1000,3,781.0176991333017,0.0467637473481273,0.04094771620217323,0.3830101293949082,26
Spiral,KM-random,22,0.9999999999999999,1000,3,787.4264665021926,0.0388733933800178,0.033823339159831,0.3788286818367808,6
Spiral,KM-random,23,0.9999999999999999,1000,3,780.5815470555991,0.046179089235721144,0.040508582681894216,0.3834454348702487,5
Spiral,KM-random,24,0.9999999999999999,1000,3,781.0176991333017,0.0467637473481273,0.04094771620217323,0.3830101293949082,24
Spiral,KM-random,25,0.9999999999999999,1000,3,780.7940031323797,0.04683587414514286,0.04112225033390573,0.3832213606704172,8
Spiral,KM-random,26,0.9999999999999999,1000,3,781.0176991333035,0.0467637473481273,0.04094771620217323,0.3830101293949081,13
Spiral,KM-random,27,0.9999999999999999,1000,3,782.1871167363907,0.03982254851884728,0.03476604639195809,0.3805304619938871,15
Spiral,KM-random,28,0.9999999999999999,1000,3,782.1871167363893,0.03982254851884728,0.03476604639195809,0.380530461993887,21
Spiral,KM-random,29,0.9999999999999999,1000,3,784.7238485889757,0.03649010103911092,0.03185501851866418,0.3791145138720619,11
Spiral,KM-random,30,0.9999999999999999,1000,3,785.9528428759256,0.04307899034943966,0.03766358695229633,0.38040765379060726,8
Spiral,KM-random,31,0.9999999999999999,1000,3,785.5575496708066,0.03702283902082559,0.0322663363477954,0.3789148723384361,7
Spiral,KM-random,32,0.9999999999999999,1000,3,780.5806526058537,0.04756095245328877,0.04150809884598052,0.3833525037770793,6
Spiral,KM-random,33,0.9999999999999999,1000,3,780.9628399959735,0.0437158670632164,0.03819340808834269,0.3822069424519353,8
Spiral,KM-random,34,0.9999999999999999,1000,3,781.0176991333017,0.0467637473481273,0.04094771620217323,0.3830101293949082,14
Spiral,KM-random,35,0.9999999999999999,1000,3,784.7266586063512,0.03584521334954679,0.031354893133276024,0.37913708415448516,5
Spiral,KM-random,36,0.9999999999999999,1000,3,781.0176991333035,0.0467637473481273,0.04094771620217323,0.3830101293949081,7
Spiral,KM-random,37,0.9999999999999999,1000,3,781.0176991333017,0.0467637473481273,0.04094771620217323,0.3830101293949082,11
Spiral,KM-random,38,0.9999999999999999,1000,3,782.2553787672276,0.04060362551595534,0.035404510385650546,0.3806157944405411,5
Spiral,KM-random,39,0.9999999999999999,1000,3,781.2972542411264,0.046715690842619666,0.04103492498135724,0.38292580175971935,8
Spiral,KM-random,40,0.9999999999999999,1000,3,787.169510603265,0.04099616474353359,0.03581985656017376,0.379507818931325,6
Spiral,KM-random,41,0.9999999999999999,1000,3,787.4096718886432,0.0384887877330454,0.033758609737112165,0.37908144814038836,7
Spiral,KM-random,42,0.9999999999999999,1000,3,786.4000222898112,0.04295880697292354,0.03760168555412201,0.38018202435559967,11
Spiral,KM-random,43,0.9999999999999999,1000,3,782.1871167363907,0.03982254851884728,0.03476604639195809,0.3805304619938871,13
Spiral,KM-random,44,0.9999999999999999,1000,3,784.4401315972572,0.03719106352830252,0.03240890328125167,0.3792315818601263,8
Spiral,KM-random,45,0.9999999999999999,1000,3,781.5329372904583,0.04222583263709555,0.03678819112224143,0.38124924392861154,9
Spiral,KM-random,46,0.9999999999999999,1000,3,783.222334553627,0.03798412192069375,0.0331112359222066,0.37987269993322786,11
Spiral,KM-random,47,0.9999999999999999,1000,3,784.7238485889764,0.03649010103911092,0.03185501851866418,0.3791145138720618,9
Spiral,KM-random,48,0.9999999999999999,1000,3,786.1275410288226,0.0364459997427678,0.031927182776448015,0.37872332330905095,10
Spiral,KM-random,49,0.9999999999999999,1000,3,785.5575496708062,0.03702283902082559,0.0322663363477954,0.37891487233843624,10
Compound,CCKM,-1,1.0,399,6,89.93257710096317,0.42239656487133165,0.6210847937081357,0.422219123282457,13
Compound,Maxmin,-1,1.0,399,6,98.46310421879754,0.7705470035034677,0.7913530939232936,0.4852226849930027,9
Compound,KM++,0,1.0,399,6,85.31814359092031,0.592402865226286,0.7360078050321017,0.43228521865246133,7
Compound,KM++,1,1.0,399,6,85.40148304299433,0.5932944415618493,0.7386763765306237,0.4335734194355713,5
Compound,KM++,2,1.0,399,6,91.63716231088874,0.4580409739310319,0.6654729390166684,0.43293016054417965,9
Compound,KM++,3,1.0,399,6,107.03850187422776,0.7569187325181908,0.7649998018618588,0.46894268129602235,15
Compound,KM++,4,1.0,399,6,85.31814359092031,0.592402865226286,0.7360078050321016,0.43228521865246133,9
Compound,KM++,5,1.0,399,6,86.69988642821109,0.49908731282676644,0.6843474320054618,0.4132233828036829,17
Compound,KM++,6,1.0,399,6,85.23549121747878,0.5601653475845829,0.7165110543738967,0.4187550873367338,9
Compound,KM++,7,1.0,399,6,89.89985308825783,0.43689509406849336,0.637868646855114,0.42927492459236527,10
Compound,KM++,8,1.0,399,6,89.92750246667974,0.43084476102476926,0.6353645831376878,0.4264306916944545,19
Compound,KM++,9,1.0,399,6,86.04776236719825,0.6114652609187736,0.7670227492049757,0.4524438216471257,13
Compound,KM++,10,1.0,399,6,86.64675004417983,0.500321348186415,0.683777069494397,0.4100548776466251,17
Compound,KM++,11,1.0,399,6,87.02764104656386,0.4955794227904317,0.6723017199168521,0.42276326989939517,9
Compound,KM++,12,1.0,399,6,86.71454926129925,0.501594717345986,0.6864944748849677,0.4129858737394576,10
Compound,KM++,13,1.0,399,6,91.58938689310659,0.45567210078396825,0.6559151575382339,0.4327423112345334,6
Compound,KM++,14,1.0,399,6,85.22943159852942,0.5598905244939132,0.7185359407121356,0.41848679887575213,9
Compound,KM++,15,1.0,399,6,87.01342918861371,0.4976909595585146,0.6762094917644516,0.4186055795264949,9
Compound,KM++,16,1.0,399,6,87.00786673180717,0.49970002736541436,0.6788058054190335,0.41571059100592483,13
Compound,KM++,17,1.0,399,6,98.58718800094911,0.7702004758093938,0.7932641017522575,0.4777417119004228,14
Compound,KM++,18,1.0,399,6,89.89927956579125,0.4384312920417069,0.6388078977490868,0.4284020941937351,13
Compound,KM++,19,1.0,399,6,86.64675004417983,0.500321348186415,0.683777069494397,0.4100548776466251,10
Compound,KM++,20,1.0,399,6,98.58718800094911,0.7702004758093938,0.7932641017522575,0.4777417119004228,14
Compound,KM++,21,1.0,399,6,90.17961740393213,0.44529050150993654,0.6371402230871642,0.4309544987581772,14
Compound,KM++,22,1.0,399,6,85.20719103022283,0.5599105291709086,0.7160051215068576,0.41846490236066475,11
Compound,KM++,23,1.0,399,6,86.66964609373379,0.5007017418189483,0.683958010142846,0.4111114355708619,19
Compound,KM++,24,1.0,399,6,85.26272032662617,0.5592826548290446,0.7182790432839699,0.41758687039676373,5
Compound,KM++,25,1.0,399,6,98.58718800094911,0.7702004758093938,0.7932641017522575,0.4777417119004228,11
Compound,KM++,26,1.0,399,6,85.12408236341004,0.5812648329840271,0.7280606141062861,0.4269467455627265,10
Compound,KM++,27,1.0,399,6,86.66964609373379,0.5007017418189483,0.683958010142846,0.4111114355708619,14
Compound,KM++,28,1.0,399,6,106.38534625441056,0.7268020774234836,0.7407997307293072,0.50645175710025,11
Compound,KM++,29,1.0,399,6,86.64675004417983,0.500321348186415,0.683777069494397,0.4100548776466251,17
Compound,KM++,30,1.0,399,6,89.92750246667974,0.43084476102476926,0.6353645831376878,0.4264306916944545,6
Compound,KM++,31,1.0,399,6,95.50852242653414,0.5685257416097462,0.7248089819641974,0.46149678823231544,9
Compound,KM++,32,1.0,399,6,86.09070284881453,0.612240509802047,0.7692049860941633,0.4537700113272866,9
Compound,KM++,33,1.0,399,6,86.66964609373379,0.5007017418189483,0.6839580101428462,0.4111114355708619,24
Compound,KM++,34,1.0,399,6,85.12408236341004,0.5812648329840271,0.7280606141062862,0.4269467455627265,11
Compound,KM++,35,1.0,399,6,89.92637789150363,0.4196675537448419,0.6200016695347115,0.4219683203068453,14
Compound,KM++,36,1.0,399,6,85.20719103022283,0.5599105291709086,0.7160051215068576,0.41846490236066475,7
Compound,KM++,37,1.0,399,6,85.12408236341004,0.5812648329840271,0.7280606141062861,0.4269467455627265,8
Compound,KM++,38,1.0,399,6,91.48889168806181,0.42783219405215733,0.6317146194990195,0.42246359500879627,13
Compound,KM++,39,1.0,399,6,85.22943159852942,0.5598905244939132,0.7185359407121356,0.41848679887575213,12
Compound,KM++,40,1.0,399,6,91.58858840524015,0.4512976556637752,0.6509994180053726,0.4310890334191226,7
Compound,KM++,41,1.0,399,6,85.17323056879407,0.5818139352696038,0.7294427772635806,0.4275436660825698,6
Compound,KM++,42,1.0,399,6,90.1764009753407,0.4433729986748415,0.6336842722408512,0.43118125470232893,13
Compound,KM++,43,1.0,399,6,85.22943159852942,0.5598905244939132,0.7185359407121356,0.41848679887575213,12
Compound,KM++,44,1.0,399,6,89.89985308825783,0.43689509406849336,0.637868646855114,0.42927492459236527,8
Compound,KM++,45,1.0,399,6,86.04776236719825,0.6114652609187736,0.7670227492049757,0.4524438216471257,16
Compound,KM++,46,1.0,399,6,86.76444209932235,0.5015222307154178,0.6847946850111952,0.4168900759851048,10
Compound,KM++,47,1.0,399,6,86.94710682614136,0.4996698838736033,0.6781777774842999,0.4157378159613939,14
Compound,KM++,48,1.0,399,6,86.08900053446534,0.6123435441650527,0.7679741324604643,0.4532004584406198,13
Compound,KM++,49,1.0,399,6,86.64675004417983,0.500321348186415,0.683777069494397,0.4100548776466251,15
Compound,KM++greedy,0,1.0,399,6,85.17544592843562,0.580612399322446,0.7279508282130916,0.42583233647062196,5
Compound,KM++greedy,1,1.0,399,6,89.89927956579125,0.4384312920417069,0.638807897749087,0.4284020941937351,24
Compound,KM++greedy,2,1.0,399,6,85.21073062299844,0.5599105291709086,0.7160051215068577,0.41846490236066475,6
Compound,KM++greedy,3,1.0,399,6,85.15737109150679,0.5806701279962515,0.7278006295932061,0.42602681718983276,8
Compound,KM++greedy,4,1.0,399,6,93.65267642448808,0.5540079996835641,0.6942060642279408,0.4137007697553667,7
Compound,KM++greedy,5,1.0,399,6,85.13050138019334,0.5749844677009646,0.7242101406351765,0.424582555223609,13
Compound,KM++greedy,6,1.0,399,6,89.91685492856047,0.42076193362630704,0.620268813484629,0.4221776678513185,13
Compound,KM++greedy,7,1.0,399,6,85.12408236341004,0.5812648329840271,0.7280606141062861,0.4269467455627265,9
Compound,KM++greedy,8,1.0,399,6,85.22943159852942,0.5598905244939132,0.7185359407121357,0.41848679887575213,12
Compound,KM++greedy,9,1.0,399,6,86.85563585138667,0.4973088975156485,0.6787157076652377,0.42302975673631454,8
Compound,KM++greedy,10,1.0,399,6,86.0229036316951,0.6112401800957422,0.7663534256508108,0.45210064037393094,7
Compound,KM++greedy,11,1.0,399,6,86.0229036316951,0.6112401800957422,0.7663534256508107,0.45210064037393094,6
Compound,KM++greedy,12,1.0,399,6,89.8987285130817,0.4257834614272711,0.6224652818040828,0.4247782915538771,10
Compound,KM++greedy,13,1.0,399,6,85.23300177762688,0.559446921821409,0.7183145575807351,0.4177991699895647,5
Compound,KM++greedy,14,1.0,399,6,85.34644377817627,0.5926404732117614,0.7365229068401689,0.4325713234308438,9
Compound,KM++greedy,15,1.0,399,6,91.56687757608715,0.45155275855417704,0.6438642625903482,0.4261230991395461,9
Compound,KM++greedy,16,1.0,399,6,86.66964609373379,0.5007017418189483,0.6839580101428463,0.4111114355708619,17
Compound,KM++greedy,17,1.0,399,6,91.6152630354228,0.4365042274437811,0.6592737872388229,0.42367329292457656,7
Compound,KM++greedy,18,1.0,399,6,85.1697481022711,0.5805968634077997,0.7277812543844278,0.4259842051962469,6
Compound,KM++greedy,19,1.0,399,6,86.61163119318891,0.4988563368415408,0.6827182846368958,0.41481836916274334,14
Compound,KM++greedy,20,1.0,399,6,86.04776236719825,0.6114652609187736,0.7670227492049756,0.4524438216471257,15
Compound,KM++greedy,21,1.0,399,6,85.22943159852942,0.5598905244939132,0.7185359407121356,0.41848679887575213,10
Compound,KM++greedy,22,1.0,399,6,90.06693048550316,0.4324640192842033,0.6356077976031773,0.42366313811288336,6
Compound,KM++greedy,23,1.0,399,6,91.58512485835493,0.42751685988341703,0.6308375867854349,0.41774791105584463,14
Compound,KM++greedy,24,1.0,399,6,86.64675004417983,0.500321348186415,0.683777069494397,0.4100548776466251,18
Compound,KM++greedy,25,1.0,399,6,89.8987285130817,0.4257834614272711,0.6224652818040827,0.4247782915538771,12
Compound,KM++greedy,26,1.0,399,6,86.64675004417983,0.500321348186415,0.683777069494397,0.4100548776466251,8
Compound,KM++greedy,27,1.0,399,6,85.34644377817627,0.5926404732117614,0.7365229068401689,0.4325713234308438,11
Compound,KM++greedy,28,1.0,399,6,86.71580970561652,0.5012230326715651,0.6852682858417662,0.4118331713018614,10
Compound,KM++greedy,29,1.0,399,6,97.11310336189874,0.5818888273023255,0.7309956932567903,0.37114559526666846,5
Compound,KM++greedy,30,1.0,399,6,86.04776236719825,0.6114652609187736,0.7670227492049757,0.4524438216471257,15
Compound,KM++greedy,31,1.0,399,6,85.21076120932031,0.5594665433674709,0.7157842522462762,0.4177619902345291,8
Compound,KM++greedy,32,1.0,399,6,90.06693048550316,0.4324640192842033,0.6356077976031773,0.42366313811288336,10
Compound,KM++greedy,33,1.0,399,6,87.00985900951623,0.49815228168940867,0.6764261110460185,0.4197887634441502,6
Compound,KM++greedy,34,1.0,399,6,85.12762195618565,0.5812648329840271,0.7280606141062862,0.4269467455627265,6
Compound,KM++greedy,35,1.0,399,6,89.92637789150363,0.4196675537448419,0.6200016695347114,0.4219683203068453,12
Compound,KM++greedy,36,1.0,399,6,86.0229036316951,0.6112401800957422,0.7663534256508108,0.45210064037393094,8
Compound,KM++greedy,37,1.0,399,6,86.04776236719825,0.6114652609187736,0.7670227492049756,0.4524438216471257,17
Compound,KM++greedy,38,1.0,399,6,86.04776236719825,0.6114652609187736,0.7670227492049756,0.4524438216471257,13
Compound,KM++greedy,39,1.0,399,6,86.04776236719825,0.6114652609187736,0.7670227492049757,0.4524438216471257,15
Compound,KM++greedy,40,1.0,399,6,86.04776236719825,0.6114652609187736,0.7670227492049756,0.4524438216471257,17
Compound,KM++greedy,41,1.0,399,6,86.09196579711343,0.6126515500720398,0.7692467168655853,0.45403597486797975,5
Compound,KM++greedy,42,1.0,399,6,86.64675004417983,0.500321348186415,0.683777069494397,0.4100548776466251,9
Compound,KM++greedy,43,1.0,399,6,86.62952149891541,0.4987924631838126,0.6828521459242289,0.41509342830583984,8
Compound,KM++greedy,44,1.0,399,6,89.92637789150363,0.4196675537448419,0.6200016695347113,0.4219683203068453,10
Compound,KM++greedy,45,1.0,399,6,85.17323056879407,0.5818139352696038,0.7294427772635806,0.4275436660825698,6
Compound,KM++greedy,46,1.0,399,6,91.51104837835967,0.42770215944018714,0.630231746985168,0.4212709729354977,8
Compound,KM++greedy,47,1.0,399,6,86.64675004417983,0.500321348186415,0.683777069494397,0.4100548776466251,10
Compound,KM++greedy,48,1.0,399,6,85.22943159852942,0.5598905244939132,0.7185359407121356,0.41848679887575213,8
Compound,KM++greedy,49,1.0,399,6,89.8987285130817,0.4257834614272711,0.6224652818040828,0.4247782915538771,16
Compound,BF-refine,0,1.0,399,6,85.12765254250752,0.5808321849459996,0.7278365067994291,0.4262374248580148,7
Compound,BF-refine,1,1.0,399,6,85.31814359092031,0.592402865226286,0.7360078050321017,0.43228521865246133,3
Compound,BF-refine,2,1.0,399,6,85.32171377001778,0.5919767323286891,0.735781459875351,0.43157189439596805,6
Compound,BF-refine,3,1.0,399,6,85.32171377001778,0.5919767323286891,0.735781459875351,0.43157189439596805,9
Compound,BF-refine,4,1.0,399,6,86.64675004417983,0.500321348186415,0.683777069494397,0.4100548776466251,15
Compound,BF-refine,5,1.0,399,6,85.32523809632434,0.5919767323286891,0.735781459875351,0.43157189439596805,5
Compound,BF-refine,6,1.0,399,6,85.32171377001778,0.5919767323286891,0.735781459875351,0.43157189439596805,9
Compound,BF-refine,7,1.0,399,6,86.64675004417983,0.500321348186415,0.683777069494397,0.4100548776466251,12
Compound,BF-refine,8,1.0,399,6,86.85367316543751,0.49738978873052975,0.6782603393067314,0.42317262371023506,5
Compound,BF-refine,9,1.0,399,6,86.63648992869204,0.49915503428415603,0.6833533545262394,0.41571668570999826,6
Compound,BF-refine,10,1.0,399,6,85.12408236341004,0.5812648329840271,0.7280606141062861,0.4269467455627265,8
Compound,BF-refine,11,1.0,399,6,98.58718800094911,0.7702004758093938,0.7932641017522575,0.4777417119004228,17
Compound,BF-refine,12,1.0,399,6,85.32171377001778,0.5919767323286891,0.735781459875351,0.43157189439596805,7
Compound,BF-refine,13,1.0,399,6,85.21076120932031,0.5594665433674709,0.7157842522462761,0.4177619902345291,8
Compound,BF-refine,14,1.0,399,6,85.32171377001778,0.5919767323286891,0.7357814598753512,0.43157189439596805,11
Compound,BF-refine,15,1.0,399,6,86.09710520342483,0.6113980951152373,0.7671133475451272,0.45147795709879857,3
Compound,BF-refine,16,1.0,399,6,85.32171377001778,0.5919767323286891,0.7357814598753512,0.43157189439596805,6
Compound,BF-refine,17,1.0,399,6,85.31814359092031,0.592402865226286,0.7360078050321017,0.43228521865246133,9
Compound,BF-refine,18,1.0,399,6,86.65782972383418,0.49969842714899393,0.6839474466553259,0.4118936089591157,7
Compound,BF-refine,19,1.0,399,6,86.64675004417983,0.500321348186415,0.683777069494397,0.4100548776466251,15
Compound,BF-refine,20,1.0,399,6,86.83077711588354,0.49701027892220545,0.6780795533392511,0.42214240341885323,5
Compound,BF-refine,21,1.0,399,6,86.64675004417983,0.500321348186415,0.683777069494397,0.4100548776466251,11
Compound,BF-refine,22,1.0,399,6,86.63452724274289,0.49923662330518936,0.6828992485272513,0.4158530031017519,5
Compound,BF-refine,23,1.0,399,6,86.85367316543751,0.49738978873052975,0.6782603393067315,0.42317262371023506,5
Compound,BF-refine,24,1.0,399,6,86.0229036316951,0.6112401800957422,0.7663534256508108,0.45210064037393094,5
Compound,BF-refine,25,1.0,399,6,85.32171377001778,0.5919767323286891,0.735781459875351,0.43157189439596805,10
Compound,BF-refine,26,1.0,399,6,85.34644377817627,0.5926404732117614,0.7365229068401689,0.4325713234308438,12
Compound,BF-refine,27,1.0,399,6,85.22943159852942,0.5598905244939132,0.7185359407121356,0.41848679887575213,8
Compound,BF-refine,28,1.0,399,6,86.67160877968296,0.5006197059279196,0.6844116696941186,0.4109543593499262,15
Compound,BF-refine,29,1.0,399,6,85.12408236341004,0.5812648329840271,0.7280606141062861,0.4269467455627265,7
Compound,BF-refine,30,1.0,399,6,86.88403409625157,0.4968721153695863,0.6780562262371133,0.42180049938026176,5
Compound,BF-refine,31,1.0,399,6,86.64675004417983,0.500321348186415,0.683777069494397,0.4100548776466251,17
Compound,BF-refine,32,1.0,399,6,85.36380932978135,0.5917433581517492,0.7357258261132577,0.43132130295696874,4
Compound,BF-refine,33,1.0,399,6,86.83077711588354,0.49701027892220545,0.6780795533392511,0.42214240341885323,6
Compound,BF-refine,34,1.0,399,6,86.67160877968296,0.5006197059279196,0.6844116696941185,0.4109543593499262,14
Compound,BF-refine,35,1.0,399,6,85.36380932978135,0.5917433581517492,0.7357258261132575,0.43132130295696874,4
Compound,BF-refine,36,1.0,399,6,85.13050138019334,0.5749844677009646,0.7242101406351764,0.424582555223609,6
Compound,BF-refine,37,1.0,399,6,86.0229036316951,0.6112401800957422,0.7663534256508108,0.45210064037393094,5
Compound,BF-refine,38,1.0,399,6,87.01342918861371,0.4976909595585146,0.6762094917644516,0.4186055795264949,6
Compound,BF-refine,39,1.0,399,6,85.31814359092031,0.592402865226286,0.7360078050321017,0.43228521865246133,5
Compound,BF-refine,40,1.0,399,6,86.66964609373379,0.5007017418189483,0.6839580101428462,0.4111114355708619,16
Compound,BF-refine,41,1.0,399,6,98.58718800094911,0.7702004758093938,0.7932641017522575,0.4777417119004228,12
Compound,BF-refine,42,1.0,399,6,86.99377207840202,0.49819391379669675,0.6757728305582061,0.41966874957381195,5
Compound,BF-refine,43,1.0,399,6,85.32171377001778,0.5919767323286891,0.735781459875351,0.43157189439596805,4
Compound,BF-refine,44,1.0,399,6,86.85367316543751,0.49738978873052975,0.6782603393067315,0.42317262371023506,3
Compound,BF-refine,45,1.0,399,6,86.66964609373379,0.5007017418189483,0.6839580101428462,0.4111114355708619,22
Compound,BF-refine,46,1.0,399,6,87.02764104656386,0.4955794227904317,0.6723017199168521,0.42276326989939517,5
Compound,BF-refine,47,1.0,399,6,85.32171377001778,0.5919767323286891,0.735781459875351,0.43157189439596805,6
Compound,BF-refine,48,1.0,399,6,86.61163119318891,0.4988563368415408,0.6827182846368958,0.41481836916274334,8
Compound,BF-refine,49,1.0,399,6,86.71580970561652,0.5012230326715651,0.6852682858417662,0.4118331713018614,16
Compound,KM-random,0,1.0,399,6,86.63648992869204,0.49915503428415603,0.6833533545262394,0.41571668570999826,13
Compound,KM-random,1,1.0,399,6,85.12408236341004,0.5812648329840271,0.7280606141062861,0.4269467455627265,11
Compound,KM-random,2,1.0,399,6,86.64675004417983,0.500321348186415,0.683777069494397,0.4100548776466251,20
Compound,KM-random,3,1.0,399,6,107.47979729101573,0.7320697617088431,0.7450276270607663,0.4892083044478022,5
Compound,KM-random,4,1.0,399,6,93.62947543595223,0.5540317246662999,0.6932179603363927,0.4127061508027654,16
Compound,KM-random,5,1.0,399,6,86.04776236719825,0.6114652609187736,0.7670227492049756,0.4524438216471257,18
Compound,KM-random,6,1.0,399,6,113.82479614491548,0.5524270232808417,0.7084383148361382,0.42380258263728027,10
Compound,KM-random,7,1.0,399,6,92.88378374605405,0.4866677209669911,0.6828017811478506,0.45415335444010635,14
Compound,KM-random,8,1.0,399,6,86.6723657908048,0.5006197059279196,0.6844116696941184,0.41120923048797453,18
Compound,KM-random,9,1.0,399,6,89.92750246667974,0.43084476102476926,0.6353645831376878,0.4264306916944545,20
Compound,KM-random,10,1.0,399,6,89.93257710096317,0.42239656487133165,0.6210847937081357,0.422219123282457,17
Compound,KM-random,11,1.0,399,6,91.66749409044336,0.4279689669015754,0.6339138074751997,0.4108295859556005,14
Compound,KM-random,12,1.0,399,6,86.640344142365,0.49946042219992093,0.6833770763002209,0.4160878008800687,13
Compound,KM-random,13,1.0,399,6,91.6081675666895,0.461351105027127,0.6750627181927659,0.43262309025615786,12
Compound,KM-random,14,1.0,399,6,91.60506093318732,0.45035849556645513,0.6398269628916355,0.42887274181963747,10
Compound,KM-random,15,1.0,399,6,89.93031120268088,0.43056715106402815,0.6341237228374138,0.42611358571356567,10
Compound,KM-random,16,1.0,399,6,85.34644377817627,0.5926404732117614,0.7365229068401689,0.4325713234308438,9
Compound,KM-random,17,1.0,399,6,85.22943159852942,0.5598905244939132,0.7185359407121356,0.41848679887575213,12
Compound,KM-random,18,1.0,399,6,89.91685492856047,0.42076193362630704,0.620268813484629,0.4221776678513185,11
Compound,KM-random,19,1.0,399,6,85.23300177762688,0.559446921821409,0.7183145575807351,0.4177991699895647,7
Compound,KM-random,20,1.0,399,6,86.66964609373379,0.5007017418189483,0.6839580101428462,0.4111114355708619,22
Compound,KM-random,21,1.0,399,6,86.04776236719825,0.6114652609187736,0.7670227492049756,0.4524438216471257,19
Compound,KM-random,22,1.0,399,6,89.90715856067202,0.437013123557104,0.6358891781263769,0.42831423863737905,16
Compound,KM-random,23,1.0,399,6,86.64675004417983,0.500321348186415,0.683777069494397,0.4100548776466251,13
Compound,KM-random,24,1.0,399,6,86.04776236719825,0.6114652609187736,0.7670227492049757,0.4524438216471257,18
Compound,KM-random,25,1.0,399,6,107.49069732947616,0.7335844910643655,0.7471693387542809,0.4894950327213256,7
Compound,KM-random,26,1.0,399,6,106.80940108542322,0.7797457698093219,0.7867460618397906,0.4774396015075742,8
Compound,KM-random,27,1.0,399,6,86.64675004417983,0.500321348186415,0.683777069494397,0.4100548776466251,23
Compound,KM-random,28,1.0,399,6,92.73959145946621,0.483333255306657,0.6763734495233323,0.4573587503596801,12
Compound,KM-random,29,1.0,399,6,86.04579968124905,0.6115668707512666,0.7665530368523208,0.4526390881903855,11
Compound,KM-random,30,1.0,399,6,86.64675004417983,0.500321348186415,0.683777069494397,0.4100548776466251,17
Compound,KM-random,31,1.0,399,6,86.04776236719825,0.6114652609187736,0.7670227492049756,0.4524438216471257,17
Compound,KM-random,32,1.0,399,6,86.08900053446534,0.6123435441650527,0.7679741324604643,0.4532004584406198,15
Compound,KM-random,33,1.0,399,6,85.32171377001778,0.5919767323286891,0.735781459875351,0.43157189439596805,11
Compound,KM-random,34,1.0,399,6,106.44237048011453,0.7219000394810904,0.7362123900994434,0.506358835939663,9
Compound,KM-random,35,1.0,399,6,89.90858439715969,0.4250505709936788,0.6254901007440127,0.4235536168742867,13
Compound,KM-random,36,1.0,399,6,136.79747332644885,0.7417828442689324,0.7780414746993318,0.49016698547779,12
Compound,KM-random,37,1.0,399,6,85.31814359092031,0.592402865226286,0.7360078050321017,0.43228521865246133,9
Compound,KM-random,38,1.0,399,6,98.58718800094911,0.7702004758093938,0.7932641017522575,0.4777417119004228,13
Compound,KM-random,39,1.0,399,6,85.22943159852942,0.5598905244939132,0.7185359407121356,0.41848679887575213,11
Compound,KM-random,40,1.0,399,6,86.04776236719825,0.6114652609187736,0.7670227492049756,0.4524438216471257,13
Compound,KM-random,41,1.0,399,6,91.57535631869888,0.45192453541763783,0.648437279775297,0.42361210174098723,18
Compound,KM-random,42,1.0,399,6,86.04776236719825,0.6114652609187736,0.7670227492049756,0.4524438216471257,15
Compound,KM-random,43,1.0,399,6,86.0229036316951,0.6112401800957422,0.7663534256508108,0.45210064037393094,10
Compound,KM-random,44,1.0,399,6,89.92750246667974,0.43084476102476926,0.6353645831376878,0.4264306916944545,24
Compound,KM-random,45,1.0,399,6,91.57746305005668,0.45311530661219457,0.6455490717608589,0.4225831974295695,15
Compound,KM-random,46,1.0,399,6,98.45939633372265,0.7707732564891476,0.791042709522554,0.48495883668133694,7
Compound,KM-random,47,1.0,399,6,86.04776236719825,0.6114652609187736,0.7670227492049756,0.4524438216471257,27
Compound,KM-random,48,1.0,399,6,111.713539077808,0.5529974222366556,0.7142154078936116,0.4313069514941983,9
Compound,KM-random,49,1.0,399,6,86.09710520342483,0.6113980951152373,0.7671133475451272,0.45147795709879857,6
Atom,CCKM,-1,0.6809993232340967,800,2,1170.5336529288952,0.17782042077480448,0.2896617175264994,0.4482142245437132,10
Atom,Maxmin,-1,0.6809993232340967,800,2,1167.1201987962665,0.17993209907394847,0.280920120324785,0.43687718156544214,15
Atom,KM++,0,0.6809993232340967,800,2,1165.6565036565062,0.1885336032086663,0.2981230883845461,0.4525418101911777,10
Atom,KM++,1,0.6809993232340967,800,2,1165.6565036565062,0.1885336032086663,0.2981230883845461,0.4525418101911777,44
Atom,KM++,2,0.6809993232340967,800,2,1169.0535160132758,0.16947556948367218,0.2829529540728578,0.4447170534496058,22
Atom,KM++,3,0.6809993232340967,800,2,1165.6565036565062,0.1885336032086663,0.2981230883845461,0.4525418101911777,35
Atom,KM++,4,0.6809993232340967,800,2,1169.0535160132758,0.16947556948367218,0.2829529540728578,0.4447170534496058,7
Atom,KM++,5,0.6809993232340967,800,2,1170.8978609570183,0.18206807775637826,0.29303591348443236,0.4495023359635927,21
Atom,KM++,6,0.6809993232340967,800,2,1165.6565036565062,0.1885336032086663,0.2981230883845461,0.4525418101911777,13
Atom,KM++,7,0.6809993232340967,800,2,1164.9797862584674,0.17362291811872066,0.2863008624887743,0.4503179300297954,4
Atom,KM++,8,0.6809993232340967,800,2,1165.6565036565062,0.1885336032086663,0.2981230883845461,0.4525418101911777,8
Atom,KM++,9,0.6809993232340967,800,2,1169.0535160132758,0.16947556948367218,0.2829529540728578,0.4447170534496058,5
Atom,KM++,10,0.6809993232340967,800,2,1170.8978609570183,0.18206807775637826,0.29303591348443236,0.4495023359635927,18
Atom,KM++,11,0.6809993232340967,800,2,1170.8978609570183,0.18206807775637826,0.29303591348443236,0.4495023359635927,8
Atom,KM++,12,0.6809993232340967,800,2,1169.0535160132758,0.16947556948367218,0.2829529540728578,0.4447170534496058,22
Atom,KM++,13,0.6809993232340967,800,2,1165.6565036565062,0.1885336032086663,0.2981230883845461,0.4525418101911777,31
Atom,KM++,14,0.6809993232340967,800,2,1165.6565036565062,0.1885336032086663,0.2981230883845461,0.4525418101911777,7
Atom,KM++,15,0.6809993232340967,800,2,1165.6565036565062,0.1885336032086663,0.2981230883845461,0.4525418101911777,47
Atom,KM++,16,0.6809993232340967,800,2,1165.6565036565062,0.1885336032086663,0.2981230883845461,0.4525418101911777,31
Atom,KM++,17,0.6809993232340967,800,2,1170.8978609570183,0.18206807775637826,0.29303591348443236,0.4495023359635927,18
Atom,KM++,18,0.6809993232340967,800,2,1165.6565036565062,0.1885336032086663,0.2981230883845461,0.4525418101911777,47
Atom,KM++,19,0.6809993232340967,800,2,1169.0535160132758,0.16947556948367218,0.2829529540728578,0.4447170534496058,27
Atom,KM++,20,0.6809993232340967,800,2,1170.5336529288952,0.17782042077480448,0.2896617175264994,0.4482142245437132,10
Atom,KM++,21,0.6809993232340967,800,2,1169.0535160132758,0.16947556948367218,0.2829529540728578,0.4447170534496058,10
Atom,KM++,22,0.6809993232340967,800,2,1210.5093418689687,0.13996907841947667,0.25821680907612893,0.44353035651691086,9
Atom,KM++,23,0.6809993232340967,800,2,1170.8978609570183,0.18206807775637826,0.29303591348443236,0.4495023359635927,14
Atom,KM++,24,0.6809993232340967,800,2,1170.8978609570183,0.18206807775637826,0.29303591348443236,0.4495023359635927,6
Atom,KM++,25,0.6809993232340967,800,2,1167.1201987962665,0.17993209907394847,0.280920120324785,0.43687718156544214,18
Atom,KM++,26,0.6809993232340967,800,2,1169.0535160132758,0.16947556948367218,0.2829529540728578,0.4447170534496058,28
Atom,KM++,27,0.6809993232340967,800,2,1170.5336529288952,0.17782042077480448,0.2896617175264994,0.4482142245437132,10
Atom,KM++,28,0.6809993232340967,800,2,1169.0535160132758,0.16947556948367218,0.2829529540728578,0.4447170534496058,21
Atom,KM++,29,0.6809993232340967,800,2,1168.204208781616,0.16334858460818807,0.2779545073124997,0.4442856326147385,5
Atom,KM++,30,0.6809993232340967,800,2,1165.6565036565062,0.1885336032086663,0.2981230883845461,0.4525418101911777,47
Atom,KM++,31,0.6809993232340967,800,2,1164.9797862584674,0.17362291811872066,0.2863008624887743,0.4503179300297954,11
Atom,KM++,32,0.6809993232340967,800,2,1165.6565036565062,0.1885336032086663,0.2981230883845461,0.4525418101911777,13
Atom,KM++,33,0.6809993232340967,800,2,1170.8978609570183,0.18206807775637826,0.29303591348443236,0.4495023359635927,18
Atom,KM++,34,0.6809993232340967,800,2,1169.2261406302264,0.17154297456833126,0.2846253145376763,0.44461513089328686,6
Atom,KM++,35,0.6809993232340967,800,2,1165.6565036565062,0.1885336032086663,0.2981230883845461,0.4525418101911777,41
Atom,KM++,36,0.6809993232340967,800,2,1165.6565036565062,0.1885336032086663,0.2981230883845461,0.4525418101911777,40
Atom,KM++,37,0.6809993232340967,800,2,1164.9797862584674,0.17362291811872066,0.2863008624887743,0.4503179300297954,9
Atom,KM++,38,0.6809993232340967,800,2,1167.1201987962665,0.17993209907394847,0.280920120324785,0.43687718156544214,13
Atom,KM++,39,0.6809993232340967,800,2,1168.2455528445337,0.16537837454636672,0.27961759941755115,0.44465723092105947,10
Atom,KM++,40,0.6809993232340967,800,2,1167.1201987962665,0.17993209907394847,0.280920120324785,0.43687718156544214,18
Atom,KM++,41,0.6809993232340967,800,2,1170.8978609570183,0.18206807775637826,0.29303591348443236,0.4495023359635927,18
Atom,KM++,42,0.6809993232340967,800,2,1170.5336529288952,0.17782042077480448,0.2896617175264994,0.4482142245437132,9
Atom,KM++,43,0.6809993232340967,800,2,1167.5475743079483,0.16947556948367218,0.2829529540728578,0.4410675917791443,8
Atom,KM++,44,0.6809993232340967,800,2,1165.6565036565062,0.1885336032086663,0.2981230883845461,0.4525418101911777,43
Atom,KM++,45,0.6809993232340967,800,2,1164.6428142002621,0.18206807775637826,0.29303591348443236,0.45092264609482013,5
Atom,KM++,46,0.6809993232340967,800,2,1169.0535160132758,0.16947556948367218,0.2829529540728578,0.4447170534496058,15
Atom,KM++,47,0.6809993232340967,800,2,1167.1201987962665,0.17993209907394847,0.280920120324785,0.43687718156544214,17
Atom,KM++,48,0.6809993232340967,800,2,1165.6565036565062,0.1885336032086663,0.2981230883845461,0.4525418101911777,30
Atom,KM++,49,0.6809993232340967,800,2,1168.8676835803824,0.16947556948367218,0.2829529540728578,0.44572840894959115,4
Atom,KM++greedy,0,0.6809993232340967,800,2,1164.9797862584674,0.17362291811872066,0.2863008624887743,0.4503179300297954,10
Atom,KM++greedy,1,0.6809993232340967,800,2,1169.0535160132758,0.16947556948367218,0.2829529540728578,0.4447170534496058,20
Atom,KM++greedy,2,0.6809993232340967,800,2,1165.6565036565062,0.1885336032086663,0.2981230883845461,0.4525418101911777,37
Atom,KM++greedy,3,0.6809993232340967,800,2,1170.8978609570183,0.18206807775637826,0.29303591348443236,0.4495023359635927,13
Atom,KM++greedy,4,0.6809993232340967,800,2,1167.0919890331795,0.17782042077480448,0.2896617175264994,0.43968606754732376,8
Atom,KM++greedy,5,0.6809993232340967,800,2,1169.0535160132758,0.16947556948367218,0.2829529540728578,0.4447170534496058,5
Atom,KM++greedy,6,0.6809993232340967,800,2,1167.1160840683408,0.18206807775637826,0.29303591348443236,0.4385454004845778,4
Atom,KM++greedy,7,0.6809993232340967,800,2,1170.8978609570183,0.18206807775637826,0.29303591348443236,0.4495023359635927,16
Atom,KM++greedy,8,0.6809993232340967,800,2,1170.8978609570183,0.18206807775637826,0.29303591348443236,0.4495023359635927,18
Atom,KM++greedy,9,0.6809993232340967,800,2,1170.8978609570183,0.18206807775637826,0.29303591348443236,0.4495023359635927,14
Atom,KM++greedy,10,0.6809993232340967,800,2,1165.6565036565062,0.1885336032086663,0.2981230883845461,0.4525418101911777,50
Atom,KM++greedy,11,0.6809993232340967,800,2,1170.5336529288952,0.17782042077480448,0.2896617175264994,0.4482142245437132,8
Atom,KM++greedy,12,0.6809993232340967,800,2,1169.0535160132758,0.16947556948367218,0.2829529540728578,0.4447170534496058,20
Atom,KM++greedy,13,0.6809993232340967,800,2,1168.2455528445337,0.16537837454636672,0.27961759941755115,0.44465723092105947,8
Atom,KM++greedy,14,0.6809993232340967,800,2,1165.6565036565062,0.1885336032086663,0.2981230883845461,0.4525418101911777,30
Atom,KM++greedy,15,0.6809993232340967,800,2,1165.6565036565062,0.1885336032086663,0.2981230883845461,0.4525418101911777,49
Atom,KM++greedy,16,0.6809993232340967,800,2,1167.1201987962665,0.17993209907394847,0.280920120324785,0.43687718156544214,15
Atom,KM++greedy,17,0.6809993232340967,800,2,1165.6565036565062,0.1885336032086663,0.2981230883845461,0.4525418101911777,39
Atom,KM++greedy,18,0.6809993232340967,800,2,1167.5475743079483,0.16947556948367218,0.2829529540728578,0.4410675917791443,8
Atom,KM++greedy,19,0.6809993232340967,800,2,1165.6565036565062,0.1885336032086663,0.2981230883845461,0.4525418101911777,24
Atom,KM++greedy,20,0.6809993232340967,800,2,1164.9797862584674,0.17362291811872066,0.2863008624887743,0.4503179300297954,3
Atom,KM++greedy,21,0.6809993232340967,800,2,1165.6565036565062,0.1885336032086663,0.2981230883845461,0.4525418101911777,12
Atom,KM++greedy,22,0.6809993232340967,800,2,1210.5093418689687,0.13996907841947667,0.25821680907612893,0.44353035651691086,6
Atom,KM++greedy,23,0.6809993232340967,800,2,1170.8978609570183,0.18206807775637826,0.29303591348443236,0.4495023359635927,18
Atom,KM++greedy,24,0.6809993232340967,800,2,1164.9797862584674,0.17362291811872066,0.2863008624887743,0.4503179300297954,10
Atom,KM++greedy,25,0.6809993232340967,800,2,1210.5093418689687,0.13996907841947667,0.25821680907612893,0.44353035651691086,7
Atom,KM++greedy,26,0.6809993232340967,800,2,1170.63004016293,0.16947556948367218,0.2829529540728578,0.448673405421397,4
Atom,KM++greedy,27,0.6809993232340967,800,2,1165.6565036565062,0.1885336032086663,0.2981230883845461,0.4525418101911777,57
Atom,KM++greedy,28,0.6809993232340967,800,2,1165.6565036565062,0.1885336032086663,0.2981230883845461,0.4525418101911777,32
Atom,KM++greedy,29,0.6809993232340967,800,2,1170.8978609570183,0.18206807775637826,0.29303591348443236,0.4495023359635927,14
Atom,KM++greedy,30,0.6809993232340967,800,2,1169.0535160132758,0.16947556948367218,0.2829529540728578,0.4447170534496058,4
Atom,KM++greedy,31,0.6809993232340967,800,2,1167.1160840683408,0.18206807775637826,0.29303591348443236,0.4385454004845778,5
Atom,KM++greedy,32,0.6809993232340967,800,2,1169.0535160132758,0.16947556948367218,0.2829529540728578,0.4447170534496058,5
Atom,KM++greedy,33,0.6809993232340967,800,2,1169.0535160132758,0.16947556948367218,0.2829529540728578,0.4447170534496058,17
Atom,KM++greedy,34,0.6809993232340967,800,2,1169.0535160132758,0.16947556948367218,0.2829529540728578,0.4447170534496058,17
Atom,KM++greedy,35,0.6809993232340967,800,2,1168.8676835803824,0.16947556948367218,0.2829529540728578,0.44572840894959115,6
Atom,KM++greedy,36,0.6809993232340967,800,2,1170.8978609570183,0.18206807775637826,0.29303591348443236,0.4495023359635927,21
Atom,KM++greedy,37,0.6809993232340967,800,2,1170.8978609570183,0.18206807775637826,0.29303591348443236,0.4495023359635927,12
Atom,KM++greedy,38,0.6809993232340967,800,2,1165.6565036565062,0.1885336032086663,0.2981230883845461,0.4525418101911777,10
Atom,KM++greedy,39,0.6809993232340967,800,2,1165.6565036565062,0.1885336032086663,0.2981230883845461,0.4525418101911777,44
Atom,KM++greedy,40,0.6809993232340967,800,2,1170.8978609570183,0.18206807775637826,0.29303591348443236,0.4495023359635927,17
Atom,KM++greedy,41,0.6809993232340967,800,2,1169.0535160132758,0.16947556948367218,0.2829529540728578,0.4447170534496058,7
Atom,KM++greedy,42,0.6809993232340967,800,2,1165.6565036565062,0.1885336032086663,0.2981230883845461,0.4525418101911777,5
Atom,KM++greedy,43,0.6809993232340967,800,2,1165.6565036565062,0.1885336032086663,0.2981230883845461,0.4525418101911777,35
Atom,KM++greedy,44,0.6809993232340967,800,2,1165.6565036565062,0.1885336032086663,0.2981230883845461,0.4525418101911777,10
Atom,KM++greedy,45,0.6809993232340967,800,2,1170.8978609570183,0.18206807775637826,0.29303591348443236,0.4495023359635927,12
Atom,KM++greedy,46,0.6809993232340967,800,2,1165.6565036565062,0.1885336032086663,0.2981230883845461,0.4525418101911777,12
Atom,KM++greedy,47,0.6809993232340967,800,2,1165.6565036565062,0.1885336032086663,0.2981230883845461,0.4525418101911777,47
Atom,KM++greedy,48,0.6809993232340967,800,2,1165.6565036565062,0.1885336032086663,0.2981230883845461,0.4525418101911777,4
Atom,KM++greedy,49,0.6809993232340967,800,2,1165.6565036565062,0.1885336032086663,0.2981230883845461,0.4525418101911777,45
Atom,BF-refine,0,0.6809993232340967,800,2,1165.6565036565062,0.1885336032086663,0.2981230883845461,0.4525418101911777,31
Atom,BF-refine,1,0.6809993232340967,800,2,1167.1201987962665,0.17993209907394847,0.280920120324785,0.43687718156544214,6
Atom,BF-refine,2,0.6809993232340967,800,2,1167.1201987962665,0.17993209907394847,0.280920120324785,0.43687718156544214,6
Atom,BF-refine,3,0.6809993232340967,800,2,1165.6565036565062,0.1885336032086663,0.2981230883845461,0.4525418101911777,9
Atom,BF-refine,4,0.6809993232340967,800,2,1170.5336529288952,0.17782042077480448,0.2896617175264994,0.4482142245437132,8
Atom,BF-refine,5,0.6809993232340967,800,2,1165.6565036565062,0.1885336032086663,0.2981230883845461,0.4525418101911777,50
Atom,BF-refine,6,0.6809993232340967,800,2,1169.0535160132758,0.16947556948367218,0.2829529540728578,0.4447170534496058,18
Atom,BF-refine,7,0.6809993232340967,800,2,1170.8978609570183,0.18206807775637826,0.29303591348443236,0.4495023359635927,13
Atom,BF-refine,8,0.6809993232340967,800,2,1165.6565036565062,0.1885336032086663,0.2981230883845461,0.4525418101911777,4
Atom,BF-refine,9,0.6809993232340967,800,2,1168.2455528445337,0.16537837454636672,0.27961759941755115,0.44465723092105947,6
Atom,BF-refine,10,0.6809993232340967,800,2,1164.9797862584674,0.17362291811872066,0.2863008624887743,0.4503179300297954,5
Atom,BF-refine,11,0.6809993232340967,800,2,1167.5475743079483,0.16947556948367218,0.2829529540728578,0.4410675917791443,2
Atom,BF-refine,12,0.6809993232340967,800,2,1170.8978609570183,0.18206807775637826,0.29303591348443236,0.4495023359635927,22
Atom,BF-refine,13,0.6809993232340967,800,2,1167.1201987962665,0.17993209907394847,0.280920120324785,0.43687718156544214,13
Atom,BF-refine,14,0.6809993232340967,800,2,1165.6565036565062,0.1885336032086663,0.2981230883845461,0.4525418101911777,27
Atom,BF-refine,15,0.6809993232340967,800,2,1170.8978609570183,0.18206807775637826,0.29303591348443236,0.4495023359635927,18
Atom,BF-refine,16,0.6809993232340967,800,2,1165.6565036565062,0.1885336032086663,0.2981230883845461,0.4525418101911777,39
Atom,BF-refine,17,0.6809993232340967,800,2,1164.6428142002621,0.18206807775637826,0.29303591348443236,0.45092264609482013,3
Atom,BF-refine,18,0.6809993232340967,800,2,1167.1201987962665,0.17993209907394847,0.280920120324785,0.43687718156544214,20
Atom,BF-refine,19,0.6809993232340967,800,2,1169.0535160132758,0.16947556948367218,0.2829529540728578,0.4447170534496058,15
Atom,BF-refine,20,0.6809993232340967,800,2,1165.6565036565062,0.1885336032086663,0.2981230883845461,0.4525418101911777,43
Atom,BF-refine,21,0.6809993232340967,800,2,1165.6565036565062,0.1885336032086663,0.2981230883845461,0.4525418101911777,40
Atom,BF-refine,22,0.6809993232340967,800,2,1169.0535160132758,0.16947556948367218,0.2829529540728578,0.4447170534496058,17
Atom,BF-refine,23,0.6809993232340967,800,2,1169.0535160132758,0.16947556948367218,0.2829529540728578,0.4447170534496058,6
Atom,BF-refine,24,0.6809993232340967,800,2,1170.8978609570183,0.18206807775637826,0.29303591348443236,0.4495023359635927,16
Atom,BF-refine,25,0.6809993232340967,800,2,1170.8978609570183,0.18206807775637826,0.29303591348443236,0.4495023359635927,29
Atom,BF-refine,26,0.6809993232340967,800,2,1170.8978609570183,0.18206807775637826,0.29303591348443236,0.4495023359635927,8
Atom,BF-refine,27,0.6809993232340967,800,2,1165.6565036565062,0.1885336032086663,0.2981230883845461,0.4525418101911777,12
Atom,BF-refine,28,0.6809993232340967,800,2,1167.1201987962665,0.17993209907394847,0.280920120324785,0.43687718156544214,6
Atom,BF-refine,29,0.6809993232340967,800,2,1165.6565036565062,0.1885336032086663,0.2981230883845461,0.4525418101911777,32
Atom,BF-refine,30,0.6809993232340967,800,2,1167.1201987962665,0.17993209907394847,0.280920120324785,0.43687718156544214,13
Atom,BF-refine,31,0.6809993232340967,800,2,1168.037669262115,0.16334858460818807,0.2779545073124997,0.4418012505476544,3
Atom,BF-refine,32,0.6809993232340967,800,2,1169.0535160132758,0.16947556948367218,0.2829529540728578,0.4447170534496058,3
Atom,BF-refine,33,0.6809993232340967,800,2,1165.6565036565062,0.1885336032086663,0.2981230883845461,0.4525418101911777,17
Atom,BF-refine,34,0.6809993232340967,800,2,1167.1201987962665,0.17993209907394847,0.280920120324785,0.43687718156544214,14
Atom,BF-refine,35,0.6809993232340967,800,2,1167.1201987962665,0.17993209907394847,0.280920120324785,0.43687718156544214,10
Atom,BF-refine,36,0.6809993232340967,800,2,1169.0535160132758,0.16947556948367218,0.2829529540728578,0.4447170534496058,8
Atom,BF-refine,37,0.6809993232340967,800,2,1167.1201987962665,0.17993209907394847,0.280920120324785,0.43687718156544214,7
Atom,BF-refine,38,0.6809993232340967,800,2,1165.6565036565062,0.1885336032086663,0.2981230883845461,0.4525418101911777,50
Atom,BF-refine,39,0.6809993232340967,800,2,1164.9797862584674,0.17362291811872066,0.2863008624887743,0.4503179300297954,4
Atom,BF-refine,40,0.6809993232340967,800,2,1170.8978609570183,0.18206807775637826,0.29303591348443236,0.4495023359635927,9
Atom,BF-refine,41,0.6809993232340967,800,2,1170.5336529288952,0.17782042077480448,0.2896617175264994,0.4482142245437132,10
Atom,BF-refine,42,0.6809993232340967,800,2,1170.5336529288952,0.17782042077480448,0.2896617175264994,0.4482142245437132,5
Atom,BF-refine,43,0.6809993232340967,800,2,1169.0535160132758,0.16947556948367218,0.2829529540728578,0.4447170534496058,6
Atom,BF-refine,44,0.6809993232340967,800,2,1169.0535160132758,0.16947556948367218,0.2829529540728578,0.4447170534496058,24
Atom,BF-refine,45,0.6809993232340967,800,2,1165.6565036565062,0.1885336032086663,0.2981230883845461,0.4525418101911777,43
Atom,BF-refine,46,0.6809993232340967,800,2,1168.037669262115,0.16334858460818807,0.2779545073124997,0.4418012505476544,3
Atom,BF-refine,47,0.6809993232340967,800,2,1164.8521887539737,0.18636588934905807,0.29642384634692853,0.4522577574086429,6
Atom,BF-refine,48,0.6809993232340967,800,2,1170.5336529288952,0.17782042077480448,0.2896617175264994,0.4482142245437132,10
Atom,BF-refine,49,0.6809993232340967,800,2,1165.6565036565062,0.1885336032086663,0.2981230883845461,0.4525418101911777,8
Atom,KM-random,0,0.6809993232340967,800,2,1164.8521887539737,0.18636588934905807,0.29642384634692853,0.4522577574086429,8
Atom,KM-random,1,0.6809993232340967,800,2,1165.6565036565062,0.1885336032086663,0.2981230883845461,0.4525418101911777,43
Atom,KM-random,2,0.6809993232340967,800,2,1165.6565036565062,0.1885336032086663,0.2981230883845461,0.4525418101911777,8
Atom,KM-random,3,0.6809993232340967,800,2,1170.8978609570183,0.18206807775637826,0.29303591348443236,0.4495023359635927,22
Atom,KM-random,4,0.6809993232340967,800,2,1170.8978609570183,0.18206807775637826,0.29303591348443236,0.4495023359635927,20
Atom,KM-random,5,0.6809993232340967,800,2,1167.1201987962665,0.17993209907394847,0.280920120324785,0.43687718156544214,12
Atom,KM-random,6,0.6809993232340967,800,2,1164.9797862584674,0.17362291811872066,0.2863008624887743,0.4503179300297954,4
Atom,KM-random,7,0.6809993232340967,800,2,1164.8521887539737,0.18636588934905807,0.29642384634692853,0.4522577574086429,11
Atom,KM-random,8,0.6809993232340967,800,2,1167.0919890331795,0.17782042077480448,0.2896617175264994,0.43968606754732376,4
Atom,KM-random,9,0.6809993232340967,800,2,1167.1160840683408,0.18206807775637826,0.29303591348443236,0.4385454004845778,4
Atom,KM-random,10,0.6809993232340967,800,2,1168.2455528445337,0.16537837454636672,0.27961759941755115,0.44465723092105947,5
Atom,KM-random,11,0.6809993232340967,800,2,1168.1300674350034,0.16334858460818807,0.2779545073124997,0.44498987180069216,2
Atom,KM-random,12,0.6809993232340967,800,2,1169.0535160132758,0.16947556948367218,0.2829529540728578,0.4447170534496058,6
Atom,KM-random,13,0.6809993232340967,800,2,1169.0535160132758,0.16947556948367218,0.2829529540728578,0.4447170534496058,18
Atom,KM-random,14,0.6809993232340967,800,2,1165.6565036565062,0.1885336032086663,0.2981230883845461,0.4525418101911777,37
Atom,KM-random,15,0.6809993232340967,800,2,1170.5336529288952,0.17782042077480448,0.2896617175264994,0.4482142245437132,13
Atom,KM-random,16,0.6809993232340967,800,2,1169.0535160132758,0.16947556948367218,0.2829529540728578,0.4447170534496058,6
Atom,KM-random,17,0.6809993232340967,800,2,1165.6565036565062,0.1885336032086663,0.2981230883845461,0.4525418101911777,18
Atom,KM-random,18,0.6809993232340967,800,2,1167.1201987962665,0.17993209907394847,0.280920120324785,0.43687718156544214,14
Atom,KM-random,19,0.6809993232340967,800,2,1167.1201987962665,0.17993209907394847,0.280920120324785,0.43687718156544214,5
Atom,KM-random,20,0.6809993232340967,800,2,1210.5093418689687,0.13996907841947667,0.25821680907612893,0.44353035651691086,6
Atom,KM-random,21,0.6809993232340967,800,2,1165.6565036565062,0.1885336032086663,0.2981230883845461,0.4525418101911777,45
Atom,KM-random,22,0.6809993232340967,800,2,1167.1201987962665,0.17993209907394847,0.280920120324785,0.43687718156544214,6
Atom,KM-random,23,0.6809993232340967,800,2,1170.8978609570183,0.18206807775637826,0.29303591348443236,0.4495023359635927,15
Atom,KM-random,24,0.6809993232340967,800,2,1170.8978609570183,0.18206807775637826,0.29303591348443236,0.4495023359635927,26
Atom,KM-random,25,0.6809993232340967,800,2,1170.8978609570183,0.18206807775637826,0.29303591348443236,0.4495023359635927,23
Atom,KM-random,26,0.6809993232340967,800,2,1169.0535160132758,0.16947556948367218,0.2829529540728578,0.4447170534496058,6
Atom,KM-random,27,0.6809993232340967,800,2,1169.0535160132758,0.16947556948367218,0.2829529540728578,0.4447170534496058,22
Atom,KM-random,28,0.6809993232340967,800,2,1167.1201987962665,0.17993209907394847,0.280920120324785,0.43687718156544214,12
Atom,KM-random,29,0.6809993232340967,800,2,1167.1201987962665,0.17993209907394847,0.280920120324785,0.43687718156544214,10
Atom,KM-random,30,0.6809993232340967,800,2,1170.8978609570183,0.18206807775637826,0.29303591348443236,0.4495023359635927,13
Atom,KM-random,31,0.6809993232340967,800,2,1170.8978609570183,0.18206807775637826,0.29303591348443236,0.4495023359635927,9
Atom,KM-random,32,0.6809993232340967,800,2,1170.8978609570183,0.18206807775637826,0.29303591348443236,0.4495023359635927,20
Atom,KM-random,33,0.6809993232340967,800,2,1170.8978609570183,0.18206807775637826,0.29303591348443236,0.4495023359635927,6
Atom,KM-random,34,0.6809993232340967,800,2,1164.9797862584674,0.17362291811872066,0.2863008624887743,0.4503179300297954,8
Atom,KM-random,35,0.6809993232340967,800,2,1168.2455528445337,0.16537837454636672,0.27961759941755115,0.44465723092105947,9
Atom,KM-random,36,0.6809993232340967,800,2,1169.0535160132758,0.16947556948367218,0.2829529540728578,0.4447170534496058,13
Atom,KM-random,37,0.6809993232340967,800,2,1169.0535160132758,0.16947556948367218,0.2829529540728578,0.4447170534496058,4
Atom,KM-random,38,0.6809993232340967,800,2,1167.1201987962665,0.17993209907394847,0.280920120324785,0.43687718156544214,11
Atom,KM-random,39,0.6809993232340967,800,2,1165.6565036565062,0.1885336032086663,0.2981230883845461,0.4525418101911777,37
Atom,KM-random,40,0.6809993232340967,800,2,1170.5336529288952,0.17782042077480448,0.2896617175264994,0.4482142245437132,12
Atom,KM-random,41,0.6809993232340967,800,2,1169.0535160132758,0.16947556948367218,0.2829529540728578,0.4447170534496058,33
Atom,KM-random,42,0.6809993232340967,800,2,1170.8978609570183,0.18206807775637826,0.29303591348443236,0.4495023359635927,23
Atom,KM-random,43,0.6809993232340967,800,2,1167.1201987962665,0.17993209907394847,0.280920120324785,0.43687718156544214,16
Atom,KM-random,44,0.6809993232340967,800,2,1165.6565036565062,0.1885336032086663,0.2981230883845461,0.4525418101911777,13
Atom,KM-random,45,0.6809993232340967,800,2,1165.6565036565062,0.1885336032086663,0.2981230883845461,0.4525418101911777,30
Atom,KM-random,46,0.6809993232340967,800,2,1165.6565036565062,0.1885336032086663,0.2981230883845461,0.4525418101911777,34
Atom,KM-random,47,0.6809993232340967,800,2,1167.1201987962665,0.17993209907394847,0.280920120324785,0.43687718156544214,13
Atom,KM-random,48,0.6809993232340967,800,2,1210.5093418689687,0.13996907841947667,0.25821680907612893,0.44353035651691086,10
Atom,KM-random,49,0.6809993232340967,800,2,1170.5336529288952,0.17782042077480448,0.2896617175264994,0.4482142245437132,13
Hepta,CCKM,-1,0.6818511800848515,212,7,23.616147503960676,1.0,1.0,0.6722341049232723,4
Hepta,Maxmin,-1,0.6818511800848515,212,7,23.616147503960676,1.0,0.9999999999999999,0.6722341049232723,4
Hepta,KM++,0,0.6818511800848515,212,7,23.616147503960676,1.0,1.0,0.6722341049232723,6
Hepta,KM++,1,0.6818511800848515,212,7,23.616147503960676,1.0,1.0,0.6722341049232723,6
Hepta,KM++,2,0.6818511800848515,212,7,23.616147503960676,1.0,1.0,0.6722341049232723,2
Hepta,KM++,3,0.6818511800848515,212,7,42.53913464280995,0.7964509874393214,0.9059761611230065,0.5950075173939232,4
Hepta,KM++,4,0.6818511800848515,212,7,45.641590525459954,0.7678227756565668,0.8718825013383107,0.557544403001085,6
Hepta,KM++,5,0.6818511800848515,212,7,42.556294957456544,0.8029132775825638,0.9056950224876537,0.5488433979180368,7
Hepta,KM++,6,0.6818511800848515,212,7,23.616147503960676,1.0,1.0,0.6722341049232723,4
Hepta,KM++,7,0.6818511800848515,212,7,42.51266150857166,0.7964509874393214,0.9059761611230065,0.5953796914007489,3
Hepta,KM++,8,0.6818511800848515,212,7,23.616147503960676,1.0,1.0,0.6722341049232723,3
Hepta,KM++,9,0.6818511800848515,212,7,23.616147503960676,1.0,0.9999999999999999,0.6722341049232723,8
Hepta,KM++,10,0.6818511800848515,212,7,23.616147503960676,1.0,1.0,0.6722341049232723,3
Hepta,KM++,11,0.6818511800848515,212,7,45.68001614351957,0.7610788378050615,0.866486766584775,0.5462245686769859,5
Hepta,KM++,12,0.6818511800848515,212,7,23.616147503960676,1.0,1.0,0.6722341049232723,3
Hepta,KM++,13,0.6818511800848515,212,7,23.616147503960676,1.0,0.9999999999999999,0.6722341049232723,4
Hepta,KM++,14,0.6818511800848515,212,7,42.7285804486571,0.7994133374431326,0.907117086430743,0.5849601883932469,4
Hepta,KM++,15,0.6818511800848515,212,7,23.616147503960676,1.0,1.0,0.6722341049232723,3
Hepta,KM++,16,0.6818511800848515,212,7,23.616147503960676,1.0,1.0,0.6722341049232723,3
Hepta,KM++,17,0.6818511800848515,212,7,23.616147503960676,1.0,0.9999999999999999,0.6722341049232723,4
Hepta,KM++,18,0.6818511800848515,212,7,43.49935509820092,0.797044342890135,0.9062020378314881,0.5669808518523831,10
Hepta,KM++,19,0.6818511800848515,212,7,23.616147503960676,1.0,1.0,0.6722341049232723,6
Hepta,KM++,20,0.6818511800848515,212,7,23.616147503960676,1.0,1.0,0.6722341049232723,8
Hepta,KM++,21,0.6818511800848515,212,7,45.653812843376315,0.7493984276716179,0.8518922046226054,0.539798321619595,4
Hepta,KM++,22,0.6818511800848515,212,7,23.616147503960676,1.0,1.0,0.6722341049232723,7
Hepta,KM++,23,0.6818511800848515,212,7,23.616147503960676,1.0,1.0,0.6722341049232723,4
Hepta,KM++,24,0.6818511800848515,212,7,50.800410988708826,0.7938808615357724,0.9109392368898896,0.5169659396596583,3
Hepta,KM++,25,0.6818511800848515,212,7,45.68001614351957,0.7610788378050615,0.8664867665847749,0.5462245686769859,5
Hepta,KM++,26,0.6818511800848515,212,7,44.010540471355185,0.7980322839509331,0.9065810312019007,0.5452127437249357,11
Hepta,KM++,27,0.6818511800848515,212,7,23.616147503960676,1.0,1.0,0.6722341049232723,5
Hepta,KM++,28,0.6818511800848515,212,7,23.616147503960676,1.0,1.0,0.6722341049232723,3
Hepta,KM++,29,0.6818511800848515,212,7,46.33548422912962,0.7627263179962638,0.8645241202181824,0.5270274625775336,3
Hepta,KM++,30,0.6818511800848515,212,7,23.616147503960676,1.0,1.0,0.6722341049232723,3
Hepta,KM++,31,0.6818511800848515,212,7,23.616147503960676,1.0,1.0,0.6722341049232723,4
Hepta,KM++,32,0.6818511800848515,212,7,60.13730136624617,0.8033313482943016,0.922559299257644,0.49152659141381955,3
Hepta,KM++,33,0.6818511800848515,212,7,50.74409238123925,0.7938808615357724,0.9109392368898896,0.5107783847586644,7
Hepta,KM++,34,0.6818511800848515,212,7,42.7285804486571,0.7994133374431326,0.907117086430743,0.5849601883932469,10
Hepta,KM++,35,0.6818511800848515,212,7,42.65307338663051,0.7979410989816287,0.9033524774740598,0.552294183678518,8
Hepta,KM++,36,0.6818511800848515,212,7,23.616147503960676,1.0,1.0,0.6722341049232723,9
Hepta,KM++,37,0.6818511800848515,212,7,23.616147503960676,1.0,1.0,0.6722341049232723,3
Hepta,KM++,38,0.6818511800848515,212,7,23.616147503960676,1.0,1.0,0.6722341049232723,5
Hepta,KM++,39,0.6818511800848515,212,7,23.616147503960676,1.0,1.0,0.6722341049232723,3
Hepta,KM++,40,0.6818511800848515,212,7,23.616147503960676,1.0,1.0,0.6722341049232723,3
Hepta,KM++,41,0.6818511800848515,212,7,42.51266150857166,0.7964509874393214,0.9059761611230065,0.5953796914007489,10
Hepta,KM++,42,0.6818511800848515,212,7,23.616147503960676,1.0,1.0,0.6722341049232723,7
Hepta,KM++,43,0.6818511800848515,212,7,23.616147503960676,1.0,1.0,0.6722341049232723,3
Hepta,KM++,44,0.6818511800848515,212,7,23.616147503960676,1.0,0.9999999999999999,0.6722341049232723,4
Hepta,KM++,45,0.6818511800848515,212,7,43.43633453509473,0.7934986593334943,0.897296544655606,0.5654596655195414,15
Hepta,KM++,46,0.6818511800848515,212,7,23.616147503960676,1.0,1.0,0.6722341049232723,4
Hepta,KM++,47,0.6818511800848515,212,7,43.443036490731345,0.797044342890135,0.9062020378314881,0.5641544423259633,8
Hepta,KM++,48,0.6818511800848515,212,7,23.616147503960676,1.0,1.0,0.6722341049232723,8
Hepta,KM++,49,0.6818511800848515,212,7,23.616147503960676,1.0,1.0,0.6722341049232723,3
Hepta,KM++greedy,0,0.6818511800848515,212,7,23.616147503960676,1.0,1.0,0.6722341049232723,2
Hepta,KM++greedy,1,0.6818511800848515,212,7,23.616147503960676,1.0,1.0,0.6722341049232723,4
Hepta,KM++greedy,2,0.6818511800848515,212,7,23.616147503960676,1.0,1.0,0.6722341049232723,2
Hepta,KM++greedy,3,0.6818511800848515,212,7,23.616147503960676,1.0,1.0,0.6722341049232723,3
Hepta,KM++greedy,4,0.6818511800848515,212,7,23.616147503960676,1.0,0.9999999999999999,0.6722341049232723,2
Hepta,KM++greedy,5,0.6818511800848515,212,7,23.616147503960676,1.0,1.0,0.6722341049232723,3
Hepta,KM++greedy,6,0.6818511800848515,212,7,23.616147503960676,1.0,1.0,0.6722341049232723,3
Hepta,KM++greedy,7,0.6818511800848515,212,7,23.616147503960676,1.0,1.0,0.6722341049232723,3
Hepta,KM++greedy,8,0.6818511800848515,212,7,23.616147503960676,1.0,0.9999999999999999,0.6722341049232723,3
Hepta,KM++greedy,9,0.6818511800848515,212,7,23.616147503960676,1.0,1.0,0.6722341049232723,4
Hepta,KM++greedy,10,0.6818511800848515,212,7,23.616147503960676,1.0,1.0,0.6722341049232723,3
Hepta,KM++greedy,11,0.6818511800848515,212,7,42.65307338663051,0.7979410989816287,0.9033524774740598,0.552294183678518,3
Hepta,KM++greedy,12,0.6818511800848515,212,7,23.616147503960676,1.0,1.0,0.6722341049232723,3
Hepta,KM++greedy,13,0.6818511800848515,212,7,23.616147503960676,1.0,0.9999999999999999,0.6722341049232723,3
Hepta,KM++greedy,14,0.6818511800848515,212,7,23.616147503960676,1.0,1.0,0.6722341049232723,3
Hepta,KM++greedy,15,0.6818511800848515,212,7,23.616147503960676,1.0,1.0,0.6722341049232723,5
Hepta,KM++greedy,16,0.6818511800848515,212,7,23.616147503960676,1.0,1.0,0.6722341049232723,3
Hepta,KM++greedy,17,0.6818511800848515,212,7,23.616147503960676,1.0,1.0,0.6722341049232723,4
Hepta,KM++greedy,18,0.6818511800848515,212,7,23.616147503960676,1.0,1.0,0.6722341049232723,3
Hepta,KM++greedy,19,0.6818511800848515,212,7,23.616147503960676,1.0,1.0,0.6722341049232723,4
Hepta,KM++greedy,20,0.6818511800848515,212,7,23.616147503960676,1.0,0.9999999999999999,0.6722341049232723,3
Hepta,KM++greedy,21,0.6818511800848515,212,7,23.616147503960676,1.0,1.0,0.6722341049232723,3
Hepta,KM++greedy,22,0.6818511800848515,212,7,23.616147503960676,1.0,1.0,0.6722341049232723,4
Hepta,KM++greedy,23,0.6818511800848515,212,7,23.616147503960676,1.0,0.9999999999999999,0.6722341049232723,2
Hepta,KM++greedy,24,0.6818511800848515,212,7,23.616147503960676,1.0,1.0,0.6722341049232723,4
Hepta,KM++greedy,25,0.6818511800848515,212,7,23.616147503960676,1.0,0.9999999999999999,0.6722341049232723,3
Hepta,KM++greedy,26,0.6818511800848515,212,7,23.616147503960676,1.0,1.0,0.6722341049232723,3
Hepta,KM++greedy,27,0.6818511800848515,212,7,23.616147503960676,1.0,1.0,0.6722341049232723,3
Hepta,KM++greedy,28,0.6818511800848515,212,7,23.616147503960676,1.0,0.9999999999999999,0.6722341049232723,4
Hepta,KM++greedy,29,0.6818511800848515,212,7,23.616147503960676,1.0,1.0,0.6722341049232723,3
Hepta,KM++greedy,30,0.6818511800848515,212,7,23.616147503960676,1.0,0.9999999999999999,0.6722341049232723,4
Hepta,KM++greedy,31,0.6818511800848515,212,7,23.616147503960676,1.0,0.9999999999999999,0.6722341049232723,3
Hepta,KM++greedy,32,0.6818511800848515,212,7,23.616147503960676,1.0,0.9999999999999999,0.6722341049232723,3
Hepta,KM++greedy,33,0.6818511800848515,212,7,23.616147503960676,1.0,0.9999999999999999,0.6722341049232723,3
Hepta,KM++greedy,34,0.6818511800848515,212,7,23.616147503960676,1.0,1.0,0.6722341049232723,3
Hepta,KM++greedy,35,0.6818511800848515,212,7,23.616147503960676,1.0,0.9999999999999999,0.6722341049232723,2
Hepta,KM++greedy,36,0.6818511800848515,212,7,23.616147503960676,1.0,1.0,0.6722341049232723,3
Hepta,KM++greedy,37,0.6818511800848515,212,7,23.616147503960676,1.0,1.0,0.6722341049232723,3
Hepta,KM++greedy,38,0.6818511800848515,212,7,23.616147503960676,1.0,0.9999999999999999,0.6722341049232723,4
Hepta,KM++greedy,39,0.6818511800848515,212,7,23.616147503960676,1.0,0.9999999999999999,0.6722341049232723,3
Hepta,KM++greedy,40,0.6818511800848515,212,7,23.616147503960676,1.0,1.0,0.6722341049232723,3
Hepta,KM++greedy,41,0.6818511800848515,212,7,23.616147503960676,1.0,1.0,0.6722341049232723,2
Hepta,KM++greedy,42,0.6818511800848515,212,7,23.616147503960676,1.0,1.0,0.6722341049232723,3
Hepta,KM++greedy,43,0.6818511800848515,212,7,23.616147503960676,1.0,1.0,0.6722341049232723,3
Hepta,KM++greedy,44,0.6818511800848515,212,7,23.616147503960676,1.0,1.0,0.6722341049232723,3
Hepta,KM++greedy,45,0.6818511800848515,212,7,23.616147503960676,1.0,1.0,0.6722341049232723,3
Hepta,KM++greedy,46,0.6818511800848515,212,7,23.616147503960676,1.0,0.9999999999999999,0.6722341049232723,3
Hepta,KM++greedy,47,0.6818511800848515,212,7,23.616147503960676,1.0,1.0,0.6722341049232723,3
Hepta,KM++greedy,48,0.6818511800848515,212,7,23.616147503960676,1.0,1.0,0.6722341049232723,3
Hepta,KM++greedy,49,0.6818511800848515,212,7,23.616147503960676,1.0,1.0,0.6722341049232723,3
Hepta,BF-refine,0,0.6818511800848515,212,7,23.616147503960676,1.0,1.0,0.6722341049232723,2
Hepta,BF-refine,1,0.6818511800848515,212,7,23.616147503960676,1.0,0.9999999999999999,0.6722341049232723,2
Hepta,BF-refine,2,0.6818511800848515,212,7,23.616147503960676,1.0,1.0,0.6722341049232723,2
Hepta,BF-refine,3,0.6818511800848515,212,7,23.616147503960676,1.0,1.0,0.6722341049232723,2
Hepta,BF-refine,4,0.6818511800848515,212,7,23.616147503960676,1.0,1.0,0.6722341049232723,2
Hepta,BF-refine,5,0.6818511800848515,212,7,23.616147503960676,1.0,1.0,0.6722341049232723,2
Hepta,BF-refine,6,0.6818511800848515,212,7,23.616147503960676,1.0,1.0,0.6722341049232723,2
Hepta,BF-refine,7,0.6818511800848515,212,7,23.616147503960676,1.0,1.0,0.6722341049232723,2
Hepta,BF-refine,8,0.6818511800848515,212,7,23.616147503960676,1.0,1.0,0.6722341049232723,2
Hepta,BF-refine,9,0.6818511800848515,212,7,23.616147503960676,1.0,0.9999999999999999,0.6722341049232723,2
Hepta,BF-refine,10,0.6818511800848515,212,7,23.616147503960676,1.0,0.9999999999999999,0.6722341049232723,2
Hepta,BF-refine,11,0.6818511800848515,212,7,23.616147503960676,1.0,1.0,0.6722341049232723,2
Hepta,BF-refine,12,0.6818511800848515,212,7,23.616147503960676,1.0,1.0,0.6722341049232723,2
Hepta,BF-refine,13,0.6818511800848515,212,7,23.616147503960676,1.0,1.0,0.6722341049232723,2
Hepta,BF-refine,14,0.6818511800848515,212,7,23.616147503960676,1.0,1.0,0.6722341049232723,2
Hepta,BF-refine,15,0.6818511800848515,212,7,23.616147503960676,1.0,1.0,0.6722341049232723,2
Hepta,BF-refine,16,0.6818511800848515,212,7,23.616147503960676,1.0,1.0,0.6722341049232723,2
Hepta,BF-refine,17,0.6818511800848515,212,7,23.616147503960676,1.0,1.0,0.6722341049232723,2
Hepta,BF-refine,18,0.6818511800848515,212,7,23.616147503960676,1.0,0.9999999999999999,0.6722341049232723,2
Hepta,BF-refine,19,0.6818511800848515,212,7,23.616147503960676,1.0,1.0,0.6722341049232723,2
Hepta,BF-refine,20,0.6818511800848515,212,7,23.616147503960676,1.0,0.9999999999999999,0.6722341049232723,2
Hepta,BF-refine,21,0.6818511800848515,212,7,23.616147503960676,1.0,1.0,0.6722341049232723,2
Hepta,BF-refine,22,0.6818511800848515,212,7,23.616147503960676,1.0,1.0,0.6722341049232723,2
Hepta,BF-refine,23,0.6818511800848515,212,7,23.616147503960676,1.0,1.0,0.6722341049232723,2
Hepta,BF-refine,24,0.6818511800848515,212,7,23.616147503960676,1.0,1.0,0.6722341049232723,2
Hepta,BF-refine,25,0.6818511800848515,212,7,23.616147503960676,1.0,1.0,0.6722341049232723,2
Hepta,BF-refine,26,0.6818511800848515,212,7,23.616147503960676,1.0,1.0,0.6722341049232723,2
Hepta,BF-refine,27,0.6818511800848515,212,7,23.616147503960676,1.0,1.0,0.6722341049232723,2
Hepta,BF-refine,28,0.6818511800848515,212,7,23.616147503960676,1.0,1.0,0.6722341049232723,2
Hepta,BF-refine,29,0.6818511800848515,212,7,23.616147503960676,1.0,1.0,0.6722341049232723,3
Hepta,BF-refine,30,0.6818511800848515,212,7,23.616147503960676,1.0,0.9999999999999999,0.6722341049232723,2
Hepta,BF-refine,31,0.6818511800848515,212,7,23.616147503960676,1.0,0.9999999999999999,0.6722341049232723,2
Hepta,BF-refine,32,0.6818511800848515,212,7,23.616147503960676,1.0,1.0,0.6722341049232723,2
Hepta,BF-refine,33,0.6818511800848515,212,7,23.616147503960676,1.0,0.9999999999999999,0.6722341049232723,2
Hepta,BF-refine,34,0.6818511800848515,212,7,23.616147503960676,1.0,1.0,0.6722341049232723,3
Hepta,BF-refine,35,0.6818511800848515,212,7,23.616147503960676,1.0,0.9999999999999999,0.6722341049232723,3
Hepta,BF-refine,36,0.6818511800848515,212,7,23.616147503960676,1.0,0.9999999999999999,0.6722341049232723,2
Hepta,BF-refine,37,0.6818511800848515,212,7,23.616147503960676,1.0,1.0,0.6722341049232723,2
Hepta,BF-refine,38,0.6818511800848515,212,7,23.616147503960676,1.0,1.0,0.6722341049232723,2
Hepta,BF-refine,39,0.6818511800848515,212,7,23.616147503960676,1.0,1.0,0.6722341049232723,2
Hepta,BF-refine,40,0.6818511800848515,212,7,23.616147503960676,1.0,0.9999999999999999,0.6722341049232723,2
Hepta,BF-refine,41,0.6818511800848515,212,7,23.616147503960676,1.0,0.9999999999999999,0.6722341049232723,2
Hepta,BF-refine,42,0.6818511800848515,212,7,23.616147503960676,1.0,1.0,0.6722341049232723,2
Hepta,BF-refine,43,0.6818511800848515,212,7,23.616147503960676,1.0,1.0,0.6722341049232723,2
Hepta,BF-refine,44,0.6818511800848515,212,7,23.616147503960676,1.0,1.0,0.6722341049232723,2
Hepta,BF-refine,45,0.6818511800848515,212,7,23.616147503960676,1.0,1.0,0.6722341049232723,2
Hepta,BF-refine,46,0.6818511800848515,212,7,23.616147503960676,1.0,1.0,0.6722341049232723,2
Hepta,BF-refine,47,0.6818511800848515,212,7,23.616147503960676,1.0,1.0,0.6722341049232723,2
Hepta,BF-refine,48,0.6818511800848515,212,7,23.616147503960676,1.0,1.0,0.6722341049232723,2
Hepta,BF-refine,49,0.6818511800848515,212,7,23.616147503960676,1.0,1.0,0.6722341049232723,2
Hepta,KM-random,0,0.6818511800848515,212,7,23.616147503960676,1.0,1.0,0.6722341049232723,5
Hepta,KM-random,1,0.6818511800848515,212,7,23.616147503960676,1.0,0.9999999999999999,0.6722341049232723,7
Hepta,KM-random,2,0.6818511800848515,212,7,76.646251676112,0.5322900844299768,0.7978817560768329,0.41521462808090887,5
Hepta,KM-random,3,0.6818511800848515,212,7,61.57907763877407,0.7992547491267845,0.9209136843077368,0.48174166002345165,10
Hepta,KM-random,4,0.6818511800848515,212,7,45.54912414075422,0.7727186019741485,0.8736468673387341,0.5631555760562016,8
Hepta,KM-random,5,0.6818511800848515,212,7,23.616147503960676,1.0,0.9999999999999999,0.6722341049232723,6
Hepta,KM-random,6,0.6818511800848515,212,7,82.28205208666245,0.6227263270657716,0.821147410640841,0.40842430695921395,14
Hepta,KM-random,7,0.6818511800848515,212,7,62.91634231248686,0.8002272733901286,0.9213000985653584,0.4760872009478421,5
Hepta,KM-random,8,0.6818511800848515,212,7,23.616147503960676,1.0,1.0,0.6722341049232723,6
Hepta,KM-random,9,0.6818511800848515,212,7,60.33451333180787,0.7799105132939715,0.8950208360951782,0.485309733057833,10
Hepta,KM-random,10,0.6818511800848515,212,7,42.556294957456544,0.8029132775825638,0.9056950224876538,0.5488433979180368,5
Hepta,KM-random,11,0.6818511800848515,212,7,45.648870828697376,0.7606294790844639,0.864693147117924,0.5503819276167714,9
Hepta,KM-random,12,0.6818511800848515,212,7,82.1622232989939,0.5474748910233391,0.7682551274884508,0.3825562535839226,8
Hepta,KM-random,13,0.6818511800848515,212,7,42.51266150857166,0.7964509874393214,0.9059761611230065,0.5953796914007489,5
Hepta,KM-random,14,0.6818511800848515,212,7,23.616147503960676,1.0,1.0,0.6722341049232723,8
Hepta,KM-random,15,0.6818511800848515,212,7,23.616147503960676,1.0,0.9999999999999999,0.6722341049232723,8
Hepta,KM-random,16,0.6818511800848515,212,7,76.65165726138115,0.5301931680898943,0.7891652315156399,0.4232805254901899,6
Hepta,KM-random,17,0.6818511800848515,212,7,43.448768399393494,0.7962531037095675,0.9059011180687766,0.5657538246698535,6
Hepta,KM-random,18,0.6818511800848515,212,7,23.616147503960676,1.0,0.9999999999999999,0.6722341049232723,4
Hepta,KM-random,19,0.6818511800848515,212,7,23.616147503960676,1.0,1.0,0.6722341049232723,5
Hepta,KM-random,20,0.6818511800848515,212,7,83.02832666716726,0.590567977992878,0.7955524466932786,0.43844923522520796,5
Hepta,KM-random,21,0.6818511800848515,212,7,43.49935509820092,0.797044342890135,0.9062020378314881,0.5669808518523831,21
Hepta,KM-random,22,0.6818511800848515,212,7,23.616147503960676,1.0,1.0,0.6722341049232723,7
Hepta,KM-random,23,0.6818511800848515,212,7,45.591248225157756,0.7684363798167362,0.8720991086334716,0.5553293394379335,7
Hepta,KM-random,24,0.6818511800848515,212,7,50.77353214196669,0.7930963546185851,0.9106360137023283,0.5156619098656909,9
Hepta,KM-random,25,0.6818511800848515,212,7,42.556294957456544,0.8029132775825638,0.9056950224876537,0.5488433979180368,13
Hepta,KM-random,26,0.6818511800848515,212,7,43.443036490731345,0.797044342890135,0.9062020378314881,0.5641544423259633,11
Hepta,KM-random,27,0.6818511800848515,212,7,45.61199042774627,0.7694580190300617,0.8724625482085295,0.5566462512703838,7
Hepta,KM-random,28,0.6818511800848515,212,7,61.55655578508984,0.7986706612597176,0.9206833853218185,0.48801453076904067,5
Hepta,KM-random,29,0.6818511800848515,212,7,23.616147503960676,1.0,0.9999999999999999,0.6722341049232723,6
Hepta,KM-random,30,0.6818511800848515,212,7,23.616147503960676,1.0,1.0,0.6722341049232723,12
Hepta,KM-random,31,0.6818511800848515,212,7,43.43633453509473,0.7934986593334943,0.8972965446556059,0.5654596655195414,10
Hepta,KM-random,32,0.6818511800848515,212,7,23.616147503960676,1.0,0.9999999999999999,0.6722341049232723,5
Hepta,KM-random,33,0.6818511800848515,212,7,23.616147503960676,1.0,1.0,0.6722341049232723,15
Hepta,KM-random,34,0.6818511800848515,212,7,23.616147503960676,1.0,0.9999999999999999,0.6722341049232723,6
Hepta,KM-random,35,0.6818511800848515,212,7,23.616147503960676,1.0,1.0,0.6722341049232723,5
Hepta,KM-random,36,0.6818511800848515,212,7,43.49935509820092,0.797044342890135,0.9062020378314881,0.5669808518523831,12
Hepta,KM-random,37,0.6818511800848515,212,7,49.99201243762804,0.7992547491267845,0.9209136843077369,0.5191915811975188,4
Hepta,KM-random,38,0.6818511800848515,212,7,43.443036490731345,0.797044342890135,0.9062020378314881,0.5641544423259633,12
Hepta,KM-random,39,0.6818511800848515,212,7,44.082795601020734,0.7994133374431326,0.907117086430743,0.5545373702710442,6
Hepta,KM-random,40,0.6818511800848515,212,7,23.616147503960676,1.0,1.0,0.6722341049232723,7
Hepta,KM-random,41,0.6818511800848515,212,7,23.616147503960676,1.0,0.9999999999999999,0.6722341049232723,5
Hepta,KM-random,42,0.6818511800848515,212,7,43.84461047044003,0.8088190313190834,0.9109864989670582,0.5620088909730983,10
Hepta,KM-random,43,0.6818511800848515,212,7,42.7285804486571,0.7994133374431326,0.907117086430743,0.5849601883932469,5
Hepta,KM-random,44,0.6818511800848515,212,7,23.616147503960676,1.0,0.9999999999999999,0.6722341049232723,5
Hepta,KM-random,45,0.6818511800848515,212,7,23.616147503960676,1.0,0.9999999999999999,0.6722341049232723,5
Hepta,KM-random,46,0.6818511800848515,212,7,62.75366052641944,0.7984758696468902,0.9206068731372857,0.48441843296650133,14
Hepta,KM-random,47,0.6818511800848515,212,7,42.7285804486571,0.7994133374431326,0.907117086430743,0.5849601883932469,4
Hepta,KM-random,48,0.6818511800848515,212,7,23.616147503960676,1.0,1.0,0.6722341049232723,5
Hepta,KM-random,49,0.6818511800848515,212,7,43.47247625145879,0.7962531037095675,0.9059011180687766,0.5670695169458935,8
Lsun,CCKM,-1,1.0,400,3,214.01494577797328,0.40516397636640666,0.5260340144735256,0.5286950757378547,5
Lsun,Maxmin,-1,1.0,400,3,214.01494577797328,0.40516397636640666,0.5260340144735256,0.5286950757378547,5
Lsun,KM++,0,1.0,400,3,214.01494577797328,0.40516397636640666,0.5260340144735256,0.5286950757378547,8
Lsun,KM++,1,1.0,400,3,214.01494577797328,0.40516397636640666,0.5260340144735256,0.5286950757378547,8
Lsun,KM++,2,1.0,400,3,214.01494577797328,0.40516397636640666,0.5260340144735256,0.5286950757378547,7
Lsun,KM++,3,1.0,400,3,214.01494577797328,0.40516397636640666,0.5260340144735256,0.5286950757378547,9
Lsun,KM++,4,1.0,400,3,214.01494577797328,0.40516397636640666,0.5260340144735256,0.5286950757378547,6
Lsun,KM++,5,1.0,400,3,214.01494577797328,0.40516397636640666,0.5260340144735256,0.5286950757378547,22
Lsun,KM++,6,1.0,400,3,214.01494577797328,0.40516397636640666,0.5260340144735256,0.5286950757378547,6
Lsun,KM++,7,1.0,400,3,214.01494577797328,0.40516397636640666,0.5260340144735256,0.5286950757378547,6
Lsun,KM++,8,1.0,400,3,214.01494577797328,0.40516397636640666,0.5260340144735256,0.5286950757378547,10
Lsun,KM++,9,1.0,400,3,214.01494577797328,0.40516397636640666,0.5260340144735256,0.5286950757378547,6
Lsun,KM++,10,1.0,400,3,214.01494577797328,0.40516397636640666,0.5260340144735256,0.5286950757378547,11
Lsun,KM++,11,1.0,400,3,214.01494577797328,0.40516397636640666,0.5260340144735256,0.5286950757378547,5
Lsun,KM++,12,1.0,400,3,214.01494577797328,0.40516397636640666,0.5260340144735256,0.5286950757378547,5
Lsun,KM++,13,1.0,400,3,214.01494577797328,0.40516397636640666,0.5260340144735256,0.5286950757378547,7
Lsun,KM++,14,1.0,400,3,214.01494577797328,0.40516397636640666,0.5260340144735256,0.5286950757378547,6
Lsun,KM++,15,1.0,400,3,214.01494577797328,0.40516397636640666,0.5260340144735256,0.5286950757378547,7
Lsun,KM++,16,1.0,400,3,214.01494577797328,0.40516397636640666,0.5260340144735256,0.5286950757378547,6
Lsun,KM++,17,1.0,400,3,214.01494577797328,0.40516397636640666,0.5260340144735256,0.5286950757378547,5
Lsun,KM++,18,1.0,400,3,214.01494577797328,0.40516397636640666,0.5260340144735256,0.5286950757378547,10
Lsun,KM++,19,1.0,400,3,214.01494577797328,0.40516397636640666,0.5260340144735256,0.5286950757378547,6
Lsun,KM++,20,1.0,400,3,214.01494577797328,0.40516397636640666,0.5260340144735256,0.5286950757378547,9
Lsun,KM++,21,1.0,400,3,214.01494577797328,0.40516397636640666,0.5260340144735256,0.5286950757378547,8
Lsun,KM++,22,1.0,400,3,214.01494577797328,0.40516397636640666,0.5260340144735256,0.5286950757378547,7
Lsun,KM++,23,1.0,400,3,214.01494577797328,0.40516397636640666,0.5260340144735256,0.5286950757378547,5
Lsun,KM++,24,1.0,400,3,214.01494577797328,0.40516397636640666,0.5260340144735256,0.5286950757378547,5
Lsun,KM++,25,1.0,400,3,214.01494577797328,0.40516397636640666,0.5260340144735256,0.5286950757378547,5
Lsun,KM++,26,1.0,400,3,214.01494577797328,0.40516397636640666,0.5260340144735256,0.5286950757378547,7
Lsun,KM++,27,1.0,400,3,214.01494577797328,0.40516397636640666,0.5260340144735256,0.5286950757378547,6
Lsun,KM++,28,1.0,400,3,214.01494577797328,0.40516397636640666,0.5260340144735256,0.5286950757378547,7
Lsun,KM++,29,1.0,400,3,214.01494577797328,0.40516397636640666,0.5260340144735256,0.5286950757378547,7
Lsun,KM++,30,1.0,400,3,214.01494577797328,0.40516397636640666,0.5260340144735256,0.5286950757378547,7
Lsun,KM++,31,1.0,400,3,214.01494577797328,0.40516397636640666,0.5260340144735256,0.5286950757378547,6
Lsun,KM++,32,1.0,400,3,214.01494577797328,0.40516397636640666,0.5260340144735256,0.5286950757378547,8
Lsun,KM++,33,1.0,400,3,214.01494577797328,0.40516397636640666,0.5260340144735256,0.5286950757378547,20
Lsun,KM++,34,1.0,400,3,214.01494577797328,0.40516397636640666,0.5260340144735256,0.5286950757378547,8
Lsun,KM++,35,1.0,400,3,214.01494577797328,0.40516397636640666,0.5260340144735256,0.5286950757378547,5
Lsun,KM++,36,1.0,400,3,214.01494577797328,0.40516397636640666,0.5260340144735256,0.5286950757378547,6
Lsun,KM++,37,1.0,400,3,214.01494577797328,0.40516397636640666,0.5260340144735256,0.5286950757378547,11
Lsun,KM++,38,1.0,400,3,214.01494577797328,0.40516397636640666,0.5260340144735256,0.5286950757378547,11
Lsun,KM++,39,1.0,400,3,214.01494577797328,0.40516397636640666,0.5260340144735256,0.5286950757378547,8
Lsun,KM++,40,1.0,400,3,214.01494577797328,0.40516397636640666,0.5260340144735256,0.5286950757378547,8
Lsun,KM++,41,1.0,400,3,214.01494577797328,0.40516397636640666,0.5260340144735256,0.5286950757378547,10
Lsun,KM++,42,1.0,400,3,214.01494577797328,0.40516397636640666,0.5260340144735256,0.5286950757378547,7
Lsun,KM++,43,1.0,400,3,214.01494577797328,0.40516397636640666,0.5260340144735256,0.5286950757378547,23
Lsun,KM++,44,1.0,400,3,214.01494577797328,0.40516397636640666,0.5260340144735256,0.5286950757378547,7
Lsun,KM++,45,1.0,400,3,366.77453108000867,0.45567656575366144,0.6114601950581755,0.37954526814532286,5
Lsun,KM++,46,1.0,400,3,214.01494577797328,0.40516397636640666,0.5260340144735256,0.5286950757378547,5
Lsun,KM++,47,1.0,400,3,214.01494577797328,0.40516397636640666,0.5260340144735256,0.5286950757378547,6
Lsun,KM++,48,1.0,400,3,214.01494577797328,0.40516397636640666,0.5260340144735256,0.5286950757378547,8
Lsun,KM++,49,1.0,400,3,214.01494577797328,0.40516397636640666,0.5260340144735256,0.5286950757378547,7
Lsun,KM++greedy,0,1.0,400,3,214.01494577797328,0.40516397636640666,0.5260340144735256,0.5286950757378547,5
Lsun,KM++greedy,1,1.0,400,3,214.01494577797328,0.40516397636640666,0.5260340144735256,0.5286950757378547,6
Lsun,KM++greedy,2,1.0,400,3,214.01494577797328,0.40516397636640666,0.5260340144735256,0.5286950757378547,6
Lsun,KM++greedy,3,1.0,400,3,214.01494577797328,0.40516397636640666,0.5260340144735256,0.5286950757378547,7
Lsun,KM++greedy,4,1.0,400,3,366.89766454742056,0.4504231016620807,0.6026992431922548,0.3774444848316774,5
Lsun,KM++greedy,5,1.0,400,3,214.01494577797328,0.40516397636640666,0.5260340144735256,0.5286950757378547,5
Lsun,KM++greedy,6,1.0,400,3,214.01494577797328,0.40516397636640666,0.5260340144735256,0.5286950757378547,7
Lsun,KM++greedy,7,1.0,400,3,214.01494577797328,0.40516397636640666,0.5260340144735256,0.5286950757378547,6
Lsun,KM++greedy,8,1.0,400,3,214.01494577797328,0.40516397636640666,0.5260340144735256,0.5286950757378547,5
Lsun,KM++greedy,9,1.0,400,3,214.01494577797328,0.40516397636640666,0.5260340144735256,0.5286950757378547,6
Lsun,KM++greedy,10,1.0,400,3,214.01494577797328,0.40516397636640666,0.5260340144735256,0.5286950757378547,7
Lsun,KM++greedy,11,1.0,400,3,214.01494577797328,0.40516397636640666,0.5260340144735256,0.5286950757378547,5
Lsun,KM++greedy,12,1.0,400,3,214.01494577797328,0.40516397636640666,0.5260340144735256,0.5286950757378547,5
Lsun,KM++greedy,13,1.0,400,3,214.01494577797328,0.40516397636640666,0.5260340144735256,0.5286950757378547,7
Lsun,KM++greedy,14,1.0,400,3,214.01494577797328,0.40516397636640666,0.5260340144735256,0.5286950757378547,5
Lsun,KM++greedy,15,1.0,400,3,214.01494577797328,0.40516397636640666,0.5260340144735256,0.5286950757378547,6
Lsun,KM++greedy,16,1.0,400,3,214.01494577797328,0.40516397636640666,0.5260340144735256,0.5286950757378547,4
Lsun,KM++greedy,17,1.0,400,3,214.01494577797328,0.40516397636640666,0.5260340144735256,0.5286950757378547,6
Lsun,KM++greedy,18,1.0,400,3,214.01494577797328,0.40516397636640666,0.5260340144735256,0.5286950757378547,6
Lsun,KM++greedy,19,1.0,400,3,214.01494577797328,0.40516397636640666,0.5260340144735256,0.5286950757378547,5
Lsun,KM++greedy,20,1.0,400,3,214.01494577797328,0.40516397636640666,0.5260340144735256,0.5286950757378547,5
Lsun,KM++greedy,21,1.0,400,3,214.01494577797328,0.40516397636640666,0.5260340144735256,0.5286950757378547,4
Lsun,KM++greedy,22,1.0,400,3,214.01494577797328,0.40516397636640666,0.5260340144735256,0.5286950757378547,6
Lsun,KM++greedy,23,1.0,400,3,214.01494577797328,0.40516397636640666,0.5260340144735256,0.5286950757378547,7
Lsun,KM++greedy,24,1.0,400,3,214.01494577797328,0.40516397636640666,0.5260340144735256,0.5286950757378547,6
Lsun,KM++greedy,25,1.0,400,3,214.01494577797328,0.40516397636640666,0.5260340144735256,0.5286950757378547,6
Lsun,KM++greedy,26,1.0,400,3,214.01494577797328,0.40516397636640666,0.5260340144735256,0.5286950757378547,6
Lsun,KM++greedy,27,1.0,400,3,214.01494577797328,0.40516397636640666,0.5260340144735256,0.5286950757378547,6
Lsun,KM++greedy,28,1.0,400,3,214.01494577797328,0.40516397636640666,0.5260340144735256,0.5286950757378547,4
Lsun,KM++greedy,29,1.0,400,3,214.01494577797328,0.40516397636640666,0.5260340144735256,0.5286950757378547,5
Lsun,KM++greedy,30,1.0,400,3,214.01494577797328,0.40516397636640666,0.5260340144735256,0.5286950757378547,5
Lsun,KM++greedy,31,1.0,400,3,214.01494577797328,0.40516397636640666,0.5260340144735256,0.5286950757378547,4
Lsun,KM++greedy,32,1.0,400,3,214.01494577797328,0.40516397636640666,0.5260340144735256,0.5286950757378547,6
Lsun,KM++greedy,33,1.0,400,3,214.01494577797328,0.40516397636640666,0.5260340144735256,0.5286950757378547,7
Lsun,KM++greedy,34,1.0,400,3,214.01494577797328,0.40516397636640666,0.5260340144735256,0.5286950757378547,5
Lsun,KM++greedy,35,1.0,400,3,214.01494577797328,0.40516397636640666,0.5260340144735256,0.5286950757378547,12
Lsun,KM++greedy,36,1.0,400,3,214.01494577797328,0.40516397636640666,0.5260340144735256,0.5286950757378547,7
Lsun,KM++greedy,37,1.0,400,3,214.01494577797328,0.40516397636640666,0.5260340144735256,0.5286950757378547,6
Lsun,KM++greedy,38,1.0,400,3,214.01494577797328,0.40516397636640666,0.5260340144735256,0.5286950757378547,6
Lsun,KM++greedy,39,1.0,400,3,214.01494577797328,0.40516397636640666,0.5260340144735256,0.5286950757378547,6
Lsun,KM++greedy,40,1.0,400,3,214.01494577797328,0.40516397636640666,0.5260340144735256,0.5286950757378547,3
Lsun,KM++greedy,41,1.0,400,3,214.01494577797328,0.40516397636640666,0.5260340144735256,0.5286950757378547,4
Lsun,KM++greedy,42,1.0,400,3,214.01494577797328,0.40516397636640666,0.5260340144735256,0.5286950757378547,8
Lsun,KM++greedy,43,1.0,400,3,214.01494577797328,0.40516397636640666,0.5260340144735256,0.5286950757378547,4
Lsun,KM++greedy,44,1.0,400,3,214.01494577797328,0.40516397636640666,0.5260340144735256,0.5286950757378547,7
Lsun,KM++greedy,45,1.0,400,3,214.01494577797328,0.40516397636640666,0.5260340144735256,0.5286950757378547,6
Lsun,KM++greedy,46,1.0,400,3,214.01494577797328,0.40516397636640666,0.5260340144735256,0.5286950757378547,5
Lsun,KM++greedy,47,1.0,400,3,214.01494577797328,0.40516397636640666,0.5260340144735256,0.5286950757378547,5
Lsun,KM++greedy,48,1.0,400,3,214.01494577797328,0.40516397636640666,0.5260340144735256,0.5286950757378547,7
Lsun,KM++greedy,49,1.0,400,3,214.01494577797328,0.40516397636640666,0.5260340144735256,0.5286950757378547,7
Lsun,BF-refine,0,1.0,400,3,214.01494577797328,0.40516397636640666,0.5260340144735256,0.5286950757378547,2
Lsun,BF-refine,1,1.0,400,3,214.01494577797328,0.40516397636640666,0.5260340144735256,0.5286950757378547,5
Lsun,BF-refine,2,1.0,400,3,214.01494577797328,0.40516397636640666,0.5260340144735256,0.5286950757378547,4
Lsun,BF-refine,3,1.0,400,3,214.01494577797328,0.40516397636640666,0.5260340144735256,0.5286950757378547,4
Lsun,BF-refine,4,1.0,400,3,214.01494577797328,0.40516397636640666,0.5260340144735256,0.5286950757378547,4
Lsun,BF-refine,5,1.0,400,3,214.01494577797328,0.40516397636640666,0.5260340144735256,0.5286950757378547,5
Lsun,BF-refine,6,1.0,400,3,214.01494577797328,0.40516397636640666,0.5260340144735256,0.5286950757378547,4
Lsun,BF-refine,7,1.0,400,3,214.01494577797328,0.40516397636640666,0.5260340144735256,0.5286950757378547,4
Lsun,BF-refine,8,1.0,400,3,214.01494577797328,0.40516397636640666,0.5260340144735256,0.5286950757378547,3
Lsun,BF-refine,9,1.0,400,3,214.01494577797328,0.40516397636640666,0.5260340144735256,0.5286950757378547,4
Lsun,BF-refine,10,1.0,400,3,214.01494577797328,0.40516397636640666,0.5260340144735256,0.5286950757378547,3
Lsun,BF-refine,11,1.0,400,3,214.01494577797328,0.40516397636640666,0.5260340144735256,0.5286950757378547,3
Lsun,BF-refine,12,1.0,400,3,214.01494577797328,0.40516397636640666,0.5260340144735256,0.5286950757378547,4
Lsun,BF-refine,13,1.0,400,3,214.01494577797328,0.40516397636640666,0.5260340144735256,0.5286950757378547,4
Lsun,BF-refine,14,1.0,400,3,214.01494577797328,0.40516397636640666,0.5260340144735256,0.5286950757378547,5
Lsun,BF-refine,15,1.0,400,3,214.01494577797328,0.40516397636640666,0.5260340144735256,0.5286950757378547,6
Lsun,BF-refine,16,1.0,400,3,214.01494577797328,0.40516397636640666,0.5260340144735256,0.5286950757378547,4
Lsun,BF-refine,17,1.0,400,3,214.01494577797328,0.40516397636640666,0.5260340144735256,0.5286950757378547,3
Lsun,BF-refine,18,1.0,400,3,214.01494577797328,0.40516397636640666,0.5260340144735256,0.5286950757378547,3
Lsun,BF-refine,19,1.0,400,3,214.01494577797328,0.40516397636640666,0.5260340144735256,0.5286950757378547,3
Lsun,BF-refine,20,1.0,400,3,214.01494577797328,0.40516397636640666,0.5260340144735256,0.5286950757378547,4
Lsun,BF-refine,21,1.0,400,3,214.01494577797328,0.40516397636640666,0.5260340144735256,0.5286950757378547,4
Lsun,BF-refine,22,1.0,400,3,214.01494577797328,0.40516397636640666,0.5260340144735256,0.5286950757378547,4
Lsun,BF-refine,23,1.0,400,3,214.01494577797328,0.40516397636640666,0.5260340144735256,0.5286950757378547,5
Lsun,BF-refine,24,1.0,400,3,214.01494577797328,0.40516397636640666,0.5260340144735256,0.5286950757378547,4
Lsun,BF-refine,25,1.0,400,3,214.01494577797328,0.40516397636640666,0.5260340144735256,0.5286950757378547,3
Lsun,BF-refine,26,1.0,400,3,214.01494577797328,0.40516397636640666,0.5260340144735256,0.5286950757378547,4
Lsun,BF-refine,27,1.0,400,3,214.01494577797328,0.40516397636640666,0.5260340144735256,0.5286950757378547,3
Lsun,BF-refine,28,1.0,400,3,214.01494577797328,0.40516397636640666,0.5260340144735256,0.5286950757378547,3
Lsun,BF-refine,29,1.0,400,3,214.01494577797328,0.40516397636640666,0.5260340144735256,0.5286950757378547,3
Lsun,BF-refine,30,1.0,400,3,214.01494577797328,0.40516397636640666,0.5260340144735256,0.5286950757378547,5
Lsun,BF-refine,31,1.0,400,3,214.01494577797328,0.40516397636640666,0.5260340144735256,0.5286950757378547,2
Lsun,BF-refine,32,1.0,400,3,214.01494577797328,0.40516397636640666,0.5260340144735256,0.5286950757378547,3
Lsun,BF-refine,33,1.0,400,3,214.01494577797328,0.40516397636640666,0.5260340144735256,0.5286950757378547,4
Lsun,BF-refine,34,1.0,400,3,214.01494577797328,0.40516397636640666,0.5260340144735256,0.5286950757378547,5
Lsun,BF-refine,35,1.0,400,3,214.01494577797328,0.40516397636640666,0.5260340144735256,0.5286950757378547,3
Lsun,BF-refine,36,1.0,400,3,214.01494577797328,0.40516397636640666,0.5260340144735256,0.5286950757378547,2
Lsun,BF-refine,37,1.0,400,3,214.01494577797328,0.40516397636640666,0.5260340144735256,0.5286950757378547,3
Lsun,BF-refine,38,1.0,400,3,214.01494577797328,0.40516397636640666,0.5260340144735256,0.5286950757378547,3
Lsun,BF-refine,39,1.0,400,3,214.01494577797328,0.40516397636640666,0.5260340144735256,0.5286950757378547,5
Lsun,BF-refine,40,1.0,400,3,214.01494577797328,0.40516397636640666,0.5260340144735256,0.5286950757378547,3
Lsun,BF-refine,41,1.0,400,3,214.01494577797328,0.40516397636640666,0.5260340144735256,0.5286950757378547,6
Lsun,BF-refine,42,1.0,400,3,214.01494577797328,0.40516397636640666,0.5260340144735256,0.5286950757378547,4
Lsun,BF-refine,43,1.0,400,3,214.01494577797328,0.40516397636640666,0.5260340144735256,0.5286950757378547,3
Lsun,BF-refine,44,1.0,400,3,214.01494577797328,0.40516397636640666,0.5260340144735256,0.5286950757378547,3
Lsun,BF-refine,45,1.0,400,3,214.01494577797328,0.40516397636640666,0.5260340144735256,0.5286950757378547,5
Lsun,BF-refine,46,1.0,400,3,214.01494577797328,0.40516397636640666,0.5260340144735256,0.5286950757378547,6
Lsun,BF-refine,47,1.0,400,3,214.01494577797328,0.40516397636640666,0.5260340144735256,0.5286950757378547,5
Lsun,BF-refine,48,1.0,400,3,214.01494577797328,0.40516397636640666,0.5260340144735256,0.5286950757378547,3
Lsun,BF-refine,49,1.0,400,3,214.01494577797328,0.40516397636640666,0.5260340144735256,0.5286950757378547,3
Lsun,KM-random,0,1.0,400,3,214.01494577797328,0.40516397636640666,0.5260340144735256,0.5286950757378547,7
Lsun,KM-random,1,1.0,400,3,214.01494577797328,0.40516397636640666,0.5260340144735256,0.5286950757378547,6
Lsun,KM-random,2,1.0,400,3,214.01494577797328,0.40516397636640666,0.5260340144735256,0.5286950757378547,7
Lsun,KM-random,3,1.0,400,3,214.01494577797328,0.40516397636640666,0.5260340144735256,0.5286950757378547,9
Lsun,KM-random,4,1.0,400,3,214.01494577797328,0.40516397636640666,0.5260340144735256,0.5286950757378547,7
Lsun,KM-random,5,1.0,400,3,214.01494577797328,0.40516397636640666,0.5260340144735256,0.5286950757378547,6
Lsun,KM-random,6,1.0,400,3,214.01494577797328,0.40516397636640666,0.5260340144735256,0.5286950757378547,10
Lsun,KM-random,7,1.0,400,3,214.01494577797328,0.40516397636640666,0.5260340144735256,0.5286950757378547,9
Lsun,KM-random,8,1.0,400,3,214.01494577797328,0.40516397636640666,0.5260340144735256,0.5286950757378547,5
Lsun,KM-random,9,1.0,400,3,214.01494577797328,0.40516397636640666,0.5260340144735256,0.5286950757378547,7
Lsun,KM-random,10,1.0,400,3,214.01494577797328,0.40516397636640666,0.5260340144735256,0.5286950757378547,6
Lsun,KM-random,11,1.0,400,3,214.01494577797328,0.40516397636640666,0.5260340144735256,0.5286950757378547,9
Lsun,KM-random,12,1.0,400,3,214.01494577797328,0.40516397636640666,0.5260340144735256,0.5286950757378547,8
Lsun,KM-random,13,1.0,400,3,214.01494577797328,0.40516397636640666,0.5260340144735256,0.5286950757378547,8
Lsun,KM-random,14,1.0,400,3,214.01494577797328,0.40516397636640666,0.5260340144735256,0.5286950757378547,8
Lsun,KM-random,15,1.0,400,3,214.01494577797328,0.40516397636640666,0.5260340144735256,0.5286950757378547,6
Lsun,KM-random,16,1.0,400,3,214.01494577797328,0.40516397636640666,0.5260340144735256,0.5286950757378547,11
Lsun,KM-random,17,1.0,400,3,214.01494577797328,0.40516397636640666,0.5260340144735256,0.5286950757378547,5
Lsun,KM-random,18,1.0,400,3,214.01494577797328,0.40516397636640666,0.5260340144735256,0.5286950757378547,9
Lsun,KM-random,19,1.0,400,3,214.01494577797328,0.40516397636640666,0.5260340144735256,0.5286950757378547,6
Lsun,KM-random,20,1.0,400,3,214.01494577797328,0.40516397636640666,0.5260340144735256,0.5286950757378547,9
Lsun,KM-random,21,1.0,400,3,214.01494577797328,0.40516397636640666,0.5260340144735256,0.5286950757378547,9
Lsun,KM-random,22,1.0,400,3,214.01494577797328,0.40516397636640666,0.5260340144735256,0.5286950757378547,5
Lsun,KM-random,23,1.0,400,3,214.01494577797328,0.40516397636640666,0.5260340144735256,0.5286950757378547,4
Lsun,KM-random,24,1.0,400,3,214.01494577797328,0.40516397636640666,0.5260340144735256,0.5286950757378547,9
Lsun,KM-random,25,1.0,400,3,214.01494577797328,0.40516397636640666,0.5260340144735256,0.5286950757378547,7
Lsun,KM-random,26,1.0,400,3,214.01494577797328,0.40516397636640666,0.5260340144735256,0.5286950757378547,5
Lsun,KM-random,27,1.0,400,3,214.01494577797328,0.40516397636640666,0.5260340144735256,0.5286950757378547,5
Lsun,KM-random,28,1.0,400,3,214.01494577797328,0.40516397636640666,0.5260340144735256,0.5286950757378547,12
Lsun,KM-random,29,1.0,400,3,214.01494577797328,0.40516397636640666,0.5260340144735256,0.5286950757378547,6
Lsun,KM-random,30,1.0,400,3,214.01494577797328,0.40516397636640666,0.5260340144735256,0.5286950757378547,8
Lsun,KM-random,31,1.0,400,3,214.01494577797328,0.40516397636640666,0.5260340144735256,0.5286950757378547,4
Lsun,KM-random,32,1.0,400,3,214.01494577797328,0.40516397636640666,0.5260340144735256,0.5286950757378547,6
Lsun,KM-random,33,1.0,400,3,214.01494577797328,0.40516397636640666,0.5260340144735256,0.5286950757378547,8
Lsun,KM-random,34,1.0,400,3,214.01494577797328,0.40516397636640666,0.5260340144735256,0.5286950757378547,7
Lsun,KM-random,35,1.0,400,3,214.01494577797328,0.40516397636640666,0.5260340144735256,0.5286950757378547,8
Lsun,KM-random,36,1.0,400,3,214.01494577797328,0.40516397636640666,0.5260340144735256,0.5286950757378547,7
Lsun,KM-random,37,1.0,400,3,214.01494577797328,0.40516397636640666,0.5260340144735256,0.5286950757378547,7
Lsun,KM-random,38,1.0,400,3,214.01494577797328,0.40516397636640666,0.5260340144735256,0.5286950757378547,7
Lsun,KM-random,39,1.0,400,3,214.01494577797328,0.40516397636640666,0.5260340144735256,0.5286950757378547,4
Lsun,KM-random,40,1.0,400,3,214.01494577797328,0.40516397636640666,0.5260340144735256,0.5286950757378547,6
Lsun,KM-random,41,1.0,400,3,214.01494577797328,0.40516397636640666,0.5260340144735256,0.5286950757378547,19
Lsun,KM-random,42,1.0,400,3,214.01494577797328,0.40516397636640666,0.5260340144735256,0.5286950757378547,8
Lsun,KM-random,43,1.0,400,3,214.01494577797328,0.40516397636640666,0.5260340144735256,0.5286950757378547,7
Lsun,KM-random,44,1.0,400,3,214.01494577797328,0.40516397636640666,0.5260340144735256,0.5286950757378547,17
Lsun,KM-random,45,1.0,400,3,214.01494577797328,0.40516397636640666,0.5260340144735256,0.5286950757378547,7
Lsun,KM-random,46,1.0,400,3,214.01494577797328,0.40516397636640666,0.5260340144735256,0.5286950757378547,4
Lsun,KM-random,47,1.0,400,3,214.01494577797328,0.40516397636640666,0.5260340144735256,0.5286950757378547,4
Lsun,KM-random,48,1.0,400,3,214.01494577797328,0.40516397636640666,0.5260340144735256,0.5286950757378547,7
Lsun,KM-random,49,1.0,400,3,214.01494577797328,0.40516397636640666,0.5260340144735256,0.5286950757378547,8
Target,CCKM,-1,1.0,770,6,696.1050233944715,0.3780061545980431,0.4702080742294545,0.4463254296708985,6
Target,Maxmin,-1,1.0,770,6,959.1455622497969,0.19472236264285198,0.37568549689741043,0.3973989773024164,4
Target,KM++,0,1.0,770,6,488.5054678223364,0.6955729251490301,0.7292410414884846,0.5270050617895145,18
Target,KM++,1,1.0,770,6,405.87524759754314,0.6577949224431988,0.6751795182478345,0.5520003920258916,11
Target,KM++,2,1.0,770,6,300.9922252412062,0.6347042864590289,0.6360131201874402,0.5818927863338402,11
Target,KM++,3,1.0,770,6,303.7323038677489,0.6350271573919927,0.6360550823047006,0.5800359566204053,22
Target,KM++,4,1.0,770,6,350.4265199772695,0.6570307127755353,0.674807233562068,0.5720833913853829,10
Target,KM++,5,1.0,770,6,352.22815119674516,0.6577069960254013,0.6752750750606411,0.5732751846589198,11
Target,KM++,6,1.0,770,6,352.22815119674516,0.6577069960254013,0.6752750750606411,0.5732751846589198,21
Target,KM++,7,1.0,770,6,349.5611018431986,0.6572627816995014,0.6750383140305648,0.5721049935113074,23
Target,KM++,8,1.0,770,6,405.87524759754314,0.6577949224431988,0.6751795182478345,0.5520003920258916,8
Target,KM++,9,1.0,770,6,300.5936837679432,0.6350917054373927,0.636334898851931,0.5821778352654225,5
Target,KM++,10,1.0,770,6,303.7323038677489,0.6350271573919927,0.6360550823047008,0.5800359566204053,21
Target,KM++,11,1.0,770,6,504.68401821393826,0.6919317767702375,0.7208646342304867,0.5231709330926785,28
Target,KM++,12,1.0,770,6,349.5611018431986,0.6572627816995014,0.6750383140305647,0.5721049935113074,26
Target,KM++,13,1.0,770,6,350.75993010952,0.6571687320015853,0.6749006702711555,0.5717476962180819,24
Target,KM++,14,1.0,770,6,317.95189162741616,0.635071802764517,0.6359587593285521,0.5627377976173867,8
Target,KM++,15,1.0,770,6,350.44463848413096,0.6570164833000173,0.6748110605086975,0.5720283147794971,8
Target,KM++,16,1.0,770,6,350.7401780445685,0.6574676741242073,0.6752275237518134,0.572196048053459,22
Target,KM++,17,1.0,770,6,350.2261970273492,0.6572830573631805,0.6750651574605977,0.5727314098038813,10
Target,KM++,18,1.0,770,6,349.5611018431986,0.6572627816995014,0.6750383140305647,0.5721049935113074,25
Target,KM++,19,1.0,770,6,351.1429500764051,0.3845133579246543,0.5702064614292921,0.376574484795353,13
Target,KM++,20,1.0,770,6,350.79371942746235,0.3844011349317445,0.5701513397663694,0.377009276488598,11
Target,KM++,21,1.0,770,6,352.22815119674516,0.6577069960254013,0.675275075060641,0.5732751846589198,9
Target,KM++,22,1.0,770,6,350.41679492893235,0.6570583167124919,0.6748264531576678,0.5720074271127978,30
Target,KM++,23,1.0,770,6,523.926135027713,0.5392719704244142,0.5597886531922318,0.4974748868637911,18
Target,KM++,24,1.0,770,6,308.3730807965247,0.6366752622162033,0.6371564206759767,0.5783411389018328,10
Target,KM++,25,1.0,770,6,498.68803680919206,0.6953200668281674,0.7290603338842503,0.5255132431094065,19
Target,KM++,26,1.0,770,6,300.9922252412062,0.6347042864590289,0.6360131201874404,0.5818927863338402,13
Target,KM++,27,1.0,770,6,483.66394153465137,0.6921173043313036,0.720978156757102,0.527684631291738,30
Target,KM++,28,1.0,770,6,350.41679492893235,0.6570583167124919,0.6748264531576678,0.5720074271127978,11
Target,KM++,29,1.0,770,6,351.0939478767003,0.6571536481792838,0.6749297767506602,0.5725273042334874,8
Target,KM++,30,1.0,770,6,314.5839674052472,0.6345024509036274,0.6356107682567984,0.5733635567124732,13
Target,KM++,31,1.0,770,6,349.5611018431986,0.6572627816995014,0.6750383140305648,0.5721049935113074,15
Target,KM++,32,1.0,770,6,349.5611018431986,0.6572627816995014,0.6750383140305647,0.5721049935113074,29
Target,KM++,33,1.0,770,6,308.3730807965247,0.6366752622162033,0.6371564206759766,0.5783411389018328,7
Target,KM++,34,1.0,770,6,308.31221139570755,0.636418714175416,0.6369894433707994,0.5779780762780857,7
Target,KM++,35,1.0,770,6,520.6175368336479,0.5516039405766987,0.5695803712159024,0.49924975316347725,14
Target,KM++,36,1.0,770,6,312.83313472315194,0.6348880476675015,0.6359386131959132,0.5746512130540355,6
Target,KM++,37,1.0,770,6,307.65395762992614,0.6344038849082971,0.6355944968242442,0.5756559550695011,14
Target,KM++,38,1.0,770,6,488.26144151470146,0.6956287646551198,0.7292566923545891,0.5269290121826428,18
Target,KM++,39,1.0,770,6,317.373613888761,0.6351662652658955,0.6361012066791827,0.565326833268706,10
Target,KM++,40,1.0,770,6,308.3730807965247,0.6366752622162033,0.6371564206759766,0.5783411389018328,14
Target,KM++,41,1.0,770,6,348.9188360539467,0.657777785277512,0.6754555832846706,0.5726626482991044,19
Target,KM++,42,1.0,770,6,348.9188360539467,0.657777785277512,0.6754555832846705,0.5726626482991044,20
Target,KM++,43,1.0,770,6,490.0394324233602,0.6957971059196986,0.729439906285767,0.5268917893843116,15
Target,KM++,44,1.0,770,6,350.7401780445685,0.6574676741242073,0.6752275237518133,0.572196048053459,24
Target,KM++,45,1.0,770,6,300.6673825491584,0.6352501793079001,0.6364893136160786,0.5829231195220698,7
Target,KM++,46,1.0,770,6,350.8751436562089,0.3844782883201543,0.5701902300713312,0.3772919072294341,29
Target,KM++,47,1.0,770,6,350.6335007107205,0.6573033330521311,0.675087662193783,0.5722952616698047,7
Target,KM++,48,1.0,770,6,315.56088231976753,0.6350686168695856,0.6360857042333696,0.5707202478542566,7
Target,KM++,49,1.0,770,6,350.75993010952,0.6571687320015853,0.6749006702711555,0.5717476962180819,33
Target,KM++greedy,0,1.0,770,6,351.1429500764051,0.3845133579246543,0.5702064614292922,0.376574484795353,21
Target,KM++greedy,1,1.0,770,6,303.7323038677489,0.6350271573919927,0.6360550823047008,0.5800359566204053,7
Target,KM++greedy,2,1.0,770,6,300.1046490729303,0.6355486669217713,0.6366556472934053,0.5823791023636123,7
Target,KM++greedy,3,1.0,770,6,350.7689682771089,0.3839382071366866,0.5700525868938581,0.3774316022541825,9
Target,KM++greedy,4,1.0,770,6,300.40969835722103,0.6359231526486708,0.6369032365193115,0.5823690535601869,5
Target,KM++greedy,5,1.0,770,6,300.44983527029456,0.6354381101871709,0.6365532632828067,0.581668085862106,6
Target,KM++greedy,6,1.0,770,6,312.83313472315194,0.6348880476675015,0.6359386131959132,0.5746512130540355,10
Target,KM++greedy,7,1.0,770,6,300.1335591259141,0.6357909614405269,0.636840109159389,0.5822737705851343,9
Target,KM++greedy,8,1.0,770,6,300.7777458645685,0.6352183593544026,0.6363060658474853,0.5812853432394622,9
Target,KM++greedy,9,1.0,770,6,308.31221139570755,0.636418714175416,0.6369894433707994,0.5779780762780857,8
Target,KM++greedy,10,1.0,770,6,352.1755502206273,0.3844782883201543,0.5701902300713312,0.37054056022013654,24
Target,KM++greedy,11,1.0,770,6,303.7323038677489,0.6350271573919927,0.6360550823047006,0.5800359566204053,14
Target,KM++greedy,12,1.0,770,6,300.1046490729303,0.6355486669217713,0.6366556472934053,0.5823791023636123,11
Target,KM++greedy,13,1.0,770,6,307.65395762992614,0.6344038849082971,0.635594496824244,0.5756559550695011,7
Target,KM++greedy,14,1.0,770,6,350.79371942746235,0.3844011349317445,0.5701513397663693,0.377009276488598,15
Target,KM++greedy,15,1.0,770,6,315.5813409421793,0.6343624236191906,0.6355606338982117,0.5732944007912755,6
Target,KM++greedy,16,1.0,770,6,300.9922252412062,0.6347042864590289,0.6360131201874404,0.5818927863338402,11
Target,KM++greedy,17,1.0,770,6,308.1281654512317,0.6345697290305174,0.6357419898606745,0.5781010195280561,9
Target,KM++greedy,18,1.0,770,6,352.18614866094816,0.3846045385526558,0.57021718177842,0.3708153682457578,13
Target,KM++greedy,19,1.0,770,6,308.13444887139804,0.6343974306804324,0.6355859464530061,0.5759908250850633,7
Target,KM++greedy,20,1.0,770,6,300.79001718071095,0.6353059134355015,0.6365143515937489,0.5831224685562518,10
Target,KM++greedy,21,1.0,770,6,300.7777458645685,0.6352183593544026,0.6363060658474853,0.5812853432394622,10
Target,KM++greedy,22,1.0,770,6,309.43513873727835,0.634738760344232,0.6357399682052204,0.5724560296048322,10
Target,KM++greedy,23,1.0,770,6,303.7323038677489,0.6350271573919927,0.6360550823047008,0.5800359566204053,13
Target,KM++greedy,24,1.0,770,6,312.7962722584501,0.6348184921112736,0.63589831751248,0.574935258189404,4
Target,KM++greedy,25,1.0,770,6,300.57637259015337,0.635556940255142,0.6365903558447157,0.5816779070458364,4
Target,KM++greedy,26,1.0,770,6,308.3730807965247,0.6366752622162033,0.6371564206759766,0.5783411389018328,8
Target,KM++greedy,27,1.0,770,6,308.0428386424439,0.6344729868269838,0.6356627032275037,0.5760682638445197,5
Target,KM++greedy,28,1.0,770,6,303.7323038677489,0.6350271573919927,0.6360550823047008,0.5800359566204053,24
Target,KM++greedy,29,1.0,770,6,350.8516210809233,0.3840153626578513,0.5700914644312846,0.377682884831173,6
Target,KM++greedy,30,1.0,770,6,308.3730807965247,0.6366752622162033,0.6371564206759767,0.5783411389018328,6
Target,KM++greedy,31,1.0,770,6,303.7323038677489,0.6350271573919927,0.6360550823047008,0.5800359566204053,12
Target,KM++greedy,32,1.0,770,6,300.57787607061823,0.634946595225035,0.6362083865109373,0.5821370914581603,7
Target,KM++greedy,33,1.0,770,6,308.31221139570755,0.636418714175416,0.6369894433707994,0.5779780762780857,11
Target,KM++greedy,34,1.0,770,6,307.6773880491447,0.6344319816464838,0.6355997976643338,0.5755641778779582,7
Target,KM++greedy,35,1.0,770,6,303.7323038677489,0.6350271573919927,0.6360550823047008,0.5800359566204053,27
Target,KM++greedy,36,1.0,770,6,527.3904663505675,0.5486081085502374,0.5671576737465327,0.49780991977958583,13
Target,KM++greedy,37,1.0,770,6,317.95189162741616,0.635071802764517,0.6359587593285522,0.5627377976173867,13
Target,KM++greedy,38,1.0,770,6,300.7777458645685,0.6352183593544026,0.6363060658474854,0.5812853432394622,6
Target,KM++greedy,39,1.0,770,6,300.79001718071095,0.6353059134355015,0.6365143515937489,0.5831224685562518,5
Target,KM++greedy,40,1.0,770,6,312.83313472315194,0.6348880476675015,0.6359386131959132,0.5746512130540355,11
Target,KM++greedy,41,1.0,770,6,307.6595381786073,0.6345149036719832,0.6356602459195324,0.5754441906368913,10
Target,KM++greedy,42,1.0,770,6,300.7777458645685,0.6352183593544026,0.6363060658474855,0.5812853432394622,13
Target,KM++greedy,43,1.0,770,6,303.7323038677489,0.6350271573919927,0.6360550823047008,0.5800359566204053,12
Target,KM++greedy,44,1.0,770,6,308.31221139570755,0.636418714175416,0.6369894433707994,0.5779780762780857,14
Target,KM++greedy,45,1.0,770,6,314.4145880189534,0.6344540799151153,0.6355743095328852,0.5735824145725339,9
Target,KM++greedy,46,1.0,770,6,300.1046490729303,0.6355486669217713,0.6366556472934053,0.5823791023636123,9
Target,KM++greedy,47,1.0,770,6,350.79113206623913,0.3844011349317445,0.5701513397663693,0.377009276488598,16
Target,KM++greedy,48,1.0,770,6,350.8751436562089,0.3844782883201543,0.5701902300713312,0.3772919072294341,21
Target,KM++greedy,49,1.0,770,6,423.31612770915916,0.38436358798530895,0.5699460188317594,0.35007493280674384,9
Target,BF-refine,0,1.0,770,6,350.75993010952,0.6571687320015853,0.6749006702711555,0.5717476962180819,9
Target,BF-refine,1,1.0,770,6,350.7401780445685,0.6574676741242073,0.6752275237518134,0.572196048053459,6
Target,BF-refine,2,1.0,770,6,350.61295700622657,0.6572619273316633,0.6750591557807563,0.5722022132090616,5
Target,BF-refine,3,1.0,770,6,350.45858734431795,0.6570160558091147,0.6748230681614018,0.5721403734267076,4
Target,BF-refine,4,1.0,770,6,351.0220819567274,0.6574012270272626,0.6751264907690951,0.5722596619077039,5
Target,BF-refine,5,1.0,770,6,310.1319784169925,0.6350847122302581,0.6360016261817381,0.5734394817176341,6
Target,BF-refine,6,1.0,770,6,349.9411341927912,0.6571286084001839,0.6748343195143044,0.5725492997015927,5
Target,BF-refine,7,1.0,770,6,349.9574134728927,0.6570872028059912,0.6748070893259217,0.5725492683358278,8
Target,BF-refine,8,1.0,770,6,350.2261970273492,0.6572830573631805,0.6750651574605977,0.5727314098038813,7
Target,BF-refine,9,1.0,770,6,317.06201119930904,0.634350883359115,0.6354784665053737,0.5651709148695381,6
Target,BF-refine,10,1.0,770,6,350.04900044480826,0.657180824729619,0.6749601029315969,0.5729331701003111,5
Target,BF-refine,11,1.0,770,6,350.2261970273492,0.6572830573631805,0.6750651574605978,0.5727314098038813,4
Target,BF-refine,12,1.0,770,6,349.9574134728927,0.6570872028059912,0.6748070893259217,0.5725492683358278,8
Target,BF-refine,13,1.0,770,6,350.75993010952,0.6571687320015853,0.6749006702711555,0.5717476962180819,7
Target,BF-refine,14,1.0,770,6,350.04900044480826,0.657180824729619,0.6749601029315969,0.5729331701003111,9
Target,BF-refine,15,1.0,770,6,348.6545112515538,0.6573167078200206,0.6751069587863571,0.5728354361089193,6
Target,BF-refine,16,1.0,770,6,351.0939478767003,0.6571536481792838,0.6749297767506602,0.5725273042334874,8
Target,BF-refine,17,1.0,770,6,350.5249915925114,0.6571191433212658,0.6749053132185879,0.5718209652787897,4
Target,BF-refine,18,1.0,770,6,348.5913007200447,0.657365014384138,0.6751412258942107,0.5728448730964281,10
Target,BF-refine,19,1.0,770,6,300.6673825491584,0.6352501793079001,0.6364893136160789,0.5829231195220698,6
Target,BF-refine,20,1.0,770,6,348.5913007200447,0.657365014384138,0.6751412258942106,0.5728448730964281,6
Target,BF-refine,21,1.0,770,6,348.9188360539467,0.657777785277512,0.6754555832846706,0.5726626482991044,6
Target,BF-refine,22,1.0,770,6,351.01926798260644,0.6572364595460846,0.6749868568485081,0.5724519898118163,7
Target,BF-refine,23,1.0,770,6,350.61295700622657,0.6572619273316633,0.6750591557807563,0.5722022132090616,5
Target,BF-refine,24,1.0,770,6,349.5611018431986,0.6572627816995014,0.6750383140305648,0.5721049935113074,9
Target,BF-refine,25,1.0,770,6,350.7401780445685,0.6574676741242073,0.6752275237518134,0.572196048053459,8
Target,BF-refine,26,1.0,770,6,300.1046490729303,0.6355486669217713,0.6366556472934052,0.5823791023636123,4
Target,BF-refine,27,1.0,770,6,303.6906245393664,0.6351929946818818,0.6361880582295029,0.5802028671132398,8
Target,BF-refine,28,1.0,770,6,350.45858734431795,0.6570160558091147,0.6748230681614018,0.5721403734267076,2
Target,BF-refine,29,1.0,770,6,350.2261970273492,0.6572830573631805,0.6750651574605977,0.5727314098038813,5
Target,BF-refine,30,1.0,770,6,351.0939478767003,0.6571536481792838,0.6749297767506601,0.5725273042334874,11
Target,BF-refine,31,1.0,770,6,303.6906245393664,0.6351929946818818,0.6361880582295029,0.5802028671132398,6
Target,BF-refine,32,1.0,770,6,349.5611018431986,0.6572627816995014,0.6750383140305648,0.5721049935113074,17
Target,BF-refine,33,1.0,770,6,526.0617706943991,0.43960933321179907,0.4874639558477073,0.4851129139356736,6
Target,BF-refine,34,1.0,770,6,350.75993010952,0.6571687320015853,0.6749006702711556,0.5717476962180819,10
Target,BF-refine,35,1.0,770,6,348.5913007200447,0.657365014384138,0.6751412258942106,0.5728448730964281,10
Target,BF-refine,36,1.0,770,6,350.04900044480826,0.657180824729619,0.6749601029315969,0.5729331701003111,6
Target,BF-refine,37,1.0,770,6,303.7323038677489,0.6350271573919927,0.6360550823047006,0.5800359566204053,15
Target,BF-refine,38,1.0,770,6,304.0133113053086,0.6347922183989059,0.635852460443897,0.5799562398549275,8
Target,BF-refine,39,1.0,770,6,350.61295700622657,0.6572619273316633,0.6750591557807561,0.5722022132090616,6
Target,BF-refine,40,1.0,770,6,349.90342548345234,0.6570734009183239,0.6747975918830512,0.5724898864106379,5
Target,BF-refine,41,1.0,770,6,303.6906245393664,0.6351929946818818,0.6361880582295029,0.5802028671132398,7
Target,BF-refine,42,1.0,770,6,300.6628122296626,0.635402196909714,0.6366254329837171,0.5829576405255356,6
Target,BF-refine,43,1.0,770,6,350.7401780445685,0.6574676741242073,0.6752275237518134,0.572196048053459,4
Target,BF-refine,44,1.0,770,6,300.7777458645685,0.6352183593544026,0.6363060658474853,0.5812853432394622,6
Target,BF-refine,45,1.0,770,6,348.5913007200447,0.657365014384138,0.6751412258942107,0.5728448730964281,8
Target,BF-refine,46,1.0,770,6,350.70622545433525,0.6575090794850205,0.6752567215606018,0.572173644717978,6
Target,BF-refine,47,1.0,770,6,350.75993010952,0.6571687320015853,0.6749006702711555,0.5717476962180819,5
Target,BF-refine,48,1.0,770,6,303.7323038677489,0.6350271573919927,0.6360550823047009,0.5800359566204053,8
Target,BF-refine,49,1.0,770,6,308.3730807965247,0.6366752622162033,0.6371564206759767,0.5783411389018328,9
Target,KM-random,0,1.0,770,6,308.3730807965247,0.6366752622162033,0.6371564206759766,0.5783411389018328,15
Target,KM-random,1,1.0,770,6,351.1429500764051,0.3845133579246543,0.5702064614292922,0.376574484795353,8
Target,KM-random,2,1.0,770,6,350.85039250585544,0.3840153626578513,0.5700914644312844,0.377682884831173,13
Target,KM-random,3,1.0,770,6,351.11819892605166,0.38405043323178045,0.5701076904385732,0.37702349794749207,26
Target,KM-random,4,1.0,770,6,348.9188360539467,0.657777785277512,0.6754555832846705,0.5726626482991044,21
Target,KM-random,5,1.0,770,6,352.4608038609928,0.3845133579246543,0.5702064614292922,0.3700533946564128,13
Target,KM-random,6,1.0,770,6,350.8725562949856,0.3844782883201543,0.5701902300713312,0.3772919072294341,16
Target,KM-random,7,1.0,770,6,308.3266021540316,0.6364537139812576,0.6370023564863407,0.5779632761340859,15
Target,KM-random,8,1.0,770,6,350.8725562949856,0.3844782883201543,0.5701902300713312,0.3772919072294341,19
Target,KM-random,9,1.0,770,6,317.09458373992175,0.6343923444213001,0.6355108475631098,0.5652377561884214,12
Target,KM-random,10,1.0,770,6,303.7323038677489,0.6350271573919927,0.6360550823047008,0.5800359566204053,26
Target,KM-random,11,1.0,770,6,315.56088231976753,0.6350686168695856,0.6360857042333696,0.5707202478542566,11
Target,KM-random,12,1.0,770,6,351.155869055183,0.384639607892773,0.5702334145966546,0.37652332169903996,13
Target,KM-random,13,1.0,770,6,300.79001718071095,0.6353059134355015,0.636514351593749,0.5831224685562518,8
Target,KM-random,14,1.0,770,6,350.85039250585544,0.3840153626578513,0.5700914644312844,0.377682884831173,12
Target,KM-random,15,1.0,770,6,303.7323038677489,0.6350271573919927,0.6360550823047008,0.5800359566204053,22
Target,KM-random,16,1.0,770,6,303.7323038677489,0.6350271573919927,0.6360550823047008,0.5800359566204053,10
Target,KM-random,17,1.0,770,6,308.3583042627572,0.6366333540005993,0.6371369238812213,0.5782498389612539,12
Target,KM-random,18,1.0,770,6,300.1046490729303,0.6355486669217713,0.6366556472934053,0.5823791023636123,21
Target,KM-random,19,1.0,770,6,308.3730807965247,0.6366752622162033,0.6371564206759767,0.5783411389018328,8
Target,KM-random,20,1.0,770,6,308.3266021540316,0.6364537139812576,0.6370023564863407,0.5779632761340859,7
Target,KM-random,21,1.0,770,6,352.44543919951855,0.38477988451885276,0.5702633704226217,0.3700688338521519,23
Target,KM-random,22,1.0,770,6,303.7323038677489,0.6350271573919927,0.6360550823047006,0.5800359566204053,12
Target,KM-random,23,1.0,770,6,300.9922252412062,0.6347042864590289,0.6360131201874403,0.5818927863338402,13
Target,KM-random,24,1.0,770,6,300.9922252412062,0.6347042864590289,0.6360131201874403,0.5818927863338402,11
Target,KM-random,25,1.0,770,6,350.2261970273492,0.6572830573631805,0.6750651574605978,0.5727314098038813,15
Target,KM-random,26,1.0,770,6,352.44543919951855,0.38477988451885276,0.5702633704226217,0.3700688338521519,17
Target,KM-random,27,1.0,770,6,351.0939478767003,0.6571536481792838,0.67492977675066,0.5725273042334874,17
Target,KM-random,28,1.0,770,6,300.6673825491584,0.6352501793079001,0.6364893136160787,0.5829231195220698,14
Target,KM-random,29,1.0,770,6,350.2261970273492,0.6572830573631805,0.6750651574605977,0.5727314098038813,21
Target,KM-random,30,1.0,770,6,308.3266021540316,0.6364537139812576,0.6370023564863407,0.5779632761340859,8
Target,KM-random,31,1.0,770,6,315.3188101345047,0.6349092329777709,0.6359588784912208,0.5727923345255723,6
Target,KM-random,32,1.0,770,6,300.57637259015337,0.635556940255142,0.6365903558447157,0.5816779070458364,10
Target,KM-random,33,1.0,770,6,300.1335591259141,0.6357909614405269,0.6368401091593887,0.5822737705851343,9
Target,KM-random,34,1.0,770,6,350.41679492893235,0.6570583167124919,0.6748264531576678,0.5720074271127978,23
Target,KM-random,35,1.0,770,6,350.41679492893235,0.6570583167124919,0.6748264531576675,0.5720074271127978,36
Target,KM-random,36,1.0,770,6,317.39962749184275,0.6351178962688042,0.6360679837475318,0.5652917860711981,12
Target,KM-random,37,1.0,770,6,303.7323038677489,0.6350271573919927,0.6360550823047008,0.5800359566204053,23
Target,KM-random,38,1.0,770,6,300.1335591259141,0.6357909614405269,0.6368401091593888,0.5822737705851343,10
Target,KM-random,39,1.0,770,6,303.7323038677489,0.6350271573919927,0.6360550823047006,0.5800359566204053,23
Target,KM-random,40,1.0,770,6,350.79371942746235,0.3844011349317445,0.5701513397663693,0.377009276488598,16
Target,KM-random,41,1.0,770,6,300.48193600776204,0.6355633954868499,0.6366115895024362,0.5809577940935826,10
Target,KM-random,42,1.0,770,6,308.00269014545495,0.6348599522627709,0.6359739038477316,0.5790187280033255,9
Target,KM-random,43,1.0,770,6,350.8725562949856,0.3844782883201543,0.5701902300713312,0.3772919072294341,18
Target,KM-random,44,1.0,770,6,350.8751436562089,0.3844782883201543,0.5701902300713312,0.3772919072294341,28
Target,KM-random,45,1.0,770,6,315.56088231976753,0.6350686168695856,0.6360857042333695,0.5707202478542566,9
Target,KM-random,46,1.0,770,6,350.8725562949856,0.3844782883201543,0.5701902300713312,0.3772919072294341,10
Target,KM-random,47,1.0,770,6,350.8751436562089,0.3844782883201543,0.5701902300713312,0.3772919072294341,29
Target,KM-random,48,1.0,770,6,312.83313472315194,0.6348880476675015,0.6359386131959132,0.5746512130540355,6
Target,KM-random,49,1.0,770,6,314.4145880189534,0.6344540799151153,0.6355743095328853,0.5735824145725339,13
Twodiamonds,CCKM,-1,1.0,800,2,1055.5518913745768,0.05522380909129222,0.0410802858432559,0.31962460600585435,9
Twodiamonds,Maxmin,-1,1.0,800,2,1062.8932620161781,0.09036899066134538,0.06715568311458624,0.31495975854322694,4
Twodiamonds,KM++,0,1.0,800,2,1055.5418282171845,0.05762687563720331,0.04284900446288842,0.3196103103223597,15
Twodiamonds,KM++,1,1.0,800,2,911.3007731298653,1.0,1.0,0.4247315727359653,2
Twodiamonds,KM++,2,1.0,800,2,1062.7767983645574,0.12493201380034093,0.09319982799577092,0.3165074807943595,7
Twodiamonds,KM++,3,1.0,800,2,911.3007731298653,1.0,1.0,0.4247315727359653,7
Twodiamonds,KM++,4,1.0,800,2,1055.5418282171845,0.05762687563720331,0.04284900446288842,0.3196103103223597,19
Twodiamonds,KM++,5,1.0,800,2,1055.4045708642768,0.039804510966443364,0.029785566503666355,0.3190354413505055,13
Twodiamonds,KM++,6,1.0,800,2,911.3007731298653,1.0,1.0,0.4247315727359653,8
Twodiamonds,KM++,7,1.0,800,2,1067.5352492534714,0.017691034533812242,0.013901909304949299,0.3114755544374532,7
Twodiamonds,KM++,8,1.0,800,2,1055.4045708642768,0.039804510966443364,0.029785566503666355,0.3190354413505055,16
Twodiamonds,KM++,9,1.0,800,2,1055.4045708642768,0.039804510966443364,0.029785566503666355,0.3190354413505055,13
Twodiamonds,KM++,10,1.0,800,2,911.3007731298653,1.0,1.0,0.4247315727359653,3
Twodiamonds,KM++,11,1.0,800,2,1055.5518913745768,0.05522380909129222,0.0410802858432559,0.31962460600585435,14
Twodiamonds,KM++,12,1.0,800,2,1055.4045708642768,0.039804510966443364,0.029785566503666355,0.3190354413505055,13
Twodiamonds,KM++,13,1.0,800,2,911.3007731298653,1.0,1.0,0.4247315727359653,8
Twodiamonds,KM++,14,1.0,800,2,911.3007731298653,1.0,1.0,0.4247315727359653,4
Twodiamonds,KM++,15,1.0,800,2,1063.3468152437886,0.25409165768092357,0.19277960607431563,0.320962164920413,9
Twodiamonds,KM++,16,1.0,800,2,911.3007731298653,1.0,1.0,0.4247315727359653,2
Twodiamonds,KM++,17,1.0,800,2,1062.7767983645574,0.12493201380034093,0.09319982799577092,0.3165074807943595,7
Twodiamonds,KM++,18,1.0,800,2,1055.5518913745768,0.05522380909129222,0.0410802858432559,0.31962460600585435,13
Twodiamonds,KM++,19,1.0,800,2,1055.4045708642768,0.039804510966443364,0.029785566503666355,0.3190354413505055,16
Twodiamonds,KM++,20,1.0,800,2,911.3007731298653,1.0,1.0,0.4247315727359653,5
Twodiamonds,KM++,21,1.0,800,2,911.3007731298653,1.0,1.0,0.4247315727359653,3
Twodiamonds,KM++,22,1.0,800,2,1062.7767983645574,0.12493201380034093,0.09319982799577092,0.3165074807943595,9
Twodiamonds,KM++,23,1.0,800,2,911.3007731298653,1.0,1.0,0.4247315727359653,9
Twodiamonds,KM++,24,1.0,800,2,911.3007731298653,1.0,1.0,0.4247315727359653,5
Twodiamonds,KM++,25,1.0,800,2,911.3007731298653,1.0,1.0,0.4247315727359653,5
Twodiamonds,KM++,26,1.0,800,2,1062.076096172539,0.3212078926082719,0.24734788152529177,0.32507758732165143,12
Twodiamonds,KM++,27,1.0,800,2,911.3007731298653,1.0,1.0,0.4247315727359653,3
Twodiamonds,KM++,28,1.0,800,2,1057.7538997786748,0.10127544136970638,0.07520591912494162,0.32001088681238954,8
Twodiamonds,KM++,29,1.0,800,2,1055.5418282171845,0.05762687563720331,0.04284900446288842,0.3196103103223597,9
Twodiamonds,KM++,30,1.0,800,2,911.3007731298653,1.0,1.0,0.4247315727359653,3
Twodiamonds,KM++,31,1.0,800,2,911.3007731298653,1.0,1.0,0.4247315727359653,3
Twodiamonds,KM++,32,1.0,800,2,1055.5518913745768,0.05522380909129222,0.0410802858432559,0.31962460600585435,9
Twodiamonds,KM++,33,1.0,800,2,1063.2764330415548,0.16705879743480342,0.1251413638134708,0.31772464808986617,6
Twodiamonds,KM++,34,1.0,800,2,911.3007731298653,1.0,1.0,0.4247315727359653,5
Twodiamonds,KM++,35,1.0,800,2,911.3007731298653,1.0,1.0,0.4247315727359653,7
Twodiamonds,KM++,36,1.0,800,2,1055.5418282171845,0.05762687563720331,0.04284900446288842,0.3196103103223597,16
Twodiamonds,KM++,37,1.0,800,2,911.3007731298653,1.0,1.0,0.4247315727359653,4
Twodiamonds,KM++,38,1.0,800,2,1055.4045708642768,0.039804510966443364,0.029785566503666355,0.3190354413505055,14
Twodiamonds,KM++,39,1.0,800,2,911.3007731298653,1.0,1.0,0.4247315727359653,8
Twodiamonds,KM++,40,1.0,800,2,911.3007731298653,1.0,1.0,0.4247315727359653,2
Twodiamonds,KM++,41,1.0,800,2,911.3007731298653,1.0,1.0,0.4247315727359653,2
Twodiamonds,KM++,42,1.0,800,2,911.3007731298653,1.0,1.0,0.4247315727359653,6
Twodiamonds,KM++,43,1.0,800,2,911.3007731298653,1.0,1.0,0.4247315727359653,3
Twodiamonds,KM++,44,1.0,800,2,911.3007731298653,1.0,1.0,0.4247315727359653,4
Twodiamonds,KM++,45,1.0,800,2,911.3007731298653,1.0,1.0,0.4247315727359653,5
Twodiamonds,KM++,46,1.0,800,2,911.3007731298653,1.0,1.0,0.4247315727359653,5
Twodiamonds,KM++,47,1.0,800,2,911.3007731298653,1.0,1.0,0.4247315727359653,4
Twodiamonds,KM++,48,1.0,800,2,911.3007731298653,1.0,1.0,0.4247315727359653,4
Twodiamonds,KM++,49,1.0,800,2,911.3007731298653,1.0,1.0,0.4247315727359653,4
Twodiamonds,KM++greedy,0,1.0,800,2,911.3007731298653,1.0,1.0,0.4247315727359653,3
Twodiamonds,KM++greedy,1,1.0,800,2,1063.1717312114197,0.13768121827411167,0.10314676567060588,0.3170163056464013,5
Twodiamonds,KM++greedy,2,1.0,800,2,911.3007731298653,1.0,1.0,0.4247315727359653,7
Twodiamonds,KM++greedy,3,1.0,800,2,1062.0446480963462,0.3269150254082024,0.2520339068127918,0.3252254982663035,3
Twodiamonds,KM++greedy,4,1.0,800,2,1055.5418282171845,0.05762687563720331,0.04284900446288842,0.3196103103223597,19
Twodiamonds,KM++greedy,5,1.0,800,2,911.3007731298653,1.0,1.0,0.4247315727359653,5
Twodiamonds,KM++greedy,6,1.0,800,2,1055.5518913745768,0.05522380909129222,0.0410802858432559,0.31962460600585435,13
Twodiamonds,KM++greedy,7,1.0,800,2,911.3007731298653,1.0,1.0,0.4247315727359653,4
Twodiamonds,KM++greedy,8,1.0,800,2,1062.2391999595532,0.31837266724887153,0.24480817949501535,0.3246421860852207,10
Twodiamonds,KM++greedy,9,1.0,800,2,1055.5418282171845,0.05762687563720331,0.04284900446288842,0.3196103103223597,16
Twodiamonds,KM++greedy,10,1.0,800,2,911.3007731298653,1.0,1.0,0.4247315727359653,2
Twodiamonds,KM++greedy,11,1.0,800,2,911.3007731298653,1.0,1.0,0.4247315727359653,2
Twodiamonds,KM++greedy,12,1.0,800,2,911.3007731298653,1.0,1.0,0.4247315727359653,4
Twodiamonds,KM++greedy,13,1.0,800,2,911.3007731298653,1.0,1.0,0.4247315727359653,19
Twodiamonds,KM++greedy,14,1.0,800,2,1062.8932620161781,0.09036899066134538,0.06715568311458624,0.31495975854322694,12
Twodiamonds,KM++greedy,15,1.0,800,2,911.3007731298653,1.0,1.0,0.4247315727359653,5
Twodiamonds,KM++greedy,16,1.0,800,2,1063.2581370644646,0.26688917905683346,0.20305794546840322,0.321698929050592,8
Twodiamonds,KM++greedy,17,1.0,800,2,911.3007731298653,1.0,1.0,0.4247315727359653,14
Twodiamonds,KM++greedy,18,1.0,800,2,911.3007731298653,1.0,1.0,0.4247315727359653,4
Twodiamonds,KM++greedy,19,1.0,800,2,911.3007731298653,1.0,1.0,0.4247315727359653,4
Twodiamonds,KM++greedy,20,1.0,800,2,911.3007731298653,1.0,1.0,0.4247315727359653,6
Twodiamonds,KM++greedy,21,1.0,800,2,911.3007731298653,1.0,1.0,0.4247315727359653,4
Twodiamonds,KM++greedy,22,1.0,800,2,911.3007731298653,1.0,1.0,0.4247315727359653,3
Twodiamonds,KM++greedy,23,1.0,800,2,1055.4045708642768,0.039804510966443364,0.029785566503666355,0.3190354413505055,10
Twodiamonds,KM++greedy,24,1.0,800,2,911.3007731298653,1.0,1.0,0.4247315727359653,5
Twodiamonds,KM++greedy,25,1.0,800,2,911.3007731298653,1.0,1.0,0.4247315727359653,5
Twodiamonds,KM++greedy,26,1.0,800,2,911.3007731298653,1.0,1.0,0.4247315727359653,5
Twodiamonds,KM++greedy,27,1.0,800,2,1055.5418282171845,0.05762687563720331,0.04284900446288842,0.3196103103223597,14
Twodiamonds,KM++greedy,28,1.0,800,2,1063.3468152437886,0.25409165768092357,0.19277960607431563,0.320962164920413,8
Twodiamonds,KM++greedy,29,1.0,800,2,1062.5422344065853,0.10288463825576546,0.0765001877726855,0.3157226157392279,6
Twodiamonds,KM++greedy,30,1.0,800,2,911.3007731298653,1.0,1.0,0.4247315727359653,2
Twodiamonds,KM++greedy,31,1.0,800,2,911.3007731298653,1.0,1.0,0.4247315727359653,4
Twodiamonds,KM++greedy,32,1.0,800,2,911.3007731298653,1.0,1.0,0.4247315727359653,6
Twodiamonds,KM++greedy,33,1.0,800,2,911.3007731298653,1.0,1.0,0.4247315727359653,3
Twodiamonds,KM++greedy,34,1.0,800,2,1055.4045708642768,0.039804510966443364,0.029785566503666355,0.3190354413505055,7
Twodiamonds,KM++greedy,35,1.0,800,2,1055.4045708642768,0.039804510966443364,0.029785566503666355,0.3190354413505055,14
Twodiamonds,KM++greedy,36,1.0,800,2,911.3007731298653,1.0,1.0,0.4247315727359653,2
Twodiamonds,KM++greedy,37,1.0,800,2,911.3007731298653,1.0,1.0,0.4247315727359653,3
Twodiamonds,KM++greedy,38,1.0,800,2,1062.3127567387437,0.3127403878913002,0.24009283907865978,0.3242850284541885,6
Twodiamonds,KM++greedy,39,1.0,800,2,1055.4045708642768,0.039804510966443364,0.029785566503666355,0.3190354413505055,14
Twodiamonds,KM++greedy,40,1.0,800,2,911.3007731298653,1.0,1.0,0.4247315727359653,8
Twodiamonds,KM++greedy,41,1.0,800,2,1057.4197386247147,0.08736489214323348,0.06489125837838047,0.3197311467092159,6
Twodiamonds,KM++greedy,42,1.0,800,2,911.3007731298653,1.0,1.0,0.4247315727359653,3
Twodiamonds,KM++greedy,43,1.0,800,2,1063.1153584138078,0.15497003455502958,0.11611377108286978,0.3174729730130989,3
Twodiamonds,KM++greedy,44,1.0,800,2,911.3007731298653,1.0,1.0,0.4247315727359653,3
Twodiamonds,KM++greedy,45,1.0,800,2,1055.4939794673626,0.05762687563720331,0.04284900446288842,0.3196103103223597,15
Twodiamonds,KM++greedy,46,1.0,800,2,911.3007731298653,1.0,1.0,0.4247315727359653,6
Twodiamonds,KM++greedy,47,1.0,800,2,911.3007731298653,1.0,1.0,0.4247315727359653,6
Twodiamonds,KM++greedy,48,1.0,800,2,911.3007731298653,1.0,1.0,0.4247315727359653,2
Twodiamonds,KM++greedy,49,1.0,800,2,911.3007731298653,1.0,1.0,0.4247315727359653,7
Twodiamonds,BF-refine,0,1.0,800,2,911.3007731298653,1.0,1.0,0.4247315727359653,2
Twodiamonds,BF-refine,1,1.0,800,2,911.3007731298653,1.0,1.0,0.4247315727359653,2
Twodiamonds,BF-refine,2,1.0,800,2,911.3007731298653,1.0,1.0,0.4247315727359653,2
Twodiamonds,BF-refine,3,1.0,800,2,1055.5418282171845,0.05762687563720331,0.04284900446288842,0.3196103103223597,18
Twodiamonds,BF-refine,4,1.0,800,2,911.3007731298653,1.0,1.0,0.4247315727359653,2
Twodiamonds,BF-refine,5,1.0,800,2,911.3007731298653,1.0,1.0,0.4247315727359653,2
Twodiamonds,BF-refine,6,1.0,800,2,911.3007731298653,1.0,1.0,0.4247315727359653,2
Twodiamonds,BF-refine,7,1.0,800,2,911.3007731298653,1.0,1.0,0.4247315727359653,2
Twodiamonds,BF-refine,8,1.0,800,2,911.3007731298653,1.0,1.0,0.4247315727359653,2
Twodiamonds,BF-refine,9,1.0,800,2,911.3007731298653,1.0,1.0,0.4247315727359653,2
Twodiamonds,BF-refine,10,1.0,800,2,911.3007731298653,1.0,1.0,0.4247315727359653,2
Twodiamonds,BF-refine,11,1.0,800,2,911.3007731298653,1.0,1.0,0.4247315727359653,2
Twodiamonds,BF-refine,12,1.0,800,2,911.3007731298653,1.0,1.0,0.4247315727359653,5
Twodiamonds,BF-refine,13,1.0,800,2,911.3007731298653,1.0,1.0,0.4247315727359653,2
Twodiamonds,BF-refine,14,1.0,800,2,911.3007731298653,1.0,1.0,0.4247315727359653,2
Twodiamonds,BF-refine,15,1.0,800,2,1057.7538997786748,0.10127544136970638,0.07520591912494162,0.32001088681238954,6
Twodiamonds,BF-refine,16,1.0,800,2,911.3007731298653,1.0,1.0,0.4247315727359653,2
Twodiamonds,BF-refine,17,1.0,800,2,911.3007731298653,1.0,1.0,0.4247315727359653,2
Twodiamonds,BF-refine,18,1.0,800,2,911.3007731298653,1.0,1.0,0.4247315727359653,2
Twodiamonds,BF-refine,19,1.0,800,2,911.3007731298653,1.0,1.0,0.4247315727359653,5
Twodiamonds,BF-refine,20,1.0,800,2,911.3007731298653,1.0,1.0,0.4247315727359653,2
Twodiamonds,BF-refine,21,1.0,800,2,911.3007731298653,1.0,1.0,0.4247315727359653,2
Twodiamonds,BF-refine,22,1.0,800,2,911.3007731298653,1.0,1.0,0.4247315727359653,4
Twodiamonds,BF-refine,23,1.0,800,2,911.3007731298653,1.0,1.0,0.4247315727359653,2
Twodiamonds,BF-refine,24,1.0,800,2,911.3007731298653,1.0,1.0,0.4247315727359653,2
Twodiamonds,BF-refine,25,1.0,800,2,911.3007731298653,1.0,1.0,0.4247315727359653,2
Twodiamonds,BF-refine,26,1.0,800,2,911.3007731298653,1.0,1.0,0.4247315727359653,2
Twodiamonds,BF-refine,27,1.0,800,2,911.3007731298653,1.0,1.0,0.4247315727359653,2
Twodiamonds,BF-refine,28,1.0,800,2,911.3007731298653,1.0,1.0,0.4247315727359653,7
Twodiamonds,BF-refine,29,1.0,800,2,911.3007731298653,1.0,1.0,0.4247315727359653,3
Twodiamonds,BF-refine,30,1.0,800,2,911.3007731298653,1.0,1.0,0.4247315727359653,3
Twodiamonds,BF-refine,31,1.0,800,2,911.3007731298653,1.0,1.0,0.4247315727359653,3
Twodiamonds,BF-refine,32,1.0,800,2,911.3007731298653,1.0,1.0,0.4247315727359653,2
Twodiamonds,BF-refine,33,1.0,800,2,911.3007731298653,1.0,1.0,0.4247315727359653,2
Twodiamonds,BF-refine,34,1.0,800,2,1055.5418282171845,0.05762687563720331,0.04284900446288842,0.3196103103223597,19
Twodiamonds,BF-refine,35,1.0,800,2,911.3007731298653,1.0,1.0,0.4247315727359653,5
Twodiamonds,BF-refine,36,1.0,800,2,911.3007731298653,1.0,1.0,0.4247315727359653,3
Twodiamonds,BF-refine,37,1.0,800,2,911.3007731298653,1.0,1.0,0.4247315727359653,4
Twodiamonds,BF-refine,38,1.0,800,2,911.3007731298653,1.0,1.0,0.4247315727359653,2
Twodiamonds,BF-refine,39,1.0,800,2,911.3007731298653,1.0,1.0,0.4247315727359653,2
Twodiamonds,BF-refine,40,1.0,800,2,911.3007731298653,1.0,1.0,0.4247315727359653,2
Twodiamonds,BF-refine,41,1.0,800,2,911.3007731298653,1.0,1.0,0.4247315727359653,3
Twodiamonds,BF-refine,42,1.0,800,2,911.3007731298653,1.0,1.0,0.4247315727359653,2
Twodiamonds,BF-refine,43,1.0,800,2,911.3007731298653,1.0,1.0,0.4247315727359653,2
Twodiamonds,BF-refine,44,1.0,800,2,911.3007731298653,1.0,1.0,0.4247315727359653,2
Twodiamonds,BF-refine,45,1.0,800,2,911.3007731298653,1.0,1.0,0.4247315727359653,2
Twodiamonds,BF-refine,46,1.0,800,2,1057.7538997786748,0.10127544136970638,0.07520591912494162,0.32001088681238954,5
Twodiamonds,BF-refine,47,1.0,800,2,911.3007731298653,1.0,1.0,0.4247315727359653,2
Twodiamonds,BF-refine,48,1.0,800,2,911.3007731298653,1.0,1.0,0.4247315727359653,3
Twodiamonds,BF-refine,49,1.0,800,2,911.3007731298653,1.0,1.0,0.4247315727359653,2
Twodiamonds,KM-random,0,1.0,800,2,1062.7197364150484,0.11111294555742077,0.08258816235822855,0.3155971008196875,7
Twodiamonds,KM-random,1,1.0,800,2,911.3007731298653,1.0,1.0,0.4247315727359653,5
Twodiamonds,KM-random,2,1.0,800,2,911.3007731298653,1.0,1.0,0.4247315727359653,3
Twodiamonds,KM-random,3,1.0,800,2,911.3007731298653,1.0,1.0,0.4247315727359653,2
Twodiamonds,KM-random,4,1.0,800,2,911.3007731298653,1.0,1.0,0.4247315727359653,4
Twodiamonds,KM-random,5,1.0,800,2,1062.8932620161781,0.09036899066134538,0.06715568311458624,0.31495975854322694,12
Twodiamonds,KM-random,6,1.0,800,2,1063.6635110497734,0.20150072662898164,0.15147560408013813,0.31865898831145456,9
Twodiamonds,KM-random,7,1.0,800,2,1055.4045708642768,0.039804510966443364,0.029785566503666355,0.3190354413505055,10
Twodiamonds,KM-random,8,1.0,800,2,911.3007731298653,1.0,1.0,0.4247315727359653,6
Twodiamonds,KM-random,9,1.0,800,2,911.3007731298653,1.0,1.0,0.4247315727359653,3
Twodiamonds,KM-random,10,1.0,800,2,1055.4045708642768,0.039804510966443364,0.029785566503666355,0.3190354413505055,13
Twodiamonds,KM-random,11,1.0,800,2,1062.8932620161781,0.09036899066134538,0.06715568311458624,0.31495975854322694,9
Twodiamonds,KM-random,12,1.0,800,2,911.3007731298653,1.0,1.0,0.4247315727359653,6
Twodiamonds,KM-random,13,1.0,800,2,1055.4045708642768,0.039804510966443364,0.029785566503666355,0.3190354413505055,13
Twodiamonds,KM-random,14,1.0,800,2,911.3007731298653,1.0,1.0,0.4247315727359653,4
Twodiamonds,KM-random,15,1.0,800,2,1062.8932620161781,0.09036899066134538,0.06715568311458624,0.31495975854322694,11
Twodiamonds,KM-random,16,1.0,800,2,1067.5537218390134,0.3384789398813305,0.2612652348152179,0.32509103871126327,2
Twodiamonds,KM-random,17,1.0,800,2,911.3007731298653,1.0,1.0,0.4247315727359653,6
Twodiamonds,KM-random,18,1.0,800,2,911.3007731298653,1.0,1.0,0.4247315727359653,3
Twodiamonds,KM-random,19,1.0,800,2,911.3007731298653,1.0,1.0,0.4247315727359653,3
Twodiamonds,KM-random,20,1.0,800,2,911.3007731298653,1.0,1.0,0.4247315727359653,4
Twodiamonds,KM-random,21,1.0,800,2,1063.1187195411912,0.15299909560932673,0.11465072204107032,0.31741271149128253,8
Twodiamonds,KM-random,22,1.0,800,2,911.3007731298653,1.0,1.0,0.4247315727359653,3
Twodiamonds,KM-random,23,1.0,800,2,911.3007731298653,1.0,1.0,0.4247315727359653,5
Twodiamonds,KM-random,24,1.0,800,2,1055.503955843039,0.05171363322624901,0.038524730757898695,0.31934423708960485,9
Twodiamonds,KM-random,25,1.0,800,2,911.3007731298653,1.0,1.0,0.4247315727359653,7
Twodiamonds,KM-random,26,1.0,800,2,911.3007731298653,1.0,1.0,0.4247315727359653,4
Twodiamonds,KM-random,27,1.0,800,2,911.3007731298653,1.0,1.0,0.4247315727359653,5
Twodiamonds,KM-random,28,1.0,800,2,1062.3127567387437,0.3127403878913002,0.24009283907865978,0.3242850284541885,7
Twodiamonds,KM-random,29,1.0,800,2,911.3007731298653,1.0,1.0,0.4247315727359653,6
Twodiamonds,KM-random,30,1.0,800,2,911.3007731298653,1.0,1.0,0.4247315727359653,6
Twodiamonds,KM-random,31,1.0,800,2,1055.4045708642768,0.039804510966443364,0.029785566503666355,0.3190354413505055,17
Twodiamonds,KM-random,32,1.0,800,2,911.3007731298653,1.0,1.0,0.4247315727359653,7
Twodiamonds,KM-random,33,1.0,800,2,911.3007731298653,1.0,1.0,0.4247315727359653,4
Twodiamonds,KM-random,34,1.0,800,2,911.3007731298653,1.0,1.0,0.4247315727359653,7
Twodiamonds,KM-random,35,1.0,800,2,1055.4045708642768,0.039804510966443364,0.029785566503666355,0.3190354413505055,19
Twodiamonds,KM-random,36,1.0,800,2,1055.4045708642768,0.039804510966443364,0.029785566503666355,0.3190354413505055,20
Twodiamonds,KM-random,37,1.0,800,2,911.3007731298653,1.0,1.0,0.4247315727359653,3
Twodiamonds,KM-random,38,1.0,800,2,1055.5518913745768,0.05522380909129222,0.0410802858432559,0.31962460600585435,13
Twodiamonds,KM-random,39,1.0,800,2,911.3007731298653,1.0,1.0,0.4247315727359653,9
Twodiamonds,KM-random,40,1.0,800,2,1055.4045708642768,0.039804510966443364,0.029785566503666355,0.3190354413505055,27
Twodiamonds,KM-random,41,1.0,800,2,1066.8842545491725,0.005565766413765406,0.00493754596945715,0.3100543253767151,10
Twodiamonds,KM-random,42,1.0,800,2,911.3007731298653,1.0,1.0,0.4247315727359653,2
Twodiamonds,KM-random,43,1.0,800,2,911.3007731298653,1.0,1.0,0.4247315727359653,5
Twodiamonds,KM-random,44,1.0,800,2,911.3007731298653,1.0,1.0,0.4247315727359653,7
Twodiamonds,KM-random,45,1.0,800,2,1055.4045708642768,0.039804510966443364,0.029785566503666355,0.3190354413505055,15
Twodiamonds,KM-random,46,1.0,800,2,911.3007731298653,1.0,1.0,0.4247315727359653,4
Twodiamonds,KM-random,47,1.0,800,2,911.3007731298653,1.0,1.0,0.4247315727359653,7
Twodiamonds,KM-random,48,1.0,800,2,1055.4185375368663,0.0429021603100827,0.03205058530073296,0.31913228442591657,7
Twodiamonds,KM-random,49,1.0,800,2,911.3007731298653,1.0,1.0,0.4247315727359653,8
Wingnut,CCKM,-1,1.0,1016,2,1042.6802706338983,0.6702684825487994,0.5616930831350014,0.43798833997404624,7
Wingnut,Maxmin,-1,1.0,1016,2,1624.8730411035936,0.09100412135735514,0.06734624633389615,0.21345343115926046,2
Wingnut,KM++,0,1.0,1016,2,1042.6760966284794,0.6702684825487994,0.5616930831350014,0.43798833997404624,11
Wingnut,KM++,1,1.0,1016,2,1042.6802706339047,0.6702684825487994,0.5616930831350014,0.43798833997404624,7
Wingnut,KM++,2,1.0,1016,2,1042.6802706338983,0.6702684825487994,0.5616930831350014,0.43798833997404624,6
Wingnut,KM++,3,1.0,1016,2,1042.6760966284794,0.6702684825487994,0.5616930831350014,0.43798833997404624,7
Wingnut,KM++,4,1.0,1016,2,1042.6760966284794,0.6702684825487994,0.5616930831350014,0.43798833997404624,6
Wingnut,KM++,5,1.0,1016,2,1042.6760966284794,0.6702684825487994,0.5616930831350014,0.43798833997404624,9
Wingnut,KM++,6,1.0,1016,2,1042.6760966284794,0.6702684825487994,0.5616930831350014,0.43798833997404624,9
Wingnut,KM++,7,1.0,1016,2,1042.8183944496177,0.6767383746903146,0.5683054196909606,0.4379738679787502,5
Wingnut,KM++,8,1.0,1016,2,1042.8183944496177,0.6767383746903146,0.5683054196909606,0.4379738679787502,6
Wingnut,KM++,9,1.0,1016,2,1042.6760966284794,0.6702684825487994,0.5616930831350014,0.43798833997404624,9
Wingnut,KM++,10,1.0,1016,2,1042.6760966284794,0.6702684825487994,0.5616930831350014,0.43798833997404624,12
Wingnut,KM++,11,1.0,1016,2,1042.6760966284794,0.6702684825487994,0.5616930831350014,0.43798833997404624,7
Wingnut,KM++,12,1.0,1016,2,1042.8183944381158,0.6767383746903146,0.5683054196909606,0.43797386800356314,6
Wingnut,KM++,13,1.0,1016,2,1042.6760966284794,0.6702684825487994,0.5616930831350014,0.43798833997404624,9
Wingnut,KM++,14,1.0,1016,2,1042.6760966284794,0.6702684825487994,0.5616930831350014,0.43798833997404624,8
Wingnut,KM++,15,1.0,1016,2,1042.6802706338983,0.6702684825487994,0.5616930831350014,0.43798833997404624,8
Wingnut,KM++,16,1.0,1016,2,1042.6802706338983,0.6702684825487994,0.5616930831350014,0.43798833997404624,9
Wingnut,KM++,17,1.0,1016,2,1042.6802706339047,0.6702684825487994,0.5616930831350014,0.43798833997404624,8
Wingnut,KM++,18,1.0,1016,2,1042.6760966284794,0.6702684825487994,0.5616930831350014,0.43798833997404624,10
Wingnut,KM++,19,1.0,1016,2,1042.8183944381158,0.6767383746903146,0.5683054196909606,0.43797386800356314,7
Wingnut,KM++,20,1.0,1016,2,1042.9515810045384,0.6832392875831117,0.5749337639349887,0.4380112552226541,5
Wingnut,KM++,21,1.0,1016,2,1042.6872591228591,0.6734995485673311,0.564983935480089,0.4379885972807726,6
Wingnut,KM++,22,1.0,1016,2,1042.6802706338983,0.6702684825487994,0.5616930831350014,0.43798833997404624,6
Wingnut,KM++,23,1.0,1016,2,1042.6802706338983,0.6702684825487994,0.5616930831350014,0.43798833997404624,7
Wingnut,KM++,24,1.0,1016,2,1042.6760966284794,0.6702684825487994,0.5616930831350014,0.43798833997404624,12
Wingnut,KM++,25,1.0,1016,2,1042.6760966284794,0.6702684825487994,0.5616930831350014,0.43798833997404624,10
Wingnut,KM++,26,1.0,1016,2,1042.6802706338983,0.6702684825487994,0.5616930831350014,0.43798833997404624,10
Wingnut,KM++,27,1.0,1016,2,1042.6760966284794,0.6702684825487994,0.5616930831350014,0.43798833997404624,8
Wingnut,KM++,28,1.0,1016,2,1042.6760966284794,0.6702684825487994,0.5616930831350014,0.43798833997404624,5
Wingnut,KM++,29,1.0,1016,2,1042.6760966284794,0.6702684825487994,0.5616930831350014,0.43798833997404624,10
Wingnut,KM++,30,1.0,1016,2,1042.6802706339047,0.6702684825487994,0.5616930831350014,0.43798833997404624,7
Wingnut,KM++,31,1.0,1016,2,1042.6760966284794,0.6702684825487994,0.5616930831350014,0.43798833997404624,11
Wingnut,KM++,32,1.0,1016,2,1042.6802706338983,0.6702684825487994,0.5616930831350014,0.43798833997404624,10
Wingnut,KM++,33,1.0,1016,2,1042.6802706339047,0.6702684825487994,0.5616930831350014,0.43798833997404624,10
Wingnut,KM++,34,1.0,1016,2,1042.6802706339047,0.6702684825487994,0.5616930831350014,0.43798833997404624,5
Wingnut,KM++,35,1.0,1016,2,1042.6760966284794,0.6702684825487994,0.5616930831350014,0.43798833997404624,14
Wingnut,KM++,36,1.0,1016,2,1042.9515810045384,0.6832392875831117,0.5749337639349887,0.4380112552226541,7
Wingnut,KM++,37,1.0,1016,2,1042.6802706338983,0.6702684825487994,0.5616930831350014,0.43798833997404624,6
Wingnut,KM++,38,1.0,1016,2,1042.6802706338983,0.6702684825487994,0.5616930831350014,0.43798833997404624,7
Wingnut,KM++,39,1.0,1016,2,1042.6802706339047,0.6702684825487994,0.5616930831350014,0.43798833997404624,7
Wingnut,KM++,40,1.0,1016,2,1042.6760966284794,0.6702684825487994,0.5616930831350014,0.43798833997404624,6
Wingnut,KM++,41,1.0,1016,2,1042.6802706338983,0.6702684825487994,0.5616930831350014,0.43798833997404624,9
Wingnut,KM++,42,1.0,1016,2,1042.6802706338983,0.6702684825487994,0.5616930831350014,0.43798833997404624,4
Wingnut,KM++,43,1.0,1016,2,1042.6802706339047,0.6702684825487994,0.5616930831350014,0.43798833997404624,7
Wingnut,KM++,44,1.0,1016,2,1042.6802706338983,0.6702684825487994,0.5616930831350014,0.43798833997404624,8
Wingnut,KM++,45,1.0,1016,2,1042.6872591228591,0.6734995485673311,0.564983935480089,0.4379885972807726,6
Wingnut,KM++,46,1.0,1016,2,1042.6802706339047,0.6702684825487994,0.5616930831350014,0.43798833997404624,6
Wingnut,KM++,47,1.0,1016,2,1042.8183944496177,0.6767383746903146,0.5683054196909606,0.4379738679787502,8
Wingnut,KM++,48,1.0,1016,2,1042.6760966284794,0.6702684825487994,0.5616930831350014,0.43798833997404624,8
Wingnut,KM++,49,1.0,1016,2,1042.6760966284794,0.6702684825487994,0.5616930831350014,0.43798833997404624,13
Wingnut,KM++greedy,0,1.0,1016,2,1042.8183944496177,0.6767383746903146,0.5683054196909606,0.4379738679787502,6
Wingnut,KM++greedy,1,1.0,1016,2,1042.6802706338983,0.6702684825487994,0.5616930831350014,0.43798833997404624,4
Wingnut,KM++greedy,2,1.0,1016,2,1042.8183944381158,0.6767383746903146,0.5683054196909606,0.43797386800356314,4
Wingnut,KM++greedy,3,1.0,1016,2,1042.8183944496177,0.6767383746903146,0.5683054196909606,0.4379738679787502,5
Wingnut,KM++greedy,4,1.0,1016,2,1042.8183944381158,0.6767383746903146,0.5683054196909606,0.43797386800356314,4
Wingnut,KM++greedy,5,1.0,1016,2,1042.6760966284794,0.6702684825487994,0.5616930831350014,0.43798833997404624,9
Wingnut,KM++greedy,6,1.0,1016,2,1042.8183944381158,0.6767383746903146,0.5683054196909606,0.43797386800356314,9
Wingnut,KM++greedy,7,1.0,1016,2,1042.6802706339047,0.6702684825487994,0.5616930831350014,0.43798833997404624,7
Wingnut,KM++greedy,8,1.0,1016,2,1042.6802706339047,0.6702684825487994,0.5616930831350014,0.43798833997404624,6
Wingnut,KM++greedy,9,1.0,1016,2,1042.6760966284794,0.6702684825487994,0.5616930831350014,0.43798833997404624,8
Wingnut,KM++greedy,10,1.0,1016,2,1042.6802706339047,0.6702684825487994,0.5616930831350014,0.43798833997404624,4
Wingnut,KM++greedy,11,1.0,1016,2,1042.6760966284794,0.6702684825487994,0.5616930831350014,0.43798833997404624,10
Wingnut,KM++greedy,12,1.0,1016,2,1042.6802706338983,0.6702684825487994,0.5616930831350014,0.43798833997404624,8
Wingnut,KM++greedy,13,1.0,1016,2,1042.6802706338983,0.6702684825487994,0.5616930831350014,0.43798833997404624,8
Wingnut,KM++greedy,14,1.0,1016,2,1042.8183944381158,0.6767383746903146,0.5683054196909606,0.43797386800356314,7
Wingnut,KM++greedy,15,1.0,1016,2,1042.8183944496177,0.6767383746903146,0.5683054196909606,0.4379738679787502,8
Wingnut,KM++greedy,16,1.0,1016,2,1042.6760966284794,0.6702684825487994,0.5616930831350014,0.43798833997404624,9
Wingnut,KM++greedy,17,1.0,1016,2,1042.6760966284794,0.6702684825487994,0.5616930831350014,0.43798833997404624,9
Wingnut,KM++greedy,18,1.0,1016,2,1042.9515810045384,0.6832392875831117,0.5749337639349887,0.4380112552226541,6
Wingnut,KM++greedy,19,1.0,1016,2,1042.6802706339047,0.6702684825487994,0.5616930831350014,0.43798833997404624,6
Wingnut,KM++greedy,20,1.0,1016,2,1042.6802706339047,0.6702684825487994,0.5616930831350014,0.43798833997404624,6
Wingnut,KM++greedy,21,1.0,1016,2,1042.6760966284794,0.6702684825487994,0.5616930831350014,0.43798833997404624,8
Wingnut,KM++greedy,22,1.0,1016,2,1042.6760966284794,0.6702684825487994,0.5616930831350014,0.43798833997404624,8
Wingnut,KM++greedy,23,1.0,1016,2,1042.6872591228591,0.6734995485673311,0.564983935480089,0.4379885972807726,7
Wingnut,KM++greedy,24,1.0,1016,2,1042.6760966284794,0.6702684825487994,0.5616930831350014,0.43798833997404624,10
Wingnut,KM++greedy,25,1.0,1016,2,1042.6760966284794,0.6702684825487994,0.5616930831350014,0.43798833997404624,10
Wingnut,KM++greedy,26,1.0,1016,2,1042.6802706338983,0.6702684825487994,0.5616930831350014,0.43798833997404624,7
Wingnut,KM++greedy,27,1.0,1016,2,1042.8183944381158,0.6767383746903146,0.5683054196909606,0.43797386800356314,7
Wingnut,KM++greedy,28,1.0,1016,2,1042.9515810045384,0.6832392875831117,0.5749337639349887,0.4380112552226541,5
Wingnut,KM++greedy,29,1.0,1016,2,1042.6760966284794,0.6702684825487994,0.5616930831350014,0.43798833997404624,11
Wingnut,KM++greedy,30,1.0,1016,2,1042.8183944496177,0.6767383746903146,0.5683054196909606,0.4379738679787502,4
Wingnut,KM++greedy,31,1.0,1016,2,1042.6802706338983,0.6702684825487994,0.5616930831350014,0.43798833997404624,8
Wingnut,KM++greedy,32,1.0,1016,2,1042.8661884280068,0.67998496084322,0.571658274699621,0.4379901957656378,6
Wingnut,KM++greedy,33,1.0,1016,2,1042.6760966284794,0.6702684825487994,0.5616930831350014,0.43798833997404624,7
Wingnut,KM++greedy,34,1.0,1016,2,1042.6760966284794,0.6702684825487994,0.5616930831350014,0.43798833997404624,9
Wingnut,KM++greedy,35,1.0,1016,2,1042.6760966284794,0.6702684825487994,0.5616930831350014,0.43798833997404624,7
Wingnut,KM++greedy,36,1.0,1016,2,1042.9515810045384,0.6832392875831117,0.5749337639349887,0.4380112552226541,5
Wingnut,KM++greedy,37,1.0,1016,2,1042.6802706338983,0.6702684825487994,0.5616930831350014,0.43798833997404624,6
Wingnut,KM++greedy,38,1.0,1016,2,1042.6802706339047,0.6702684825487994,0.5616930831350014,0.43798833997404624,7
Wingnut,KM++greedy,39,1.0,1016,2,1042.866188444955,0.67998496084322,0.571658274699621,0.4379901957403342,5
Wingnut,KM++greedy,40,1.0,1016,2,1042.6802706338983,0.6702684825487994,0.5616930831350014,0.43798833997404624,7
Wingnut,KM++greedy,41,1.0,1016,2,1042.6760966284794,0.6702684825487994,0.5616930831350014,0.43798833997404624,8
Wingnut,KM++greedy,42,1.0,1016,2,1042.6802706338983,0.6702684825487994,0.5616930831350014,0.43798833997404624,6
Wingnut,KM++greedy,43,1.0,1016,2,1042.6760966284794,0.6702684825487994,0.5616930831350014,0.43798833997404624,9
Wingnut,KM++greedy,44,1.0,1016,2,1042.687259128534,0.6734995485673311,0.564983935480089,0.43798859726707157,7
Wingnut,KM++greedy,45,1.0,1016,2,1042.6802706338983,0.6702684825487994,0.5616930831350014,0.43798833997404624,7
Wingnut,KM++greedy,46,1.0,1016,2,1042.8183944496177,0.6767383746903146,0.5683054196909606,0.4379738679787502,4
Wingnut,KM++greedy,47,1.0,1016,2,1042.6802706339047,0.6702684825487994,0.5616930831350014,0.43798833997404624,10
Wingnut,KM++greedy,48,1.0,1016,2,1042.6760966284794,0.6702684825487994,0.5616930831350014,0.43798833997404624,8
Wingnut,KM++greedy,49,1.0,1016,2,1042.6760966284794,0.6702684825487994,0.5616930831350014,0.43798833997404624,9
Wingnut,BF-refine,0,1.0,1016,2,1042.6802706339047,0.6702684825487994,0.5616930831350014,0.43798833997404624,5
Wingnut,BF-refine,1,1.0,1016,2,1042.866188444955,0.67998496084322,0.571658274699621,0.4379901957403342,2
Wingnut,BF-refine,2,1.0,1016,2,1042.6802706338983,0.6702684825487994,0.5616930831350014,0.43798833997404624,2
Wingnut,BF-refine,3,1.0,1016,2,1042.6802706338983,0.6702684825487994,0.5616930831350014,0.43798833997404624,4
Wingnut,BF-refine,4,1.0,1016,2,1042.6802706339047,0.6702684825487994,0.5616930831350014,0.43798833997404624,4
Wingnut,BF-refine,5,1.0,1016,2,1042.6802706338983,0.6702684825487994,0.5616930831350014,0.43798833997404624,3
Wingnut,BF-refine,6,1.0,1016,2,1042.6802706338983,0.6702684825487994,0.5616930831350014,0.43798833997404624,3
Wingnut,BF-refine,7,1.0,1016,2,1042.6760966284794,0.6702684825487994,0.5616930831350014,0.43798833997404624,3
Wingnut,BF-refine,8,1.0,1016,2,1042.8183944496177,0.6767383746903146,0.5683054196909606,0.4379738679787502,2
Wingnut,BF-refine,9,1.0,1016,2,1042.6802706339047,0.6702684825487994,0.5616930831350014,0.43798833997404624,3
Wingnut,BF-refine,10,1.0,1016,2,1042.6760966284794,0.6702684825487994,0.5616930831350014,0.43798833997404624,5
Wingnut,BF-refine,11,1.0,1016,2,1042.6760966284794,0.6702684825487994,0.5616930831350014,0.43798833997404624,5
Wingnut,BF-refine,12,1.0,1016,2,1042.6760966284794,0.6702684825487994,0.5616930831350014,0.43798833997404624,4
Wingnut,BF-refine,13,1.0,1016,2,1042.6760966284794,0.6702684825487994,0.5616930831350014,0.43798833997404624,3
Wingnut,BF-refine,14,1.0,1016,2,1042.6802706338983,0.6702684825487994,0.5616930831350014,0.43798833997404624,2
Wingnut,BF-refine,15,1.0,1016,2,1042.6760966284794,0.6702684825487994,0.5616930831350014,0.43798833997404624,4
Wingnut,BF-refine,16,1.0,1016,2,1042.6802706339047,0.6702684825487994,0.5616930831350014,0.43798833997404624,4
Wingnut,BF-refine,17,1.0,1016,2,1042.6802706339047,0.6702684825487994,0.5616930831350014,0.43798833997404624,2
Wingnut,BF-refine,18,1.0,1016,2,1042.6760966284794,0.6702684825487994,0.5616930831350014,0.43798833997404624,3
Wingnut,BF-refine,19,1.0,1016,2,1042.6760966284794,0.6702684825487994,0.5616930831350014,0.43798833997404624,3
Wingnut,BF-refine,20,1.0,1016,2,1042.6802706339047,0.6702684825487994,0.5616930831350014,0.43798833997404624,3
Wingnut,BF-refine,21,1.0,1016,2,1042.6802706338983,0.6702684825487994,0.5616930831350014,0.43798833997404624,4
Wingnut,BF-refine,22,1.0,1016,2,1042.6760966284794,0.6702684825487994,0.5616930831350014,0.43798833997404624,4
Wingnut,BF-refine,23,1.0,1016,2,1042.6760966284794,0.6702684825487994,0.5616930831350014,0.43798833997404624,5
Wingnut,BF-refine,24,1.0,1016,2,1042.6760966284794,0.6702684825487994,0.5616930831350014,0.43798833997404624,2
Wingnut,BF-refine,25,1.0,1016,2,1042.6760966284794,0.6702684825487994,0.5616930831350014,0.43798833997404624,5
Wingnut,BF-refine,26,1.0,1016,2,1042.9515810045384,0.6832392875831117,0.5749337639349887,0.4380112552226541,3
Wingnut,BF-refine,27,1.0,1016,2,1042.6760966284794,0.6702684825487994,0.5616930831350014,0.43798833997404624,4
Wingnut,BF-refine,28,1.0,1016,2,1042.6760966284794,0.6702684825487994,0.5616930831350014,0.43798833997404624,3
Wingnut,BF-refine,29,1.0,1016,2,1042.6802706338983,0.6702684825487994,0.5616930831350014,0.43798833997404624,4
Wingnut,BF-refine,30,1.0,1016,2,1042.6802706338983,0.6702684825487994,0.5616930831350014,0.43798833997404624,2
Wingnut,BF-refine,31,1.0,1016,2,1042.6802706338983,0.6702684825487994,0.5616930831350014,0.43798833997404624,2
Wingnut,BF-refine,32,1.0,1016,2,1042.6802706338983,0.6702684825487994,0.5616930831350014,0.43798833997404624,2
Wingnut,BF-refine,33,1.0,1016,2,1042.6802706338983,0.6702684825487994,0.5616930831350014,0.43798833997404624,3
Wingnut,BF-refine,34,1.0,1016,2,1042.6760966284794,0.6702684825487994,0.5616930831350014,0.43798833997404624,4
Wingnut,BF-refine,35,1.0,1016,2,1042.6802706338983,0.6702684825487994,0.5616930831350014,0.43798833997404624,2
Wingnut,BF-refine,36,1.0,1016,2,1042.6802706339047,0.6702684825487994,0.5616930831350014,0.43798833997404624,5
Wingnut,BF-refine,37,1.0,1016,2,1042.6802706339047,0.6702684825487994,0.5616930831350014,0.43798833997404624,2
Wingnut,BF-refine,38,1.0,1016,2,1042.6760966284794,0.6702684825487994,0.5616930831350014,0.43798833997404624,5
Wingnut,BF-refine,39,1.0,1016,2,1042.6802706338983,0.6702684825487994,0.5616930831350014,0.43798833997404624,3
Wingnut,BF-refine,40,1.0,1016,2,1042.6760966284794,0.6702684825487994,0.5616930831350014,0.43798833997404624,4
Wingnut,BF-refine,41,1.0,1016,2,1042.6760966284794,0.6702684825487994,0.5616930831350014,0.43798833997404624,4
Wingnut,BF-refine,42,1.0,1016,2,1042.6802706338983,0.6702684825487994,0.5616930831350014,0.43798833997404624,3
Wingnut,BF-refine,43,1.0,1016,2,1042.8661884280068,0.67998496084322,0.571658274699621,0.4379901957656378,2
Wingnut,BF-refine,44,1.0,1016,2,1042.6802706339047,0.6702684825487994,0.5616930831350014,0.43798833997404624,3
Wingnut,BF-refine,45,1.0,1016,2,1042.6760966284794,0.6702684825487994,0.5616930831350014,0.43798833997404624,4
Wingnut,BF-refine,46,1.0,1016,2,1042.6802706338983,0.6702684825487994,0.5616930831350014,0.43798833997404624,2
Wingnut,BF-refine,47,1.0,1016,2,1042.6802706339047,0.6702684825487994,0.5616930831350014,0.43798833997404624,3
Wingnut,BF-refine,48,1.0,1016,2,1042.6802706339047,0.6702684825487994,0.5616930831350014,0.43798833997404624,4
Wingnut,BF-refine,49,1.0,1016,2,1042.6760966284794,0.6702684825487994,0.5616930831350014,0.43798833997404624,4
Wingnut,KM-random,0,1.0,1016,2,1042.9515810045384,0.6832392875831117,0.5749337639349887,0.4380112552226541,5
Wingnut,KM-random,1,1.0,1016,2,1042.6760966284794,0.6702684825487994,0.5616930831350014,0.43798833997404624,9
Wingnut,KM-random,2,1.0,1016,2,1042.8183944496177,0.6767383746903146,0.5683054196909606,0.4379738679787502,6
Wingnut,KM-random,3,1.0,1016,2,1042.6760966284794,0.6702684825487994,0.5616930831350014,0.43798833997404624,6
Wingnut,KM-random,4,1.0,1016,2,1042.6802706339047,0.6702684825487994,0.5616930831350014,0.43798833997404624,6
Wingnut,KM-random,5,1.0,1016,2,1042.6802706338983,0.6702684825487994,0.5616930831350014,0.43798833997404624,8
Wingnut,KM-random,6,1.0,1016,2,1042.6802706338983,0.6702684825487994,0.5616930831350014,0.43798833997404624,7
Wingnut,KM-random,7,1.0,1016,2,1042.6802706338983,0.6702684825487994,0.5616930831350014,0.43798833997404624,8
Wingnut,KM-random,8,1.0,1016,2,1042.6802706339047,0.6702684825487994,0.5616930831350014,0.43798833997404624,8
Wingnut,KM-random,9,1.0,1016,2,1042.8183944496177,0.6767383746903146,0.5683054196909606,0.4379738679787502,7
Wingnut,KM-random,10,1.0,1016,2,1042.6760966284794,0.6702684825487994,0.5616930831350014,0.43798833997404624,9
Wingnut,KM-random,11,1.0,1016,2,1042.6760966284794,0.6702684825487994,0.5616930831350014,0.43798833997404624,9
Wingnut,KM-random,12,1.0,1016,2,1042.6802706338983,0.6702684825487994,0.5616930831350014,0.43798833997404624,7
Wingnut,KM-random,13,1.0,1016,2,1042.8183944381158,0.6767383746903146,0.5683054196909606,0.43797386800356314,10
Wingnut,KM-random,14,1.0,1016,2,1042.6802706339047,0.6702684825487994,0.5616930831350014,0.43798833997404624,8
Wingnut,KM-random,15,1.0,1016,2,1042.6760966284794,0.6702684825487994,0.5616930831350014,0.43798833997404624,11
Wingnut,KM-random,16,1.0,1016,2,1042.6802706338983,0.6702684825487994,0.5616930831350014,0.43798833997404624,8
Wingnut,KM-random,17,1.0,1016,2,1042.6760966284794,0.6702684825487994,0.5616930831350014,0.43798833997404624,10
Wingnut,KM-random,18,1.0,1016,2,1042.6872591228591,0.6734995485673311,0.564983935480089,0.4379885972807726,5
Wingnut,KM-random,19,1.0,1016,2,1042.6802706338983,0.6702684825487994,0.5616930831350014,0.43798833997404624,8
Wingnut,KM-random,20,1.0,1016,2,1042.6802706339047,0.6702684825487994,0.5616930831350014,0.43798833997404624,10
Wingnut,KM-random,21,1.0,1016,2,1042.8183944381158,0.6767383746903146,0.5683054196909606,0.43797386800356314,9
Wingnut,KM-random,22,1.0,1016,2,1042.6760966284794,0.6702684825487994,0.5616930831350014,0.43798833997404624,7
Wingnut,KM-random,23,1.0,1016,2,1042.8183944381158,0.6767383746903146,0.5683054196909606,0.43797386800356314,6
Wingnut,KM-random,24,1.0,1016,2,1042.6802706339047,0.6702684825487994,0.5616930831350014,0.43798833997404624,8
Wingnut,KM-random,25,1.0,1016,2,1042.9515810045384,0.6832392875831117,0.5749337639349887,0.4380112552226541,8
Wingnut,KM-random,26,1.0,1016,2,1042.6802706338983,0.6702684825487994,0.5616930831350014,0.43798833997404624,9
Wingnut,KM-random,27,1.0,1016,2,1042.9515810045384,0.6832392875831117,0.5749337639349887,0.4380112552226541,7
Wingnut,KM-random,28,1.0,1016,2,1042.6760966284794,0.6702684825487994,0.5616930831350014,0.43798833997404624,10
Wingnut,KM-random,29,1.0,1016,2,1042.8183944381158,0.6767383746903146,0.5683054196909606,0.43797386800356314,8
Wingnut,KM-random,30,1.0,1016,2,1042.6760966284794,0.6702684825487994,0.5616930831350014,0.43798833997404624,9
Wingnut,KM-random,31,1.0,1016,2,1042.8661884280068,0.67998496084322,0.571658274699621,0.4379901957656378,7
Wingnut,KM-random,32,1.0,1016,2,1042.6872591228591,0.6734995485673311,0.564983935480089,0.4379885972807726,7
Wingnut,KM-random,33,1.0,1016,2,1042.6760966284794,0.6702684825487994,0.5616930831350014,0.43798833997404624,10
Wingnut,KM-random,34,1.0,1016,2,1042.6760966284794,0.6702684825487994,0.5616930831350014,0.43798833997404624,9
Wingnut,KM-random,35,1.0,1016,2,1042.6802706338983,0.6702684825487994,0.5616930831350014,0.43798833997404624,7
Wingnut,KM-random,36,1.0,1016,2,1042.6802706339047,0.6702684825487994,0.5616930831350014,0.43798833997404624,8
Wingnut,KM-random,37,1.0,1016,2,1042.6802706338983,0.6702684825487994,0.5616930831350014,0.43798833997404624,8
Wingnut,KM-random,38,1.0,1016,2,1042.6802706338983,0.6702684825487994,0.5616930831350014,0.43798833997404624,8
Wingnut,KM-random,39,1.0,1016,2,1042.6802706339047,0.6702684825487994,0.5616930831350014,0.43798833997404624,7
Wingnut,KM-random,40,1.0,1016,2,1042.6760966284794,0.6702684825487994,0.5616930831350014,0.43798833997404624,10
Wingnut,KM-random,41,1.0,1016,2,1042.6802706338983,0.6702684825487994,0.5616930831350014,0.43798833997404624,8
Wingnut,KM-random,42,1.0,1016,2,1042.6802706338983,0.6702684825487994,0.5616930831350014,0.43798833997404624,6
Wingnut,KM-random,43,1.0,1016,2,1042.6760966284794,0.6702684825487994,0.5616930831350014,0.43798833997404624,10
Wingnut,KM-random,44,1.0,1016,2,1042.6802706339047,0.6702684825487994,0.5616930831350014,0.43798833997404624,8
Wingnut,KM-random,45,1.0,1016,2,1042.6802706338983,0.6702684825487994,0.5616930831350014,0.43798833997404624,6
Wingnut,KM-random,46,1.0,1016,2,1042.8183944496177,0.6767383746903146,0.5683054196909606,0.4379738679787502,9
Wingnut,KM-random,47,1.0,1016,2,1042.6760966284794,0.6702684825487994,0.5616930831350014,0.43798833997404624,8
Wingnut,KM-random,48,1.0,1016,2,1042.6802706338983,0.6702684825487994,0.5616930831350014,0.43798833997404624,8
Wingnut,KM-random,49,1.0,1016,2,1042.6760966284794,0.6702684825487994,0.5616930831350014,0.43798833997404624,8
Engytime,CCKM,-1,1.0,4096,2,4782.310030097336,0.8141791637943709,0.7452134711067251,0.41336703254383894,12
Engytime,Maxmin,-1,1.0,4096,2,4782.292251798375,0.8124173072083217,0.7435059164837543,0.4132818049643877,21
Engytime,KM++,0,1.0,4096,2,4782.292251798375,0.8124173072083217,0.7435059164837543,0.4132818049643877,13
Engytime,KM++,1,1.0,4096,2,4782.329910252721,0.8159429284147826,0.746928432933359,0.4134513294801542,11
Engytime,KM++,2,1.0,4096,2,4782.292251798375,0.8124173072083217,0.7435059164837543,0.4132818049643877,9
Engytime,KM++,3,1.0,4096,2,4782.298222914026,0.8132980043034176,0.7451688614638513,0.4132442271488881,4
Engytime,KM++,4,1.0,4096,2,4782.30700716658,0.8141791637943709,0.7452134711067251,0.41336703254383894,4
Engytime,KM++,5,1.0,4096,2,4782.292251798375,0.8124173072083217,0.7435059164837543,0.4132818049643877,13
Engytime,KM++,6,1.0,4096,2,4782.350365253109,0.8150608005352229,0.7452855394666091,0.41344253100667155,13
Engytime,KM++,7,1.0,4096,2,4782.292251798375,0.8124173072083217,0.7435059164837543,0.4132818049643877,13
Engytime,KM++,8,1.0,4096,2,4782.308584714335,0.8132980043034176,0.7451688614638513,0.4132442271488881,5
Engytime,KM++,9,1.0,4096,2,4782.292251798375,0.8124173072083217,0.7435059164837543,0.4132818049643877,13
Engytime,KM++,10,1.0,4096,2,4782.292251798375,0.8124173072083217,0.7435059164837543,0.4132818049643877,8
Engytime,KM++,11,1.0,4096,2,4782.310030097336,0.8141791637943709,0.7452134711067251,0.41336703254383894,7
Engytime,KM++,12,1.0,4096,2,4782.298222914026,0.8132980043034176,0.7451688614638513,0.4132442271488881,5
Engytime,KM++,13,1.0,4096,2,4782.292251798375,0.8124173072083217,0.7435059164837543,0.4132818049643877,12
Engytime,KM++,14,1.0,4096,2,4782.329910252721,0.8159429284147826,0.746928432933359,0.4134513294801542,11
Engytime,KM++,15,1.0,4096,2,4782.310030097336,0.8141791637943709,0.7452134711067251,0.41336703254383894,15
Engytime,KM++,16,1.0,4096,2,4782.301883902756,0.8132979969969109,0.7443587732527628,0.41332326919721235,5
Engytime,KM++,17,1.0,4096,2,4782.310030097336,0.8141791637943709,0.7452134711067251,0.41336703254383894,12
Engytime,KM++,18,1.0,4096,2,4782.292251798375,0.8124173072083217,0.7435059164837543,0.4132818049643877,13
Engytime,KM++,19,1.0,4096,2,4782.292251798375,0.8124173072083217,0.7435059164837543,0.4132818049643877,11
Engytime,KM++,20,1.0,4096,2,4782.292251798375,0.8124173072083217,0.7435059164837543,0.4132818049643877,13
Engytime,KM++,21,1.0,4096,2,4782.310030097336,0.8141791637943709,0.7452134711067251,0.41336703254383894,10
Engytime,KM++,22,1.0,4096,2,4782.317836663625,0.8141791637943709,0.7452134711067251,0.41336703254383894,8
Engytime,KM++,23,1.0,4096,2,4782.310030097336,0.8141791637943709,0.7452134711067251,0.41336703254383894,12
Engytime,KM++,24,1.0,4096,2,4782.2955912939715,0.8124173072083217,0.7435059164837543,0.4132818049643877,6
Engytime,KM++,25,1.0,4096,2,4782.302874011897,0.8132980043034176,0.7451688614638513,0.4132442271488881,2
Engytime,KM++,26,1.0,4096,2,4782.292251798375,0.8124173072083217,0.7435059164837543,0.4132818049643877,10
Engytime,KM++,27,1.0,4096,2,4782.310030097336,0.8141791637943709,0.7452134711067251,0.41336703254383894,13
Engytime,KM++,28,1.0,4096,2,4782.293260908494,0.8124173072083217,0.7435059164837543,0.4132818049643877,7
Engytime,KM++,29,1.0,4096,2,4782.329910252721,0.8159429284147826,0.746928432933359,0.4134513294801542,10
Engytime,KM++,30,1.0,4096,2,4782.293260908494,0.8124173072083217,0.7435059164837543,0.4132818049643877,6
Engytime,KM++,31,1.0,4096,2,4782.329910252721,0.8159429284147826,0.746928432933359,0.4134513294801542,9
Engytime,KM++,32,1.0,4096,2,4782.329910252721,0.8159429284147826,0.746928432933359,0.4134513294801542,6
Engytime,KM++,33,1.0,4096,2,4782.3066488733675,0.8141791637943709,0.7452134711067251,0.41336703254383894,5
Engytime,KM++,34,1.0,4096,2,4782.346198739379,0.8141791566522052,0.744427322658295,0.4133989112630031,5
Engytime,KM++,35,1.0,4096,2,4782.292251798375,0.8124173072083217,0.7435059164837543,0.4132818049643877,10
Engytime,KM++,36,1.0,4096,2,4782.292251798375,0.8124173072083217,0.7435059164837543,0.4132818049643877,13
Engytime,KM++,37,1.0,4096,2,4782.292251798375,0.8124173072083217,0.7435059164837543,0.4132818049643877,6
Engytime,KM++,38,1.0,4096,2,4782.317836663625,0.8141791637943709,0.7452134711067251,0.41336703254383894,14
Engytime,KM++,39,1.0,4096,2,4782.314959189683,0.8141791637943709,0.7452134711067251,0.41336703254383894,5
Engytime,KM++,40,1.0,4096,2,4782.292251798375,0.8124173072083217,0.7435059164837543,0.4132818049643877,6
Engytime,KM++,41,1.0,4096,2,4782.298222914026,0.8132980043034176,0.7451688614638513,0.4132442271488881,5
Engytime,KM++,42,1.0,4096,2,4782.310030097336,0.8141791637943709,0.7452134711067251,0.41336703254383894,6
Engytime,KM++,43,1.0,4096,2,4782.297729890415,0.8132979969969109,0.7443587732527628,0.41332326919721235,5
Engytime,KM++,44,1.0,4096,2,4782.302244132317,0.8132979969969109,0.7443587732527628,0.41332326919721235,5
Engytime,KM++,45,1.0,4096,2,4782.35968407846,0.8150608005352229,0.7452855394666091,0.41344253100667155,9
Engytime,KM++,46,1.0,4096,2,4782.301883902756,0.8132979969969109,0.7443587732527628,0.41332326919721235,4
Engytime,KM++,47,1.0,4096,2,4782.292251798375,0.8124173072083217,0.7435059164837543,0.4132818049643877,9
Engytime,KM++,48,1.0,4096,2,4782.310030097336,0.8141791637943709,0.7452134711067251,0.41336703254383894,6
Engytime,KM++,49,1.0,4096,2,4782.310030097336,0.8141791637943709,0.7452134711067251,0.41336703254383894,6
Engytime,KM++greedy,0,1.0,4096,2,4782.329910252721,0.8159429284147826,0.746928432933359,0.4134513294801542,3
Engytime,KM++greedy,1,1.0,4096,2,4782.293260908494,0.8124173072083217,0.7435059164837543,0.4132818049643877,4
Engytime,KM++greedy,2,1.0,4096,2,4782.310030097336,0.8141791637943709,0.7452134711067251,0.41336703254383894,13
Engytime,KM++greedy,3,1.0,4096,2,4782.292251798375,0.8124173072083217,0.7435059164837543,0.4132818049643877,5
Engytime,KM++greedy,4,1.0,4096,2,4782.325271794633,0.8159429284147826,0.746928432933359,0.4134513294801542,4
Engytime,KM++greedy,5,1.0,4096,2,4782.329910252721,0.8159429284147826,0.746928432933359,0.4134513294801542,6
Engytime,KM++greedy,6,1.0,4096,2,4782.298222914026,0.8132980043034176,0.7451688614638513,0.4132442271488881,4
Engytime,KM++greedy,7,1.0,4096,2,4782.293152685534,0.8124173072083217,0.7435059164837543,0.4132818049643877,7
Engytime,KM++greedy,8,1.0,4096,2,4782.293260908494,0.8124173072083217,0.7435059164837543,0.4132818049643877,8
Engytime,KM++greedy,9,1.0,4096,2,4782.293260908494,0.8124173072083217,0.7435059164837543,0.4132818049643877,5
Engytime,KM++greedy,10,1.0,4096,2,4782.310030097336,0.8141791637943709,0.7452134711067251,0.41336703254383894,12
Engytime,KM++greedy,11,1.0,4096,2,4782.317836663625,0.8141791637943709,0.7452134711067251,0.41336703254383894,13
Engytime,KM++greedy,12,1.0,4096,2,4782.310030097336,0.8141791637943709,0.7452134711067251,0.41336703254383894,5
Engytime,KM++greedy,13,1.0,4096,2,4782.2958193144295,0.8124173072083217,0.7435059164837543,0.4132818049643877,5
Engytime,KM++greedy,14,1.0,4096,2,4782.292251798375,0.8124173072083217,0.7435059164837543,0.4132818049643877,8
Engytime,KM++greedy,15,1.0,4096,2,4782.329910252721,0.8159429284147826,0.746928432933359,0.4134513294801542,13
Engytime,KM++greedy,16,1.0,4096,2,4782.329910252721,0.8159429284147826,0.746928432933359,0.4134513294801542,6
Engytime,KM++greedy,17,1.0,4096,2,4782.293152685534,0.8124173072083217,0.7435059164837543,0.4132818049643877,4
Engytime,KM++greedy,18,1.0,4096,2,4782.293152685534,0.8124173072083217,0.7435059164837543,0.4132818049643877,8
Engytime,KM++greedy,19,1.0,4096,2,4782.293152685534,0.8124173072083217,0.7435059164837543,0.4132818049643877,6
Engytime,KM++greedy,20,1.0,4096,2,4782.292251798375,0.8124173072083217,0.7435059164837543,0.4132818049643877,13
Engytime,KM++greedy,21,1.0,4096,2,4782.293260908494,0.8124173072083217,0.7435059164837543,0.4132818049643877,7
Engytime,KM++greedy,22,1.0,4096,2,4782.310030097336,0.8141791637943709,0.7452134711067251,0.41336703254383894,12
Engytime,KM++greedy,23,1.0,4096,2,4782.293260908494,0.8124173072083217,0.7435059164837543,0.4132818049643877,6
Engytime,KM++greedy,24,1.0,4096,2,4782.310030097336,0.8141791637943709,0.7452134711067251,0.41336703254383894,5
Engytime,KM++greedy,25,1.0,4096,2,4782.317836663625,0.8141791637943709,0.7452134711067251,0.41336703254383894,7
Engytime,KM++greedy,26,1.0,4096,2,4782.293260908494,0.8124173072083217,0.7435059164837543,0.4132818049643877,6
Engytime,KM++greedy,27,1.0,4096,2,4782.298222914026,0.8132980043034176,0.7451688614638513,0.4132442271488881,6
Engytime,KM++greedy,28,1.0,4096,2,4782.350365253109,0.8150608005352229,0.7452855394666091,0.41344253100667155,6
Engytime,KM++greedy,29,1.0,4096,2,4782.292251798375,0.8124173072083217,0.7435059164837543,0.4132818049643877,10
Engytime,KM++greedy,30,1.0,4096,2,4782.292251798375,0.8124173072083217,0.7435059164837543,0.4132818049643877,10
Engytime,KM++greedy,31,1.0,4096,2,4782.310030097336,0.8141791637943709,0.7452134711067251,0.41336703254383894,4
Engytime,KM++greedy,32,1.0,4096,2,4782.310030097336,0.8141791637943709,0.7452134711067251,0.41336703254383894,6
Engytime,KM++greedy,33,1.0,4096,2,4782.310030097336,0.8141791637943709,0.7452134711067251,0.41336703254383894,10
Engytime,KM++greedy,34,1.0,4096,2,4782.292251798375,0.8124173072083217,0.7435059164837543,0.4132818049643877,15
Engytime,KM++greedy,35,1.0,4096,2,4782.350365253109,0.8150608005352229,0.7452855394666091,0.41344253100667155,13
Engytime,KM++greedy,36,1.0,4096,2,4782.310030097336,0.8141791637943709,0.7452134711067251,0.41336703254383894,13
Engytime,KM++greedy,37,1.0,4096,2,4782.329910252721,0.8159429284147826,0.746928432933359,0.4134513294801542,10
Engytime,KM++greedy,38,1.0,4096,2,4782.292251798375,0.8124173072083217,0.7435059164837543,0.4132818049643877,12
Engytime,KM++greedy,39,1.0,4096,2,4782.31832123637,0.8132980043034176,0.7451688614638513,0.4132442271488881,3
Engytime,KM++greedy,40,1.0,4096,2,4782.329910252721,0.8159429284147826,0.746928432933359,0.4134513294801542,7
Engytime,KM++greedy,41,1.0,4096,2,4782.292251798375,0.8124173072083217,0.7435059164837543,0.4132818049643877,12
Engytime,KM++greedy,42,1.0,4096,2,4782.310030097336,0.8141791637943709,0.7452134711067251,0.41336703254383894,13
Engytime,KM++greedy,43,1.0,4096,2,4782.298222914026,0.8132980043034176,0.7451688614638513,0.4132442271488881,5
Engytime,KM++greedy,44,1.0,4096,2,4782.310030097336,0.8141791637943709,0.7452134711067251,0.41336703254383894,5
Engytime,KM++greedy,45,1.0,4096,2,4782.329910252721,0.8159429284147826,0.746928432933359,0.4134513294801542,7
Engytime,KM++greedy,46,1.0,4096,2,4782.310030097336,0.8141791637943709,0.7452134711067251,0.41336703254383894,6
Engytime,KM++greedy,47,1.0,4096,2,4782.310030097336,0.8141791637943709,0.7452134711067251,0.41336703254383894,5
Engytime,KM++greedy,48,1.0,4096,2,4782.314959189683,0.8141791637943709,0.7452134711067251,0.41336703254383894,4
Engytime,KM++greedy,49,1.0,4096,2,4782.292251798375,0.8124173072083217,0.7435059164837543,0.4132818049643877,13
Engytime,BF-refine,0,1.0,4096,2,4782.35968407846,0.8150608005352229,0.7452855394666091,0.41344253100667155,3
Engytime,BF-refine,1,1.0,4096,2,4782.292251798375,0.8124173072083217,0.7435059164837543,0.4132818049643877,3
Engytime,BF-refine,2,1.0,4096,2,4782.310030097336,0.8141791637943709,0.7452134711067251,0.41336703254383894,3
Engytime,BF-refine,3,1.0,4096,2,4782.293152685534,0.8124173072083217,0.7435059164837543,0.4132818049643877,3
Engytime,BF-refine,4,1.0,4096,2,4782.317836663625,0.8141791637943709,0.7452134711067251,0.41336703254383894,3
Engytime,BF-refine,5,1.0,4096,2,4782.2955912939715,0.8124173072083217,0.7435059164837543,0.4132818049643877,2
Engytime,BF-refine,6,1.0,4096,2,4782.292251798375,0.8124173072083217,0.7435059164837543,0.4132818049643877,2
Engytime,BF-refine,7,1.0,4096,2,4782.292251798375,0.8124173072083217,0.7435059164837543,0.4132818049643877,3
Engytime,BF-refine,8,1.0,4096,2,4782.296703815188,0.8132980043034176,0.7451688614638513,0.4132442271488881,1
Engytime,BF-refine,9,1.0,4096,2,4782.2955912939715,0.8124173072083217,0.7435059164837543,0.4132818049643877,2
Engytime,BF-refine,10,1.0,4096,2,4782.302244132317,0.8132979969969109,0.7443587732527628,0.41332326919721235,2
Engytime,BF-refine,11,1.0,4096,2,4782.296703815188,0.8132980043034176,0.7451688614638513,0.4132442271488881,2
Engytime,BF-refine,12,1.0,4096,2,4782.350365253109,0.8150608005352229,0.7452855394666091,0.41344253100667155,2
Engytime,BF-refine,13,1.0,4096,2,4782.317836663625,0.8141791637943709,0.7452134711067251,0.41336703254383894,2
Engytime,BF-refine,14,1.0,4096,2,4782.292251798375,0.8124173072083217,0.7435059164837543,0.4132818049643877,2
Engytime,BF-refine,15,1.0,4096,2,4782.293312407651,0.8124173072083217,0.7435059164837543,0.4132818049643877,3
Engytime,BF-refine,16,1.0,4096,2,4782.293260908494,0.8124173072083217,0.7435059164837543,0.4132818049643877,2
Engytime,BF-refine,17,1.0,4096,2,4782.310030097336,0.8141791637943709,0.7452134711067251,0.41336703254383894,2
Engytime,BF-refine,18,1.0,4096,2,4782.310030097336,0.8141791637943709,0.7452134711067251,0.41336703254383894,3
Engytime,BF-refine,19,1.0,4096,2,4782.346198739379,0.8141791566522052,0.744427322658295,0.4133989112630031,2
Engytime,BF-refine,20,1.0,4096,2,4782.35968407846,0.8150608005352229,0.7452855394666091,0.41344253100667155,2
Engytime,BF-refine,21,1.0,4096,2,4782.322831319369,0.8159429284147826,0.746928432933359,0.4134513294801542,2
Engytime,BF-refine,22,1.0,4096,2,4782.310030097336,0.8141791637943709,0.7452134711067251,0.41336703254383894,3
Engytime,BF-refine,23,1.0,4096,2,4782.322831319369,0.8159429284147826,0.746928432933359,0.4134513294801542,2
Engytime,BF-refine,24,1.0,4096,2,4782.310030097336,0.8141791637943709,0.7452134711067251,0.41336703254383894,3
Engytime,BF-refine,25,1.0,4096,2,4782.3065384557585,0.8132979969969109,0.7443587732527629,0.41332326919721235,2
Engytime,BF-refine,26,1.0,4096,2,4782.322831319369,0.8159429284147826,0.746928432933359,0.4134513294801542,3
Engytime,BF-refine,27,1.0,4096,2,4782.329910252721,0.8159429284147826,0.746928432933359,0.4134513294801542,3
Engytime,BF-refine,28,1.0,4096,2,4782.329910252721,0.8159429284147826,0.746928432933359,0.4134513294801542,2
Engytime,BF-refine,29,1.0,4096,2,4782.297729890415,0.8132979969969109,0.7443587732527629,0.41332326919721235,2
Engytime,BF-refine,30,1.0,4096,2,4782.346198739379,0.8141791566522052,0.744427322658295,0.4133989112630031,2
Engytime,BF-refine,31,1.0,4096,2,4782.310030097336,0.8141791637943709,0.7452134711067251,0.41336703254383894,3
Engytime,BF-refine,32,1.0,4096,2,4782.292251798375,0.8124173072083217,0.7435059164837543,0.4132818049643877,2
Engytime,BF-refine,33,1.0,4096,2,4782.293152685534,0.8124173072083217,0.7435059164837543,0.4132818049643877,3
Engytime,BF-refine,34,1.0,4096,2,4782.29348478214,0.8124173072083217,0.7435059164837543,0.4132818049643877,2
Engytime,BF-refine,35,1.0,4096,2,4782.302244132317,0.8132979969969109,0.7443587732527629,0.41332326919721235,3
Engytime,BF-refine,36,1.0,4096,2,4782.292251798375,0.8124173072083217,0.7435059164837543,0.4132818049643877,2
Engytime,BF-refine,37,1.0,4096,2,4782.297729890415,0.8132979969969109,0.7443587732527629,0.41332326919721235,2
Engytime,BF-refine,38,1.0,4096,2,4782.30700716658,0.8141791637943709,0.7452134711067251,0.41336703254383894,3
Engytime,BF-refine,39,1.0,4096,2,4782.293312407651,0.8124173072083217,0.7435059164837543,0.4132818049643877,2
Engytime,BF-refine,40,1.0,4096,2,4782.346198739379,0.8141791566522052,0.744427322658295,0.4133989112630031,2
Engytime,BF-refine,41,1.0,4096,2,4782.329910252721,0.8159429284147826,0.746928432933359,0.4134513294801542,2
Engytime,BF-refine,42,1.0,4096,2,4782.329910252721,0.8159429284147826,0.746928432933359,0.4134513294801542,2
Engytime,BF-refine,43,1.0,4096,2,4782.292251798375,0.8124173072083217,0.7435059164837543,0.4132818049643877,2
Engytime,BF-refine,44,1.0,4096,2,4782.329910252721,0.8159429284147826,0.746928432933359,0.4134513294801542,2
Engytime,BF-refine,45,1.0,4096,2,4782.30700716658,0.8141791637943709,0.7452134711067251,0.41336703254383894,2
Engytime,BF-refine,46,1.0,4096,2,4782.346198739379,0.8141791566522052,0.744427322658295,0.4133989112630031,2
Engytime,BF-refine,47,1.0,4096,2,4782.293152685534,0.8124173072083217,0.7435059164837543,0.4132818049643877,2
Engytime,BF-refine,48,1.0,4096,2,4782.350365253109,0.8150608005352229,0.7452855394666091,0.41344253100667155,2
Engytime,BF-refine,49,1.0,4096,2,4782.314959189683,0.8141791637943709,0.7452134711067251,0.41336703254383894,3
Engytime,KM-random,0,1.0,4096,2,4782.310030097336,0.8141791637943709,0.7452134711067251,0.41336703254383894,17
Engytime,KM-random,1,1.0,4096,2,4782.292251798375,0.8124173072083217,0.7435059164837543,0.4132818049643877,11
Engytime,KM-random,2,1.0,4096,2,4782.292251798375,0.8124173072083217,0.7435059164837543,0.4132818049643877,5
Engytime,KM-random,3,1.0,4096,2,4782.293260908494,0.8124173072083217,0.7435059164837543,0.4132818049643877,6
Engytime,KM-random,4,1.0,4096,2,4782.308584714335,0.8132980043034176,0.7451688614638513,0.4132442271488881,6
Engytime,KM-random,5,1.0,4096,2,4782.298222914026,0.8132980043034176,0.7451688614638513,0.4132442271488881,6
Engytime,KM-random,6,1.0,4096,2,4782.292251798375,0.8124173072083217,0.7435059164837543,0.4132818049643877,9
Engytime,KM-random,7,1.0,4096,2,4782.298222914026,0.8132980043034176,0.7451688614638513,0.4132442271488881,5
Engytime,KM-random,8,1.0,4096,2,4782.293152685534,0.8124173072083217,0.7435059164837543,0.4132818049643877,6
Engytime,KM-random,9,1.0,4096,2,4782.293152685534,0.8124173072083217,0.7435059164837543,0.4132818049643877,11
Engytime,KM-random,10,1.0,4096,2,4782.292251798375,0.8124173072083217,0.7435059164837543,0.4132818049643877,8
Engytime,KM-random,11,1.0,4096,2,4782.292251798375,0.8124173072083217,0.7435059164837543,0.4132818049643877,14
Engytime,KM-random,12,1.0,4096,2,4782.293260908494,0.8124173072083217,0.7435059164837543,0.4132818049643877,5
Engytime,KM-random,13,1.0,4096,2,4782.292251798375,0.8124173072083217,0.7435059164837543,0.4132818049643877,8
Engytime,KM-random,14,1.0,4096,2,4782.329910252721,0.8159429284147826,0.746928432933359,0.4134513294801542,3
Engytime,KM-random,15,1.0,4096,2,4782.310030097336,0.8141791637943709,0.7452134711067251,0.41336703254383894,3
Engytime,KM-random,16,1.0,4096,2,4782.310030097336,0.8141791637943709,0.7452134711067251,0.41336703254383894,13
Engytime,KM-random,17,1.0,4096,2,4782.317836663625,0.8141791637943709,0.7452134711067251,0.41336703254383894,14
Engytime,KM-random,18,1.0,4096,2,4782.2955912939715,0.8124173072083217,0.7435059164837543,0.4132818049643877,4
Engytime,KM-random,19,1.0,4096,2,4782.292251798375,0.8124173072083217,0.7435059164837543,0.4132818049643877,9
Engytime,KM-random,20,1.0,4096,2,4782.350365253109,0.8150608005352229,0.7452855394666091,0.41344253100667155,7
Engytime,KM-random,21,1.0,4096,2,4782.310030097336,0.8141791637943709,0.7452134711067251,0.41336703254383894,6
Engytime,KM-random,22,1.0,4096,2,4782.29348478214,0.8124173072083217,0.7435059164837543,0.4132818049643877,4
Engytime,KM-random,23,1.0,4096,2,4782.329910252721,0.8159429284147826,0.746928432933359,0.4134513294801542,11
Engytime,KM-random,24,1.0,4096,2,4782.35968407846,0.8150608005352229,0.7452855394666091,0.41344253100667155,11
Engytime,KM-random,25,1.0,4096,2,4782.310030097336,0.8141791637943709,0.7452134711067251,0.41336703254383894,6
Engytime,KM-random,26,1.0,4096,2,4782.2955912939715,0.8124173072083217,0.7435059164837543,0.4132818049643877,3
Engytime,KM-random,27,1.0,4096,2,4782.2955912939715,0.8124173072083217,0.7435059164837543,0.4132818049643877,5
Engytime,KM-random,28,1.0,4096,2,4782.293260908494,0.8124173072083217,0.7435059164837543,0.4132818049643877,6
Engytime,KM-random,29,1.0,4096,2,4782.310030097336,0.8141791637943709,0.7452134711067251,0.41336703254383894,5
Engytime,KM-random,30,1.0,4096,2,4782.292251798375,0.8124173072083217,0.7435059164837543,0.4132818049643877,7
Engytime,KM-random,31,1.0,4096,2,4782.298222914026,0.8132980043034176,0.7451688614638513,0.4132442271488881,6
Engytime,KM-random,32,1.0,4096,2,4782.3066488733675,0.8141791637943709,0.7452134711067251,0.41336703254383894,4
Engytime,KM-random,33,1.0,4096,2,4782.292251798375,0.8124173072083217,0.7435059164837543,0.4132818049643877,5
Engytime,KM-random,34,1.0,4096,2,4782.292251798375,0.8124173072083217,0.7435059164837543,0.4132818049643877,11
Engytime,KM-random,35,1.0,4096,2,4782.35968407846,0.8150608005352229,0.7452855394666091,0.41344253100667155,16
Engytime,KM-random,36,1.0,4096,2,4782.310030097336,0.8141791637943709,0.7452134711067251,0.41336703254383894,20
Engytime,KM-random,37,1.0,4096,2,4782.292251798375,0.8124173072083217,0.7435059164837543,0.4132818049643877,8
Engytime,KM-random,38,1.0,4096,2,4782.293260908494,0.8124173072083217,0.7435059164837543,0.4132818049643877,9
Engytime,KM-random,39,1.0,4096,2,4782.293260908494,0.8124173072083217,0.7435059164837543,0.4132818049643877,6
Engytime,KM-random,40,1.0,4096,2,4782.29348478214,0.8124173072083217,0.7435059164837543,0.4132818049643877,8
Engytime,KM-random,41,1.0,4096,2,4782.293260908494,0.8124173072083217,0.7435059164837543,0.4132818049643877,7
Engytime,KM-random,42,1.0,4096,2,4782.310030097336,0.8141791637943709,0.7452134711067251,0.41336703254383894,6
Engytime,KM-random,43,1.0,4096,2,4782.298041161359,0.8124173072083217,0.7435059164837543,0.4132818049643877,6
Engytime,KM-random,44,1.0,4096,2,4782.329910252721,0.8159429284147826,0.746928432933359,0.4134513294801542,4
Engytime,KM-random,45,1.0,4096,2,4782.292251798375,0.8124173072083217,0.7435059164837543,0.4132818049643877,11
Engytime,KM-random,46,1.0,4096,2,4782.292251798375,0.8124173072083217,0.7435059164837543,0.4132818049643877,6
Engytime,KM-random,47,1.0,4096,2,4782.293152685534,0.8124173072083217,0.7435059164837543,0.4132818049643877,9
Engytime,KM-random,48,1.0,4096,2,4782.350365253109,0.8150608005352229,0.7452855394666091,0.41344253100667155,15
Engytime,KM-random,49,1.0,4096,2,4782.292251798375,0.8124173072083217,0.7435059164837543,0.4132818049643877,10
Digits,CCKM,-1,0.21594970500832777,1797,10,2817.1723266806366,0.32512651632578765,0.46507040732739,0.3789616060904943,45
Digits,Maxmin,-1,0.21594970500832777,1797,10,2817.1401936373068,0.3247933772749632,0.46472465492645243,0.3788052258187923,40
Digits,KM++,0,0.21594970500832777,1797,10,2972.02614153454,0.3080335874720908,0.44290386169323154,0.3706986208451121,30
Digits,KM++,1,0.21594970500832777,1797,10,2816.877078769701,0.3271916818927667,0.463438151027027,0.37170096796903146,21
Digits,KM++,2,0.21594970500832777,1797,10,2926.0290897958557,0.3008201213035525,0.44953788487508883,0.3717353770537397,33
Digits,KM++,3,0.21594970500832777,1797,10,2819.3661363484302,0.32596395607385753,0.4631097337220603,0.37331559116970753,20
Digits,KM++,4,0.21594970500832777,1797,10,2815.878134033984,0.32302297177357997,0.4632637426157129,0.3782312367724803,42
Digits,KM++,5,0.21594970500832777,1797,10,2815.7236814021644,0.32224694423618444,0.46278371838364535,0.37715428639592613,12
Digits,KM++,6,0.21594970500832777,1797,10,2953.4313737586986,0.3096230413478606,0.45230151742513164,0.3594524535853613,20
Digits,KM++,7,0.21594970500832777,1797,10,2972.0347513123706,0.30007321531908293,0.4465410628776308,0.3606909768580878,19
Digits,KM++,8,0.21594970500832777,1797,10,2958.840257987645,0.3079684721286362,0.45310286435013064,0.35547274679258334,54
Digits,KM++,9,0.21594970500832777,1797,10,2817.0860478978852,0.327428653086342,0.46614214412440574,0.3783260508542169,20
Digits,KM++,10,0.21594970500832777,1797,10,3025.8127556953873,0.3347533376260293,0.46559367601417123,0.3666577722006145,18
Digits,KM++,11,0.21594970500832777,1797,10,2957.2555274171573,0.31012226808081145,0.4553113428452654,0.359563273406356,24
Digits,KM++,12,0.21594970500832777,1797,10,2964.3047554544646,0.31134448248793317,0.4499777796416016,0.37404598448312265,26
Digits,KM++,13,0.21594970500832777,1797,10,2963.850933759155,0.31186630275817007,0.4498286313058354,0.37284535917615264,16
Digits,KM++,14,0.21594970500832777,1797,10,2817.1087800498162,0.3246243147871492,0.46463184549717873,0.3788055613648829,26
Digits,KM++,15,0.21594970500832777,1797,10,2956.9547507586285,0.3123794472097507,0.4577007724842833,0.3584372144584822,25
Digits,KM++,16,0.21594970500832777,1797,10,2817.5506819249895,0.3243004136234395,0.4623738657337992,0.37507382859527977,22
Digits,KM++,17,0.21594970500832777,1797,10,2817.294361630813,0.3285112779288105,0.46564324606963287,0.3708989132122388,52
Digits,KM++,18,0.21594970500832777,1797,10,2816.4888929371537,0.3215415143393683,0.46292602558280344,0.37827669660242547,20
Digits,KM++,19,0.21594970500832777,1797,10,2944.5586930334766,0.3138198989951769,0.45942792113884223,0.3599404612829628,43
Digits,KM++,20,0.21594970500832777,1797,10,2816.6802188396186,0.3227490320726092,0.4625873418873793,0.37836301881994994,38
Digits,KM++,21,0.21594970500832777,1797,10,2980.2006543164966,0.29391980187815114,0.4430728212526454,0.3530971064629671,18
Digits,KM++,22,0.21594970500832777,1797,10,2815.6964618704724,0.3248882596625678,0.4642349756491788,0.37701319120087035,30
Digits,KM++,23,0.21594970500832777,1797,10,2847.3656711488607,0.3222319814968211,0.46207468640337135,0.36576780081161764,20
Digits,KM++,24,0.21594970500832777,1797,10,2821.943349767452,0.3257184234452406,0.4631864707519782,0.37008928294663523,49
Digits,KM++,25,0.21594970500832777,1797,10,2964.2698065181435,0.3113697816967314,0.4494676637111145,0.37383249169878013,30
Digits,KM++,26,0.21594970500832777,1797,10,2816.8490782017097,0.32827274320859456,0.46355127887397835,0.3720514780949547,15
Digits,KM++,27,0.21594970500832777,1797,10,2817.3599731664035,0.3258264212213141,0.46291288631371535,0.3711399621251017,27
Digits,KM++,28,0.21594970500832777,1797,10,2817.221092131809,0.32464126473787314,0.46489335413277183,0.3787588223774354,24
Digits,KM++,29,0.21594970500832777,1797,10,2817.757318854893,0.3254818120548554,0.4636222069806046,0.37555893759756304,27
Digits,KM++,30,0.21594970500832777,1797,10,2925.8400865510243,0.3007057780121554,0.44827211223381175,0.37180157928494184,46
Digits,KM++,31,0.21594970500832777,1797,10,2816.176629945556,0.3229171582770162,0.4634348463148821,0.3765573975674397,25
Digits,KM++,32,0.21594970500832777,1797,10,2989.238151256514,0.32122550333423455,0.45209771442384056,0.373413825827153,20
Digits,KM++,33,0.21594970500832777,1797,10,2925.900705690882,0.30102322459157577,0.44872336828835574,0.3717330873277915,21
Digits,KM++,34,0.21594970500832777,1797,10,2817.294361630813,0.3285112779288105,0.46564324606963303,0.3708989132122388,18
Digits,KM++,35,0.21594970500832777,1797,10,2822.0991901193706,0.32673637791602644,0.4643522400382179,0.3704719019346172,31
Digits,KM++,36,0.21594970500832777,1797,10,2973.444134822554,0.3079376550312207,0.44533735081737985,0.3694473404236105,25
Digits,KM++,37,0.21594970500832777,1797,10,2974.0486194849695,0.2972252852712563,0.44645754046599007,0.3575903624135078,16
Digits,KM++,38,0.21594970500832777,1797,10,2821.943349767452,0.3257184234452406,0.46318647075197805,0.37008928294663523,62
Digits,KM++,39,0.21594970500832777,1797,10,2963.826711080075,0.3097684679016336,0.44813978002958993,0.37325928853181134,35
Digits,KM++,40,0.21594970500832777,1797,10,2819.182300367129,0.3281796246306122,0.46518688407442105,0.3702744733012197,43
Digits,KM++,41,0.21594970500832777,1797,10,2817.5662459595824,0.3252467141699094,0.46323901175610926,0.3749271013845631,31
Digits,KM++,42,0.21594970500832777,1797,10,2986.4746556400078,0.3200032041672396,0.4480437550869532,0.37239891045601947,14
Digits,KM++,43,0.21594970500832777,1797,10,2816.5000966344273,0.327010985408895,0.46609399763840237,0.3775564653272733,20
Digits,KM++,44,0.21594970500832777,1797,10,2817.230924899157,0.3279204075970516,0.4657347486710256,0.37807306053105305,32
Digits,KM++,45,0.21594970500832777,1797,10,2817.5681534709024,0.32575699536907987,0.4662326369967557,0.37894741544877186,36
Digits,KM++,46,0.21594970500832777,1797,10,2816.5121876848543,0.32576070588476064,0.4646349912647656,0.3778901369261252,50
Digits,KM++,47,0.21594970500832777,1797,10,2817.193938277295,0.3254504764095319,0.4626715157975785,0.37114829918837683,27
Digits,KM++,48,0.21594970500832777,1797,10,2817.2107605241663,0.3235420955036365,0.4638503448640869,0.37577319801623554,16
Digits,KM++,49,0.21594970500832777,1797,10,2822.1073647610706,0.3268012147488403,0.46416857153954344,0.3700482599165471,32
Digits,KM++greedy,0,0.21594970500832777,1797,10,2816.7780358109967,0.32651939128009155,0.462536503624576,0.37194465173860564,50
Digits,KM++greedy,1,0.21594970500832777,1797,10,2818.1137568325385,0.3237650653043448,0.4618135207762335,0.37551941042061837,10
Digits,KM++greedy,2,0.21594970500832777,1797,10,2815.4807232244843,0.3256962471889453,0.4645411257906179,0.3759454730371102,20
Digits,KM++greedy,3,0.21594970500832777,1797,10,2994.5458180443775,0.3354347505053196,0.4786726524166043,0.3510111182798852,15
Digits,KM++greedy,4,0.21594970500832777,1797,10,2815.5916018507155,0.3241218154556532,0.4642228760130935,0.37597397639580554,14
Digits,KM++greedy,5,0.21594970500832777,1797,10,2816.267607991073,0.32217468228999735,0.46256241305334117,0.3782009361347708,26
Digits,KM++greedy,6,0.21594970500832777,1797,10,2817.749611075524,0.32704831198069706,0.46548646807529365,0.37571500835068233,19
Digits,KM++greedy,7,0.21594970500832777,1797,10,2817.4157623371407,0.32702635137120634,0.46453767847248795,0.371431246676597,21
Digits,KM++greedy,8,0.21594970500832777,1797,10,2817.757318854893,0.3254818120548554,0.46362220698060447,0.37555893759756304,14
Digits,KM++greedy,9,0.21594970500832777,1797,10,2816.8221075749984,0.3268335941682471,0.46322832900660044,0.3719728044290235,27
Digits,KM++greedy,10,0.21594970500832777,1797,10,2977.435196620615,0.32164158565233897,0.4505225067364578,0.3736633186618558,16
Digits,KM++greedy,11,0.21594970500832777,1797,10,2969.670883478596,0.29972180683432553,0.4458284538912254,0.3587732276517796,20
Digits,KM++greedy,12,0.21594970500832777,1797,10,2817.8119617564266,0.3265405199227176,0.4643512559574346,0.3762243027893617,25
Digits,KM++greedy,13,0.21594970500832777,1797,10,2816.740930858827,0.3292840339157267,0.46483527761746585,0.37167453029628905,36
Digits,KM++greedy,14,0.21594970500832777,1797,10,2822.1470085321107,0.3264240719805028,0.46369979317023485,0.36999085902627,31
Digits,KM++greedy,15,0.21594970500832777,1797,10,2821.4837604565114,0.32719697225698346,0.4644566408645216,0.37072845157394607,57
Digits,KM++greedy,16,0.21594970500832777,1797,10,2817.0853113869907,0.3282088894789652,0.4640140587730851,0.37169979750591436,51
Digits,KM++greedy,17,0.21594970500832777,1797,10,2963.2070831927313,0.3088005891458655,0.4496044500733086,0.3710122576398248,22
Digits,KM++greedy,18,0.21594970500832777,1797,10,2818.2953958260264,0.32660057489685584,0.46409862878809904,0.3734513160039978,11
Digits,KM++greedy,19,0.21594970500832777,1797,10,2822.1073647610706,0.3268012147488403,0.46416857153954344,0.3700482599165471,30
Digits,KM++greedy,20,0.21594970500832777,1797,10,2934.068647274639,0.3336449976658534,0.4762349597629108,0.369756380693426,11
Digits,KM++greedy,21,0.21594970500832777,1797,10,2963.1928510486737,0.3055468930778373,0.44650117841937487,0.3717468330454292,16
Digits,KM++greedy,22,0.21594970500832777,1797,10,2958.9114689777657,0.3079684721286362,0.45310286435013064,0.35547274679258334,29
Digits,KM++greedy,23,0.21594970500832777,1797,10,2816.8764306405274,0.32192206506710785,0.4632837502108804,0.3757859697705294,14
Digits,KM++greedy,24,0.21594970500832777,1797,10,2961.5250154182954,0.308026761509994,0.4508657150141552,0.3602683673372815,30
Digits,KM++greedy,25,0.21594970500832777,1797,10,2818.491277898918,0.3279480067366964,0.46601836054138457,0.37666909262507886,24
Digits,KM++greedy,26,0.21594970500832777,1797,10,2815.728235148215,0.32508858312421424,0.4640933404022627,0.3770354928795673,22
Digits,KM++greedy,27,0.21594970500832777,1797,10,2816.453174735624,0.3271134647085458,0.4665294877453216,0.37812390019122594,16
Digits,KM++greedy,28,0.21594970500832777,1797,10,2822.0991901193706,0.32673637791602644,0.464352240038218,0.3704719019346172,26
Digits,KM++greedy,29,0.21594970500832777,1797,10,2818.3169648736744,0.3256180926442467,0.4633496124210563,0.37435140408941125,46
Digits,KM++greedy,30,0.21594970500832777,1797,10,2817.3440070388006,0.3258264212213141,0.4629128863137155,0.3711399621251017,25
Digits,KM++greedy,31,0.21594970500832777,1797,10,2817.2541127994887,0.32647326371013763,0.4631709287130481,0.3710595017301676,35
Digits,KM++greedy,32,0.21594970500832777,1797,10,2815.412108843538,0.3261270898822578,0.4641836700299706,0.3770714903450903,17
Digits,KM++greedy,33,0.21594970500832777,1797,10,2815.584115630655,0.3240298382006304,0.46475428155587617,0.3758203901070457,13
Digits,KM++greedy,34,0.21594970500832777,1797,10,2817.42067946427,0.3270392710096263,0.4637038317517853,0.37099417099842824,22
Digits,KM++greedy,35,0.21594970500832777,1797,10,2817.1253312925483,0.32766615704496743,0.46596171480089615,0.3782534457374574,37
Digits,KM++greedy,36,0.21594970500832777,1797,10,2817.3440070388006,0.3258264212213141,0.4629128863137155,0.3711399621251017,17
Digits,KM++greedy,37,0.21594970500832777,1797,10,2817.6544110459,0.3255273313504394,0.46186277899030553,0.37181994112741257,32
Digits,KM++greedy,38,0.21594970500832777,1797,10,2816.870554008309,0.32620187135872797,0.4626380756140494,0.3719681156981585,23
Digits,KM++greedy,39,0.21594970500832777,1797,10,2817.6544110459,0.3255273313504394,0.46186277899030553,0.37181994112741257,32
Digits,KM++greedy,40,0.21594970500832777,1797,10,2817.651065891558,0.3252216000648582,0.46311483283137017,0.3748313344564322,23
Digits,KM++greedy,41,0.21594970500832777,1797,10,2817.42067946427,0.3270392710096263,0.46370383175178526,0.37099417099842824,15
Digits,KM++greedy,42,0.21594970500832777,1797,10,2817.1181917506765,0.3247933772749632,0.4647246549264526,0.3788052258187923,29
Digits,KM++greedy,43,0.21594970500832777,1797,10,2816.6387917630504,0.32151197668607145,0.4628622837243279,0.37826852379870907,28
Digits,KM++greedy,44,0.21594970500832777,1797,10,2816.91212318516,0.3254945179871896,0.461537783461141,0.372161958659998,25
Digits,KM++greedy,45,0.21594970500832777,1797,10,2822.1073647610706,0.3268012147488403,0.4641685715395434,0.3700482599165471,38
Digits,KM++greedy,46,0.21594970500832777,1797,10,2815.4229987300164,0.3249893571927542,0.46382222305939047,0.3760618470333065,22
Digits,KM++greedy,47,0.21594970500832777,1797,10,2817.099735123,0.3278895986461284,0.46615811823414915,0.37832907745184124,26
Digits,KM++greedy,48,0.21594970500832777,1797,10,2815.79269959252,0.32662761502721993,0.4652109733505637,0.3777872177608744,16
Digits,KM++greedy,49,0.21594970500832777,1797,10,2816.769818180634,0.3257527370398382,0.4658295435127162,0.37806756785885093,10
Digits,BF-refine,0,0.21594970500832777,1797,10,2847.2560614971217,0.3226177082351141,0.4623043808349417,0.3658038351541162,10
Digits,BF-refine,1,0.21594970500832777,1797,10,2934.875335750316,0.32876826077241483,0.4754251946619496,0.3694228850041447,10
Digits,BF-refine,2,0.21594970500832777,1797,10,2963.156714696363,0.3109068332170802,0.4502097815742445,0.3716340189783739,36
Digits,BF-refine,3,0.21594970500832777,1797,10,2933.1604332082466,0.33199634841455167,0.4766512133931854,0.36995726695944453,18
Digits,BF-refine,4,0.21594970500832777,1797,10,2816.7012686180237,0.32692511337605756,0.46269921941713726,0.3720113131319733,24
Digits,BF-refine,5,0.21594970500832777,1797,10,2926.320946215322,0.30181437050183835,0.44928461075744774,0.37194162086854804,11
Digits,BF-refine,6,0.21594970500832777,1797,10,2926.0290897958557,0.3008201213035525,0.44953788487508883,0.3717353770537397,15
Digits,BF-refine,7,0.21594970500832777,1797,10,2944.4271429749597,0.32640856525494655,0.46917020738305093,0.3617905210217939,38
Digits,BF-refine,8,0.21594970500832777,1797,10,2817.5837961291213,0.3238156594109513,0.46228035671095224,0.37504472078821377,20
Digits,BF-refine,9,0.21594970500832777,1797,10,2817.4327672856894,0.3242281447543392,0.4622446705693738,0.37514668191437156,23
Digits,BF-refine,10,0.21594970500832777,1797,10,2817.166476562096,0.32797972381739354,0.4661214175189365,0.3784363593769237,23
Digits,BF-refine,11,0.21594970500832777,1797,10,2934.1939064667017,0.33418411244470286,0.47654146159816235,0.36992118907859506,20
Digits,BF-refine,12,0.21594970500832777,1797,10,2925.9306535375767,0.3009800125541541,0.44840977018574085,0.370980157818739,21
Digits,BF-refine,13,0.21594970500832777,1797,10,2937.9078180362494,0.33109803850405134,0.4765419195137461,0.3708170746694845,14
Digits,BF-refine,14,0.21594970500832777,1797,10,2936.2014167501084,0.3330253281663498,0.47446183609425063,0.36970650824639145,12
Digits,BF-refine,15,0.21594970500832777,1797,10,2817.2105335556944,0.3251668045083309,0.46557035396496643,0.37902353878481704,11
Digits,BF-refine,16,0.21594970500832777,1797,10,2816.8265288413177,0.32180860522467736,0.4617145045331482,0.37834607359247485,26
Digits,BF-refine,17,0.21594970500832777,1797,10,2817.6368965042734,0.32393126964515634,0.46325545422923675,0.3761497633048131,8
Digits,BF-refine,18,0.21594970500832777,1797,10,2962.5955087309185,0.30906354777848527,0.4483589706797265,0.3725927604808489,11
Digits,BF-refine,19,0.21594970500832777,1797,10,2817.1701933457107,0.32532025697978695,0.4650469782523969,0.3788310904574664,21
Digits,BF-refine,20,0.21594970500832777,1797,10,2932.6426940335828,0.3282178996319964,0.472141152939165,0.3692944128953535,14
Digits,BF-refine,21,0.21594970500832777,1797,10,2817.5662459595824,0.3252467141699094,0.4632390117561094,0.3749271013845631,22
Digits,BF-refine,22,0.21594970500832777,1797,10,2817.1087800498162,0.3246243147871492,0.46463184549717873,0.3788055613648829,21
Digits,BF-refine,23,0.21594970500832777,1797,10,2815.992149199605,0.32231255353027716,0.4623351859291047,0.3771404031788086,11
Digits,BF-refine,24,0.21594970500832777,1797,10,2963.5927312231715,0.3114553464695154,0.44930665908485873,0.37350613022298085,18
Digits,BF-refine,25,0.21594970500832777,1797,10,2933.8967301158896,0.3293620574027154,0.47298569263162216,0.3694548791312551,16
Digits,BF-refine,26,0.21594970500832777,1797,10,2926.0664019926035,0.3008100731206897,0.44957263349821935,0.3716771603455688,25
Digits,BF-refine,27,0.21594970500832777,1797,10,2944.400699516051,0.32634804487407637,0.4691704693981295,0.3619966350124412,30
Digits,BF-refine,28,0.21594970500832777,1797,10,2934.457781632092,0.3288785424834693,0.4727175673283662,0.36976854406914006,14
Digits,BF-refine,29,0.21594970500832777,1797,10,2926.0290897958557,0.3008201213035525,0.44953788487508883,0.3717353770537397,30
Digits,BF-refine,30,0.21594970500832777,1797,10,2817.5664880656827,0.3240102632852847,0.46474001719149516,0.37886379390721264,24
Digits,BF-refine,31,0.21594970500832777,1797,10,2962.0026690030463,0.31057162699620433,0.4524005099084986,0.3707987421235309,21
Digits,BF-refine,32,0.21594970500832777,1797,10,2817.0838666092636,0.32666176251449447,0.4634903965140161,0.37157898813946266,12
Digits,BF-refine,33,0.21594970500832777,1797,10,2817.606583788877,0.3239360558885016,0.4651334127732919,0.3788800979973542,21
Digits,BF-refine,34,0.21594970500832777,1797,10,2934.866068017019,0.3268954045859216,0.47421957981170976,0.36944181736284903,8
Digits,BF-refine,35,0.21594970500832777,1797,10,2817.0853113869907,0.3282088894789652,0.4640140587730851,0.37169979750591436,30
Digits,BF-refine,36,0.21594970500832777,1797,10,3186.35531894068,0.30930435412054785,0.46473505624166495,0.3693505839772284,12
Digits,BF-refine,37,0.21594970500832777,1797,10,2934.717117104844,0.3319996851730359,0.47674745638726584,0.369854087124667,10
Digits,BF-refine,38,0.21594970500832777,1797,10,2937.937432983041,0.330217237640495,0.475976644069123,0.3708815918333426,13
Digits,BF-refine,39,0.21594970500832777,1797,10,2817.063668120605,0.3269094226719009,0.46550647376184684,0.3782229507187991,27
Digits,BF-refine,40,0.21594970500832777,1797,10,2934.825580172596,0.32651229541523386,0.47468444516397645,0.3693162233004357,10
Digits,BF-refine,41,0.21594970500832777,1797,10,2962.3320723008032,0.30912344494512534,0.45025301643020366,0.37138394211400305,16
Digits,BF-refine,42,0.21594970500832777,1797,10,2816.357807792585,0.3275521234200232,0.46621811669837204,0.3775622041667976,19
Digits,BF-refine,43,0.21594970500832777,1797,10,2817.1418922738403,0.3250517138188845,0.46488199821104714,0.37882274940793476,14
Digits,BF-refine,44,0.21594970500832777,1797,10,2817.0745775129594,0.32505854072672247,0.46484667219390075,0.37849357751464346,10
Digits,BF-refine,45,0.21594970500832777,1797,10,2933.1730492571273,0.3323391045074653,0.4753055002076174,0.3703390084181284,16
Digits,BF-refine,46,0.21594970500832777,1797,10,2962.791269144056,0.3100108358691763,0.44890509613309765,0.372607041646358,19
Digits,BF-refine,47,0.21594970500832777,1797,10,2926.320946215322,0.30181437050183835,0.44928461075744774,0.37194162086854804,16
Digits,BF-refine,48,0.21594970500832777,1797,10,2944.4271429749597,0.32640856525494655,0.46917020738305093,0.3617905210217939,25
Digits,BF-refine,49,0.21594970500832777,1797,10,3015.2838165595517,0.3159772558059431,0.4538810801718329,0.37514775804973993,12
Digits,KM-random,0,0.21594970500832777,1797,10,2971.1789992604695,0.3141840194094834,0.4422804640518909,0.3691845750944762,21
Digits,KM-random,1,0.21594970500832777,1797,10,2937.278356436347,0.3147747299238562,0.4637050554069204,0.3701746216492403,25
Digits,KM-random,2,0.21594970500832777,1797,10,2816.8029452373726,0.3241019301762843,0.4635061729460425,0.37810182472333737,66
Digits,KM-random,3,0.21594970500832777,1797,10,2816.798492293293,0.3307096507801273,0.4659214407466082,0.37162214830601004,39
Digits,KM-random,4,0.21594970500832777,1797,10,2817.42067946427,0.3270392710096263,0.4637038317517854,0.37099417099842824,29
Digits,KM-random,5,0.21594970500832777,1797,10,2992.2714306306984,0.29760205749034985,0.4414397887981614,0.35682133826510404,21
Digits,KM-random,6,0.21594970500832777,1797,10,2816.840955951569,0.3267625618780013,0.46271083138181407,0.3723411256775142,37
Digits,KM-random,7,0.21594970500832777,1797,10,2819.182300367129,0.3281796246306122,0.46518688407442105,0.3702744733012197,43
Digits,KM-random,8,0.21594970500832777,1797,10,2815.753619454622,0.3264860531721494,0.46561172284227903,0.3778312560982519,15
Digits,KM-random,9,0.21594970500832777,1797,10,2819.182300367129,0.3281796246306122,0.46518688407442116,0.3702744733012197,51
Digits,KM-random,10,0.21594970500832777,1797,10,2818.1047269955593,0.3263361352994353,0.4634662075150911,0.373204937075447,14
Digits,KM-random,11,0.21594970500832777,1797,10,2964.2457261477675,0.30988571570477913,0.44799809215574066,0.3744309621177613,41
Digits,KM-random,12,0.21594970500832777,1797,10,2817.42067946427,0.3270392710096263,0.4637038317517853,0.37099417099842824,36
Digits,KM-random,13,0.21594970500832777,1797,10,2973.559973961645,0.298886573068231,0.4468053170742417,0.3580121667769213,50
Digits,KM-random,14,0.21594970500832777,1797,10,2816.8688552557946,0.3280906099403219,0.46421310716172365,0.3723679851200025,34
Digits,KM-random,15,0.21594970500832777,1797,10,2971.827057735535,0.31859659723140504,0.4510202131532832,0.36687618700746294,14
Digits,KM-random,16,0.21594970500832777,1797,10,2816.7780358109967,0.32651939128009155,0.46253650362457616,0.37194465173860564,22
Digits,KM-random,17,0.21594970500832777,1797,10,2815.713649869637,0.3248882596625678,0.4642349756491789,0.37701319120087035,40
Digits,KM-random,18,0.21594970500832777,1797,10,2959.1833469372377,0.31457137247575157,0.4619321069490735,0.36086165713582996,15
Digits,KM-random,19,0.21594970500832777,1797,10,2925.871658347468,0.30141407115207364,0.44934515923122825,0.3713345115414556,22
Digits,KM-random,20,0.21594970500832777,1797,10,2956.377717336876,0.31092867037728456,0.456623964293657,0.35876445888792774,22
Digits,KM-random,21,0.21594970500832777,1797,10,2975.771651158525,0.2972942884735504,0.44461212599222494,0.3567330812352097,53
Digits,KM-random,22,0.21594970500832777,1797,10,2816.5121876848543,0.32576070588476064,0.4646349912647655,0.3778901369261252,47
Digits,KM-random,23,0.21594970500832777,1797,10,2969.316090807807,0.30330935056855607,0.45063722815195595,0.3616609393778012,40
Digits,KM-random,24,0.21594970500832777,1797,10,2816.9704529212595,0.32504463132801775,0.4611820880555963,0.3724819349639942,25
Digits,KM-random,25,0.21594970500832777,1797,10,2973.589076261121,0.29872064488028044,0.446020882920724,0.3585768969393013,39
Digits,KM-random,26,0.21594970500832777,1797,10,3058.7823827936672,0.30986644659290125,0.4549370283840837,0.35296374914345846,21
Digits,KM-random,27,0.21594970500832777,1797,10,2816.5067122257888,0.3269101626514316,0.46610940323281996,0.3781496734512736,23
Digits,KM-random,28,0.21594970500832777,1797,10,2822.1102148363902,0.3268600734416819,0.4642642717415289,0.3702066308951794,26
Digits,KM-random,29,0.21594970500832777,1797,10,2926.0290897958557,0.3008201213035525,0.44953788487508883,0.3717353770537397,31
Digits,KM-random,30,0.21594970500832777,1797,10,3051.7336248102,0.3097136028092994,0.4557586363238495,0.3462595102956277,27
Digits,KM-random,31,0.21594970500832777,1797,10,2818.679345248945,0.3249783046626274,0.46341251011593193,0.372826233237754,38
Digits,KM-random,32,0.21594970500832777,1797,10,2821.334263829735,0.3299759882826211,0.46564975690884824,0.3713464683863974,25
Digits,KM-random,33,0.21594970500832777,1797,10,2973.1415402003126,0.30097521921526715,0.44790719473730944,0.35815299429580594,60
Digits,KM-random,34,0.21594970500832777,1797,10,2821.4837604565114,0.32719697225698346,0.4644566408645216,0.37072845157394607,53
Digits,KM-random,35,0.21594970500832777,1797,10,2973.559973961645,0.298886573068231,0.4468053170742417,0.3580121667769213,51
Digits,KM-random,36,0.21594970500832777,1797,10,2846.913352490379,0.32275211628059497,0.4623645869802508,0.36586132435296803,28
Digits,KM-random,37,0.21594970500832777,1797,10,2973.851399072107,0.2986814420385633,0.44712503281663746,0.3609415943743624,29
Digits,KM-random,38,0.21594970500832777,1797,10,2925.793676934552,0.3007057780121554,0.44827211223381175,0.37180157928494184,23
Digits,KM-random,39,0.21594970500832777,1797,10,2817.0489726632813,0.3247778342989655,0.46112087805616475,0.3725014775537734,22
Digits,KM-random,40,0.21594970500832777,1797,10,2961.5250154182954,0.308026761509994,0.4508657150141551,0.3602683673372815,41
Digits,KM-random,41,0.21594970500832777,1797,10,2815.851522536339,0.3258116531854417,0.46424960423647926,0.37785044408493,24
Digits,KM-random,42,0.21594970500832777,1797,10,2817.0977832636477,0.32703687655607255,0.46622014798586064,0.3784328090730356,34
Digits,KM-random,43,0.21594970500832777,1797,10,2817.2541127994887,0.32647326371013763,0.463170928713048,0.3710595017301676,31
Digits,KM-random,44,0.21594970500832777,1797,10,2846.8046196832142,0.3230207424913035,0.4624370597726598,0.36586167827459465,20
Digits,KM-random,45,0.21594970500832777,1797,10,2951.677918949254,0.3094651925165156,0.45424650935662647,0.3588548155262609,25
Digits,KM-random,46,0.21594970500832777,1797,10,2816.9794281417917,0.325494008361742,0.46259497661476323,0.37454519557596294,33
Digits,KM-random,47,0.21594970500832777,1797,10,2815.8771710323654,0.326746946877378,0.4642166811919817,0.37686850481005163,27
Digits,KM-random,48,0.21594970500832777,1797,10,2817.3440070388006,0.3258264212213141,0.46291288631371547,0.3711399621251017,26
Digits,KM-random,49,0.21594970500832777,1797,10,2817.6220693685723,0.32637019430390385,0.4625450990962035,0.37175269587090776,27
Wine,CCKM,-1,0.5540633835693534,178,3,260.01666268357667,0.8961671105205941,0.8656424267867644,0.5601697480957203,4
Wine,Maxmin,-1,0.5540633835693534,178,3,260.01666268357667,0.8961671105205941,0.8656424267867642,0.5601697480957203,4
Wine,KM++,0,0.5540633835693534,178,3,260.01666268357667,0.8961671105205941,0.8656424267867642,0.5601697480957203,5
Wine,KM++,1,0.5540633835693534,178,3,259.8077220498029,0.9121705074831796,0.8844141140654393,0.5615238075263916,3
Wine,KM++,2,0.5540633835693534,178,3,260.1626064863484,0.8456161913329393,0.846355844744457,0.5609305721582905,5
Wine,KM++,3,0.5540633835693534,178,3,260.1626064863484,0.8456161913329393,0.846355844744457,0.5609305721582905,5
Wine,KM++,4,0.5540633835693534,178,3,260.1626064863484,0.8456161913329393,0.846355844744457,0.5609305721582905,5
Wine,KM++,5,0.5540633835693534,178,3,260.1626064863484,0.8456161913329393,0.846355844744457,0.5609305721582905,5
Wine,KM++,6,0.5540633835693534,178,3,260.01666268357667,0.8961671105205941,0.8656424267867644,0.5601697480957203,5
Wine,KM++,7,0.5540633835693534,178,3,260.1626064863484,0.8456161913329393,0.846355844744457,0.5609305721582905,7
Wine,KM++,8,0.5540633835693534,178,3,259.5093807511936,0.8950582389649661,0.8820653444077604,0.5610505693103247,3
Wine,KM++,9,0.5540633835693534,178,3,260.1626064863484,0.8456161913329393,0.846355844744457,0.5609305721582905,5
Wine,KM++,10,0.5540633835693534,178,3,260.01666268357667,0.8961671105205941,0.8656424267867644,0.5601697480957203,3
Wine,KM++,11,0.5540633835693534,178,3,259.5093807511936,0.8950582389649661,0.8820653444077604,0.5610505693103247,5
Wine,KM++,12,0.5540633835693534,178,3,260.01666268357667,0.8961671105205941,0.8656424267867644,0.5601697480957203,5
Wine,KM++,13,0.5540633835693534,178,3,260.1626064863484,0.8456161913329393,0.846355844744457,0.5609305721582905,5
Wine,KM++,14,0.5540633835693534,178,3,260.1626064863484,0.8456161913329393,0.8463558447444572,0.5609305721582905,4
Wine,KM++,15,0.5540633835693534,178,3,260.01666268357667,0.8961671105205941,0.8656424267867642,0.5601697480957203,5
Wine,KM++,16,0.5540633835693534,178,3,260.01666268357667,0.8961671105205941,0.8656424267867644,0.5601697480957203,7
Wine,KM++,17,0.5540633835693534,178,3,260.01666268357667,0.8961671105205941,0.8656424267867644,0.5601697480957203,4
Wine,KM++,18,0.5540633835693534,178,3,259.8077220498029,0.9121705074831796,0.8844141140654393,0.5615238075263916,2
Wine,KM++,19,0.5540633835693534,178,3,259.8077220498029,0.9121705074831796,0.8844141140654393,0.5615238075263916,3
Wine,KM++,20,0.5540633835693534,178,3,259.8077220498029,0.9121705074831796,0.8844141140654393,0.5615238075263916,4
Wine,KM++,21,0.5540633835693534,178,3,260.01666268357667,0.8961671105205941,0.8656424267867642,0.5601697480957203,5
Wine,KM++,22,0.5540633835693534,178,3,260.01666268357667,0.8961671105205941,0.8656424267867644,0.5601697480957203,8
Wine,KM++,23,0.5540633835693534,178,3,260.01666268357667,0.8961671105205941,0.8656424267867642,0.5601697480957203,4
Wine,KM++,24,0.5540633835693534,178,3,260.01666268357667,0.8961671105205941,0.8656424267867644,0.5601697480957203,4
Wine,KM++,25,0.5540633835693534,178,3,260.01666268357667,0.8961671105205941,0.8656424267867644,0.5601697480957203,6
Wine,KM++,26,0.5540633835693534,178,3,260.01666268357667,0.8961671105205941,0.8656424267867642,0.5601697480957203,5
Wine,KM++,27,0.5540633835693534,178,3,260.01666268357667,0.8961671105205941,0.8656424267867642,0.5601697480957203,7
Wine,KM++,28,0.5540633835693534,178,3,260.1626064863484,0.8456161913329393,0.846355844744457,0.5609305721582905,6
Wine,KM++,29,0.5540633835693534,178,3,259.8077220498029,0.9121705074831796,0.8844141140654393,0.5615238075263916,4
Wine,KM++,30,0.5540633835693534,178,3,260.01666268357667,0.8961671105205941,0.8656424267867642,0.5601697480957203,8
Wine,KM++,31,0.5540633835693534,178,3,260.01666268357667,0.8961671105205941,0.8656424267867644,0.5601697480957203,3
Wine,KM++,32,0.5540633835693534,178,3,260.01666268357667,0.8961671105205941,0.8656424267867642,0.5601697480957203,5
Wine,KM++,33,0.5540633835693534,178,3,260.1626064863484,0.8456161913329393,0.846355844744457,0.5609305721582905,6
Wine,KM++,34,0.5540633835693534,178,3,260.1626064863484,0.8456161913329393,0.8463558447444572,0.5609305721582905,5
Wine,KM++,35,0.5540633835693534,178,3,260.01666268357667,0.8961671105205941,0.8656424267867644,0.5601697480957203,5
Wine,KM++,36,0.5540633835693534,178,3,259.5093807511936,0.8950582389649661,0.8820653444077604,0.5610505693103247,5
Wine,KM++,37,0.5540633835693534,178,3,260.01666268357667,0.8961671105205941,0.8656424267867644,0.5601697480957203,6
Wine,KM++,38,0.5540633835693534,178,3,260.1626064863484,0.8456161913329393,0.8463558447444572,0.5609305721582905,4
Wine,KM++,39,0.5540633835693534,178,3,260.01666268357667,0.8961671105205941,0.8656424267867642,0.5601697480957203,5
Wine,KM++,40,0.5540633835693534,178,3,260.1626064863484,0.8456161913329393,0.8463558447444572,0.5609305721582905,8
Wine,KM++,41,0.5540633835693534,178,3,260.01666268357667,0.8961671105205941,0.8656424267867642,0.5601697480957203,5
Wine,KM++,42,0.5540633835693534,178,3,259.8077220498029,0.9121705074831796,0.8844141140654393,0.5615238075263916,3
Wine,KM++,43,0.5540633835693534,178,3,260.01666268357667,0.8961671105205941,0.8656424267867644,0.5601697480957203,10
Wine,KM++,44,0.5540633835693534,178,3,260.01666268357667,0.8961671105205941,0.8656424267867644,0.5601697480957203,5
Wine,KM++,45,0.5540633835693534,178,3,260.1626064863484,0.8456161913329393,0.846355844744457,0.5609305721582905,4
Wine,KM++,46,0.5540633835693534,178,3,259.5093807511936,0.8950582389649661,0.8820653444077604,0.5610505693103247,4
Wine,KM++,47,0.5540633835693534,178,3,260.1626064863484,0.8456161913329393,0.8463558447444572,0.5609305721582905,4
Wine,KM++,48,0.5540633835693534,178,3,260.1626064863484,0.8456161913329393,0.8463558447444572,0.5609305721582905,5
Wine,KM++,49,0.5540633835693534,178,3,259.5093807511936,0.8950582389649661,0.8820653444077604,0.5610505693103247,3
Wine,KM++greedy,0,0.5540633835693534,178,3,260.01666268357667,0.8961671105205941,0.8656424267867644,0.5601697480957203,5
Wine,KM++greedy,1,0.5540633835693534,178,3,260.01666268357667,0.8961671105205941,0.8656424267867644,0.5601697480957203,7
Wine,KM++greedy,2,0.5540633835693534,178,3,260.1626064863484,0.8456161913329393,0.846355844744457,0.5609305721582905,4
Wine,KM++greedy,3,0.5540633835693534,178,3,260.01666268357667,0.8961671105205941,0.8656424267867644,0.5601697480957203,6
Wine,KM++greedy,4,0.5540633835693534,178,3,260.1626064863484,0.8456161913329393,0.846355844744457,0.5609305721582905,5
Wine,KM++greedy,5,0.5540633835693534,178,3,260.01666268357667,0.8961671105205941,0.8656424267867642,0.5601697480957203,5
Wine,KM++greedy,6,0.5540633835693534,178,3,260.1626064863484,0.8456161913329393,0.846355844744457,0.5609305721582905,6
Wine,KM++greedy,7,0.5540633835693534,178,3,260.01666268357667,0.8961671105205941,0.8656424267867642,0.5601697480957203,4
Wine,KM++greedy,8,0.5540633835693534,178,3,259.8077220498029,0.9121705074831796,0.8844141140654393,0.5615238075263916,4
Wine,KM++greedy,9,0.5540633835693534,178,3,260.1626064863484,0.8456161913329393,0.8463558447444572,0.5609305721582905,4
Wine,KM++greedy,10,0.5540633835693534,178,3,260.1626064863484,0.8456161913329393,0.846355844744457,0.5609305721582905,5
Wine,KM++greedy,11,0.5540633835693534,178,3,260.1626064863484,0.8456161913329393,0.8463558447444572,0.5609305721582905,5
Wine,KM++greedy,12,0.5540633835693534,178,3,260.01666268357667,0.8961671105205941,0.8656424267867644,0.5601697480957203,6
Wine,KM++greedy,13,0.5540633835693534,178,3,260.01666268357667,0.8961671105205941,0.8656424267867644,0.5601697480957203,4
Wine,KM++greedy,14,0.5540633835693534,178,3,260.1626064863484,0.8456161913329393,0.846355844744457,0.5609305721582905,4
Wine,KM++greedy,15,0.5540633835693534,178,3,259.8077220498029,0.9121705074831796,0.8844141140654396,0.5615238075263916,4
Wine,KM++greedy,16,0.5540633835693534,178,3,260.1626064863484,0.8456161913329393,0.8463558447444572,0.5609305721582905,5
Wine,KM++greedy,17,0.5540633835693534,178,3,260.01666268357667,0.8961671105205941,0.8656424267867642,0.5601697480957203,5
Wine,KM++greedy,18,0.5540633835693534,178,3,259.5093807511936,0.8950582389649661,0.8820653444077604,0.5610505693103247,6
Wine,KM++greedy,19,0.5540633835693534,178,3,260.01666268357667,0.8961671105205941,0.8656424267867642,0.5601697480957203,4
Wine,KM++greedy,20,0.5540633835693534,178,3,260.01666268357667,0.8961671105205941,0.8656424267867644,0.5601697480957203,4
Wine,KM++greedy,21,0.5540633835693534,178,3,260.1626064863484,0.8456161913329393,0.8463558447444572,0.5609305721582905,4
Wine,KM++greedy,22,0.5540633835693534,178,3,260.01666268357667,0.8961671105205941,0.8656424267867644,0.5601697480957203,6
Wine,KM++greedy,23,0.5540633835693534,178,3,260.1626064863484,0.8456161913329393,0.846355844744457,0.5609305721582905,5
Wine,KM++greedy,24,0.5540633835693534,178,3,260.01666268357667,0.8961671105205941,0.8656424267867642,0.5601697480957203,5
Wine,KM++greedy,25,0.5540633835693534,178,3,260.01666268357667,0.8961671105205941,0.8656424267867644,0.5601697480957203,4
Wine,KM++greedy,26,0.5540633835693534,178,3,259.5093807511936,0.8950582389649661,0.8820653444077604,0.5610505693103247,4
Wine,KM++greedy,27,0.5540633835693534,178,3,260.1626064863484,0.8456161913329393,0.846355844744457,0.5609305721582905,4
Wine,KM++greedy,28,0.5540633835693534,178,3,260.1626064863484,0.8456161913329393,0.846355844744457,0.5609305721582905,5
Wine,KM++greedy,29,0.5540633835693534,178,3,260.1626064863484,0.8456161913329393,0.846355844744457,0.5609305721582905,5
Wine,KM++greedy,30,0.5540633835693534,178,3,259.5093807511936,0.8950582389649661,0.8820653444077604,0.5610505693103247,5
Wine,KM++greedy,31,0.5540633835693534,178,3,259.5093807511936,0.8950582389649661,0.8820653444077604,0.5610505693103247,5
Wine,KM++greedy,32,0.5540633835693534,178,3,260.01666268357667,0.8961671105205941,0.8656424267867642,0.5601697480957203,5
Wine,KM++greedy,33,0.5540633835693534,178,3,260.01666268357667,0.8961671105205941,0.8656424267867644,0.5601697480957203,6
Wine,KM++greedy,34,0.5540633835693534,178,3,260.1626064863484,0.8456161913329393,0.8463558447444572,0.5609305721582905,3
Wine,KM++greedy,35,0.5540633835693534,178,3,260.01666268357667,0.8961671105205941,0.8656424267867644,0.5601697480957203,6
Wine,KM++greedy,36,0.5540633835693534,178,3,260.1626064863484,0.8456161913329393,0.846355844744457,0.5609305721582905,5
Wine,KM++greedy,37,0.5540633835693534,178,3,260.1626064863484,0.8456161913329393,0.846355844744457,0.5609305721582905,5
Wine,KM++greedy,38,0.5540633835693534,178,3,260.01666268357667,0.8961671105205941,0.8656424267867642,0.5601697480957203,7
Wine,KM++greedy,39,0.5540633835693534,178,3,260.01666268357667,0.8961671105205941,0.8656424267867644,0.5601697480957203,5
Wine,KM++greedy,40,0.5540633835693534,178,3,260.1626064863484,0.8456161913329393,0.846355844744457,0.5609305721582905,4
Wine,KM++greedy,41,0.5540633835693534,178,3,260.1626064863484,0.8456161913329393,0.8463558447444572,0.5609305721582905,3
Wine,KM++greedy,42,0.5540633835693534,178,3,260.01666268357667,0.8961671105205941,0.8656424267867644,0.5601697480957203,6
Wine,KM++greedy,43,0.5540633835693534,178,3,260.1626064863484,0.8456161913329393,0.8463558447444572,0.5609305721582905,4
Wine,KM++greedy,44,0.5540633835693534,178,3,260.1626064863484,0.8456161913329393,0.846355844744457,0.5609305721582905,5
Wine,KM++greedy,45,0.5540633835693534,178,3,260.1626064863484,0.8456161913329393,0.846355844744457,0.5609305721582905,5
Wine,KM++greedy,46,0.5540633835693534,178,3,260.01666268357667,0.8961671105205941,0.8656424267867644,0.5601697480957203,5
Wine,KM++greedy,47,0.5540633835693534,178,3,259.5093807511936,0.8950582389649661,0.8820653444077604,0.5610505693103247,4
Wine,KM++greedy,48,0.5540633835693534,178,3,260.01666268357667,0.8961671105205941,0.8656424267867644,0.5601697480957203,4
Wine,KM++greedy,49,0.5540633835693534,178,3,260.01666268357667,0.8961671105205941,0.8656424267867642,0.5601697480957203,4
Wine,BF-refine,0,0.5540633835693534,178,3,259.5093807511936,0.8950582389649661,0.8820653444077604,0.5610505693103247,4
Wine,BF-refine,1,0.5540633835693534,178,3,260.01666268357667,0.8961671105205941,0.8656424267867642,0.5601697480957203,3
Wine,BF-refine,2,0.5540633835693534,178,3,260.01666268357667,0.8961671105205941,0.8656424267867642,0.5601697480957203,4
Wine,BF-refine,3,0.5540633835693534,178,3,260.01666268357667,0.8961671105205941,0.8656424267867644,0.5601697480957203,3
Wine,BF-refine,4,0.5540633835693534,178,3,259.5093807511936,0.8950582389649661,0.8820653444077604,0.5610505693103247,2
Wine,BF-refine,5,0.5540633835693534,178,3,260.01666268357667,0.8961671105205941,0.8656424267867644,0.5601697480957203,3
Wine,BF-refine,6,0.5540633835693534,178,3,260.01666268357667,0.8961671105205941,0.8656424267867642,0.5601697480957203,4
Wine,BF-refine,7,0.5540633835693534,178,3,260.1626064863484,0.8456161913329393,0.846355844744457,0.5609305721582905,2
Wine,BF-refine,8,0.5540633835693534,178,3,260.01666268357667,0.8961671105205941,0.8656424267867644,0.5601697480957203,3
Wine,BF-refine,9,0.5540633835693534,178,3,259.5093807511936,0.8950582389649661,0.8820653444077604,0.5610505693103247,4
Wine,BF-refine,10,0.5540633835693534,178,3,260.1626064863484,0.8456161913329393,0.846355844744457,0.5609305721582905,3
Wine,BF-refine,11,0.5540633835693534,178,3,260.1626064863484,0.8456161913329393,0.8463558447444572,0.5609305721582905,3
Wine,BF-refine,12,0.5540633835693534,178,3,259.5093807511936,0.8950582389649661,0.8820653444077604,0.5610505693103247,2
Wine,BF-refine,13,0.5540633835693534,178,3,260.1626064863484,0.8456161913329393,0.8463558447444572,0.5609305721582905,2
Wine,BF-refine,14,0.5540633835693534,178,3,260.01666268357667,0.8961671105205941,0.8656424267867644,0.5601697480957203,3
Wine,BF-refine,15,0.5540633835693534,178,3,260.1626064863484,0.8456161913329393,0.846355844744457,0.5609305721582905,2
Wine,BF-refine,16,0.5540633835693534,178,3,259.8077220498029,0.9121705074831796,0.8844141140654393,0.5615238075263916,2
Wine,BF-refine,17,0.5540633835693534,178,3,260.01666268357667,0.8961671105205941,0.8656424267867644,0.5601697480957203,4
Wine,BF-refine,18,0.5540633835693534,178,3,259.5093807511936,0.8950582389649661,0.8820653444077604,0.5610505693103247,4
Wine,BF-refine,19,0.5540633835693534,178,3,259.5093807511936,0.8950582389649661,0.8820653444077604,0.5610505693103247,2
Wine,BF-refine,20,0.5540633835693534,178,3,259.8077220498029,0.9121705074831796,0.8844141140654393,0.5615238075263916,2
Wine,BF-refine,21,0.5540633835693534,178,3,260.01666268357667,0.8961671105205941,0.8656424267867644,0.5601697480957203,4
Wine,BF-refine,22,0.5540633835693534,178,3,260.1626064863484,0.8456161913329393,0.846355844744457,0.5609305721582905,3
Wine,BF-refine,23,0.5540633835693534,178,3,259.5093807511936,0.8950582389649661,0.8820653444077604,0.5610505693103247,4
Wine,BF-refine,24,0.5540633835693534,178,3,260.01666268357667,0.8961671105205941,0.8656424267867642,0.5601697480957203,3
Wine,BF-refine,25,0.5540633835693534,178,3,260.01666268357667,0.8961671105205941,0.8656424267867644,0.5601697480957203,3
Wine,BF-refine,26,0.5540633835693534,178,3,260.1626064863484,0.8456161913329393,0.8463558447444572,0.5609305721582905,3
Wine,BF-refine,27,0.5540633835693534,178,3,259.5093807511936,0.8950582389649661,0.8820653444077604,0.5610505693103247,2
Wine,BF-refine,28,0.5540633835693534,178,3,259.5093807511936,0.8950582389649661,0.8820653444077604,0.5610505693103247,2
Wine,BF-refine,29,0.5540633835693534,178,3,259.5093807511936,0.8950582389649661,0.8820653444077604,0.5610505693103247,3
Wine,BF-refine,30,0.5540633835693534,178,3,260.01666268357667,0.8961671105205941,0.8656424267867642,0.5601697480957203,2
Wine,BF-refine,31,0.5540633835693534,178,3,259.8077220498029,0.9121705074831796,0.8844141140654393,0.5615238075263916,2
Wine,BF-refine,32,0.5540633835693534,178,3,260.01666268357667,0.8961671105205941,0.8656424267867644,0.5601697480957203,4
Wine,BF-refine,33,0.5540633835693534,178,3,259.5093807511936,0.8950582389649661,0.8820653444077604,0.5610505693103247,2
Wine,BF-refine,34,0.5540633835693534,178,3,259.5093807511936,0.8950582389649661,0.8820653444077604,0.5610505693103247,2
Wine,BF-refine,35,0.5540633835693534,178,3,260.01666268357667,0.8961671105205941,0.8656424267867644,0.5601697480957203,3
Wine,BF-refine,36,0.5540633835693534,178,3,260.1626064863484,0.8456161913329393,0.8463558447444572,0.5609305721582905,2
Wine,BF-refine,37,0.5540633835693534,178,3,259.5093807511936,0.8950582389649661,0.8820653444077604,0.5610505693103247,3
Wine,BF-refine,38,0.5540633835693534,178,3,260.1626064863484,0.8456161913329393,0.846355844744457,0.5609305721582905,2
Wine,BF-refine,39,0.5540633835693534,178,3,260.1626064863484,0.8456161913329393,0.8463558447444572,0.5609305721582905,2
Wine,BF-refine,40,0.5540633835693534,178,3,259.5093807511936,0.8950582389649661,0.8820653444077604,0.5610505693103247,3
Wine,BF-refine,41,0.5540633835693534,178,3,260.1626064863484,0.8456161913329393,0.8463558447444572,0.5609305721582905,3
Wine,BF-refine,42,0.5540633835693534,178,3,260.01666268357667,0.8961671105205941,0.8656424267867644,0.5601697480957203,3
Wine,BF-refine,43,0.5540633835693534,178,3,260.01666268357667,0.8961671105205941,0.8656424267867644,0.5601697480957203,3
Wine,BF-refine,44,0.5540633835693534,178,3,260.01666268357667,0.8961671105205941,0.8656424267867644,0.5601697480957203,3
Wine,BF-refine,45,0.5540633835693534,178,3,260.1626064863484,0.8456161913329393,0.846355844744457,0.5609305721582905,3
Wine,BF-refine,46,0.5540633835693534,178,3,260.1626064863484,0.8456161913329393,0.8463558447444572,0.5609305721582905,2
Wine,BF-refine,47,0.5540633835693534,178,3,260.1626064863484,0.8456161913329393,0.846355844744457,0.5609305721582905,3
Wine,BF-refine,48,0.5540633835693534,178,3,259.5093807511936,0.8950582389649661,0.8820653444077604,0.5610505693103247,3
Wine,BF-refine,49,0.5540633835693534,178,3,260.1626064863484,0.8456161913329393,0.846355844744457,0.5609305721582905,2
Wine,KM-random,0,0.5540633835693534,178,3,260.1626064863484,0.8456161913329393,0.8463558447444572,0.5609305721582905,5
Wine,KM-random,1,0.5540633835693534,178,3,260.01666268357667,0.8961671105205941,0.8656424267867644,0.5601697480957203,6
Wine,KM-random,2,0.5540633835693534,178,3,260.01666268357667,0.8961671105205941,0.8656424267867644,0.5601697480957203,6
Wine,KM-random,3,0.5540633835693534,178,3,260.01666268357667,0.8961671105205941,0.8656424267867644,0.5601697480957203,9
Wine,KM-random,4,0.5540633835693534,178,3,260.01666268357667,0.8961671105205941,0.8656424267867644,0.5601697480957203,6
Wine,KM-random,5,0.5540633835693534,178,3,260.1626064863484,0.8456161913329393,0.846355844744457,0.5609305721582905,5
Wine,KM-random,6,0.5540633835693534,178,3,260.01666268357667,0.8961671105205941,0.8656424267867644,0.5601697480957203,6
Wine,KM-random,7,0.5540633835693534,178,3,259.8077220498029,0.9121705074831796,0.8844141140654393,0.5615238075263916,4
Wine,KM-random,8,0.5540633835693534,178,3,260.1626064863484,0.8456161913329393,0.8463558447444572,0.5609305721582905,4
Wine,KM-random,9,0.5540633835693534,178,3,260.1626064863484,0.8456161913329393,0.846355844744457,0.5609305721582905,8
Wine,KM-random,10,0.5540633835693534,178,3,260.1626064863484,0.8456161913329393,0.8463558447444572,0.5609305721582905,7
Wine,KM-random,11,0.5540633835693534,178,3,260.01666268357667,0.8961671105205941,0.8656424267867644,0.5601697480957203,6
Wine,KM-random,12,0.5540633835693534,178,3,260.1626064863484,0.8456161913329393,0.8463558447444572,0.5609305721582905,5
Wine,KM-random,13,0.5540633835693534,178,3,260.1626064863484,0.8456161913329393,0.846355844744457,0.5609305721582905,11
Wine,KM-random,14,0.5540633835693534,178,3,260.1626064863484,0.8456161913329393,0.846355844744457,0.5609305721582905,4
Wine,KM-random,15,0.5540633835693534,178,3,260.01666268357667,0.8961671105205941,0.8656424267867642,0.5601697480957203,5
Wine,KM-random,16,0.5540633835693534,178,3,260.1626064863484,0.8456161913329393,0.8463558447444572,0.5609305721582905,5
Wine,KM-random,17,0.5540633835693534,178,3,260.1626064863484,0.8456161913329393,0.846355844744457,0.5609305721582905,5
Wine,KM-random,18,0.5540633835693534,178,3,260.1626064863484,0.8456161913329393,0.846355844744457,0.5609305721582905,5
Wine,KM-random,19,0.5540633835693534,178,3,260.01666268357667,0.8961671105205941,0.8656424267867642,0.5601697480957203,6
Wine,KM-random,20,0.5540633835693534,178,3,260.01666268357667,0.8961671105205941,0.8656424267867642,0.5601697480957203,7
Wine,KM-random,21,0.5540633835693534,178,3,260.01666268357667,0.8961671105205941,0.8656424267867644,0.5601697480957203,4
Wine,KM-random,22,0.5540633835693534,178,3,260.1626064863484,0.8456161913329393,0.8463558447444572,0.5609305721582905,6
Wine,KM-random,23,0.5540633835693534,178,3,259.5093807511936,0.8950582389649661,0.8820653444077604,0.5610505693103247,5
Wine,KM-random,24,0.5540633835693534,178,3,260.01666268357667,0.8961671105205941,0.8656424267867644,0.5601697480957203,5
Wine,KM-random,25,0.5540633835693534,178,3,260.1626064863484,0.8456161913329393,0.8463558447444572,0.5609305721582905,4
Wine,KM-random,26,0.5540633835693534,178,3,260.1626064863484,0.8456161913329393,0.846355844744457,0.5609305721582905,5
Wine,KM-random,27,0.5540633835693534,178,3,260.01666268357667,0.8961671105205941,0.8656424267867644,0.5601697480957203,8
Wine,KM-random,28,0.5540633835693534,178,3,259.8077220498029,0.9121705074831796,0.8844141140654393,0.5615238075263916,4
Wine,KM-random,29,0.5540633835693534,178,3,260.1626064863484,0.8456161913329393,0.846355844744457,0.5609305721582905,2
Wine,KM-random,30,0.5540633835693534,178,3,260.01666268357667,0.8961671105205941,0.8656424267867644,0.5601697480957203,7
Wine,KM-random,31,0.5540633835693534,178,3,260.1626064863484,0.8456161913329393,0.846355844744457,0.5609305721582905,4
Wine,KM-random,32,0.5540633835693534,178,3,260.1626064863484,0.8456161913329393,0.846355844744457,0.5609305721582905,7
Wine,KM-random,33,0.5540633835693534,178,3,260.1626064863484,0.8456161913329393,0.846355844744457,0.5609305721582905,4
Wine,KM-random,34,0.5540633835693534,178,3,260.01666268357667,0.8961671105205941,0.8656424267867644,0.5601697480957203,10
Wine,KM-random,35,0.5540633835693534,178,3,259.8077220498029,0.9121705074831796,0.8844141140654393,0.5615238075263916,3
Wine,KM-random,36,0.5540633835693534,178,3,260.01666268357667,0.8961671105205941,0.8656424267867642,0.5601697480957203,6
Wine,KM-random,37,0.5540633835693534,178,3,260.01666268357667,0.8961671105205941,0.8656424267867644,0.5601697480957203,6
Wine,KM-random,38,0.5540633835693534,178,3,260.01666268357667,0.8961671105205941,0.8656424267867644,0.5601697480957203,5
Wine,KM-random,39,0.5540633835693534,178,3,260.1626064863484,0.8456161913329393,0.846355844744457,0.5609305721582905,5
Wine,KM-random,40,0.5540633835693534,178,3,260.01666268357667,0.8961671105205941,0.8656424267867642,0.5601697480957203,7
Wine,KM-random,41,0.5540633835693534,178,3,260.01666268357667,0.8961671105205941,0.8656424267867644,0.5601697480957203,6
Wine,KM-random,42,0.5540633835693534,178,3,260.01666268357667,0.8961671105205941,0.8656424267867644,0.5601697480957203,3
Wine,KM-random,43,0.5540633835693534,178,3,260.01666268357667,0.8961671105205941,0.8656424267867644,0.5601697480957203,6
Wine,KM-random,44,0.5540633835693534,178,3,260.1626064863484,0.8456161913329393,0.846355844744457,0.5609305721582905,3
Wine,KM-random,45,0.5540633835693534,178,3,260.01666268357667,0.8961671105205941,0.8656424267867644,0.5601697480957203,4
Wine,KM-random,46,0.5540633835693534,178,3,259.5093807511936,0.8950582389649661,0.8820653444077604,0.5610505693103247,2
Wine,KM-random,47,0.5540633835693534,178,3,260.01666268357667,0.8961671105205941,0.8656424267867644,0.5601697480957203,3
Wine,KM-random,48,0.5540633835693534,178,3,260.1626064863484,0.8456161913329393,0.8463558447444572,0.5609305721582905,5
Wine,KM-random,49,0.5540633835693534,178,3,259.8077220498029,0.9121705074831796,0.8844141140654396,0.5615238075263916,3
BreastCancer,CCKM,-1,0.6324320765155942,569,2,5332.982035478698,0.6649625478425899,0.5474036117168154,0.5080905933295031,7
BreastCancer,Maxmin,-1,0.6324320765155942,569,2,5333.457271309247,0.6649625478425899,0.5474036117168154,0.5080905933295031,10
BreastCancer,KM++,0,0.6324320765155942,569,2,5333.457271309247,0.6649625478425899,0.5474036117168154,0.5080905933295031,10
BreastCancer,KM++,1,0.6324320765155942,569,2,5332.555574203137,0.6592305570949524,0.5403814627831327,0.5084690190672023,7
BreastCancer,KM++,2,0.6324320765155942,569,2,5332.555574203137,0.6592305570949524,0.5403814627831327,0.5084690190672023,4
BreastCancer,KM++,3,0.6324320765155942,569,2,5333.457271309247,0.6649625478425899,0.5474036117168154,0.5080905933295031,11
BreastCancer,KM++,4,0.6324320765155942,569,2,5333.457271309247,0.6649625478425899,0.5474036117168154,0.5080905933295031,10
BreastCancer,KM++,5,0.6324320765155942,569,2,5333.457271309247,0.6649625478425899,0.5474036117168154,0.5080905933295031,8
BreastCancer,KM++,6,0.6324320765155942,569,2,5332.555574203137,0.6592305570949524,0.5403814627831327,0.5084690190672023,7
BreastCancer,KM++,7,0.6324320765155942,569,2,5333.457271309247,0.6649625478425899,0.5474036117168154,0.5080905933295031,9
BreastCancer,KM++,8,0.6324320765155942,569,2,5333.457271309247,0.6649625478425899,0.5474036117168154,0.5080905933295031,9
BreastCancer,KM++,9,0.6324320765155942,569,2,5332.555574203137,0.6592305570949524,0.5403814627831327,0.5084690190672023,5
BreastCancer,KM++,10,0.6324320765155942,569,2,5332.982035478698,0.6649625478425899,0.5474036117168154,0.5080905933295031,5
BreastCancer,KM++,11,0.6324320765155942,569,2,5333.457271309247,0.6649625478425899,0.5474036117168154,0.5080905933295031,8
BreastCancer,KM++,12,0.6324320765155942,569,2,5333.457271309247,0.6649625478425899,0.5474036117168154,0.5080905933295031,6
BreastCancer,KM++,13,0.6324320765155942,569,2,5333.457271309247,0.6649625478425899,0.5474036117168154,0.5080905933295031,9
BreastCancer,KM++,14,0.6324320765155942,569,2,5332.982035478698,0.6649625478425899,0.5474036117168154,0.5080905933295031,4
BreastCancer,KM++,15,0.6324320765155942,569,2,5333.457271309247,0.6649625478425899,0.5474036117168154,0.5080905933295031,7
BreastCancer,KM++,16,0.6324320765155942,569,2,5332.555574203137,0.6592305570949524,0.5403814627831327,0.5084690190672023,6
BreastCancer,KM++,17,0.6324320765155942,569,2,5333.457271309247,0.6649625478425899,0.5474036117168154,0.5080905933295031,10
BreastCancer,KM++,18,0.6324320765155942,569,2,5333.457271309247,0.6649625478425899,0.5474036117168154,0.5080905933295031,9
BreastCancer,KM++,19,0.6324320765155942,569,2,5332.555574203137,0.6592305570949524,0.5403814627831327,0.5084690190672023,4
BreastCancer,KM++,20,0.6324320765155942,569,2,5333.457271309247,0.6649625478425899,0.5474036117168154,0.5080905933295031,8
BreastCancer,KM++,21,0.6324320765155942,569,2,5333.457271309247,0.6649625478425899,0.5474036117168154,0.5080905933295031,8
BreastCancer,KM++,22,0.6324320765155942,569,2,5332.555574203137,0.6592305570949524,0.5403814627831327,0.5084690190672023,5
BreastCancer,KM++,23,0.6324320765155942,569,2,5332.555574203137,0.6592305570949524,0.5403814627831327,0.5084690190672023,7
BreastCancer,KM++,24,0.6324320765155942,569,2,5332.982035478698,0.6649625478425899,0.5474036117168154,0.5080905933295031,7
BreastCancer,KM++,25,0.6324320765155942,569,2,5333.457271309247,0.6649625478425899,0.5474036117168154,0.5080905933295031,9
BreastCancer,KM++,26,0.6324320765155942,569,2,5333.457271309247,0.6649625478425899,0.5474036117168154,0.5080905933295031,9
BreastCancer,KM++,27,0.6324320765155942,569,2,5332.555574203137,0.6592305570949524,0.5403814627831327,0.5084690190672023,5
BreastCancer,KM++,28,0.6324320765155942,569,2,5332.982035478698,0.6649625478425899,0.5474036117168154,0.5080905933295031,7
BreastCancer,KM++,29,0.6324320765155942,569,2,5333.457271309247,0.6649625478425899,0.5474036117168154,0.5080905933295031,8
BreastCancer,KM++,30,0.6324320765155942,569,2,5333.457271309247,0.6649625478425899,0.5474036117168154,0.5080905933295031,10
BreastCancer,KM++,31,0.6324320765155942,569,2,5332.555574203137,0.6592305570949524,0.5403814627831327,0.5084690190672023,6
BreastCancer,KM++,32,0.6324320765155942,569,2,5333.457271309247,0.6649625478425899,0.5474036117168154,0.5080905933295031,7
BreastCancer,KM++,33,0.6324320765155942,569,2,5333.457271309247,0.6649625478425899,0.5474036117168154,0.5080905933295031,9
BreastCancer,KM++,34,0.6324320765155942,569,2,5332.555574203137,0.6592305570949524,0.5403814627831327,0.5084690190672023,7
BreastCancer,KM++,35,0.6324320765155942,569,2,5332.683796855984,0.6592305570949524,0.5403814627831327,0.5084690190672023,4
BreastCancer,KM++,36,0.6324320765155942,569,2,5333.457271309247,0.6649625478425899,0.5474036117168154,0.5080905933295031,7
BreastCancer,KM++,37,0.6324320765155942,569,2,5332.555574203137,0.6592305570949524,0.5403814627831327,0.5084690190672023,4
BreastCancer,KM++,38,0.6324320765155942,569,2,5332.555574203137,0.6592305570949524,0.5403814627831327,0.5084690190672023,4
BreastCancer,KM++,39,0.6324320765155942,569,2,5333.457271309247,0.6649625478425899,0.5474036117168154,0.5080905933295031,5
BreastCancer,KM++,40,0.6324320765155942,569,2,5333.457271309247,0.6649625478425899,0.5474036117168154,0.5080905933295031,9
BreastCancer,KM++,41,0.6324320765155942,569,2,5332.555574203137,0.6592305570949524,0.5403814627831327,0.5084690190672023,4
BreastCancer,KM++,42,0.6324320765155942,569,2,5332.683796855984,0.6592305570949524,0.5403814627831327,0.5084690190672023,5
BreastCancer,KM++,43,0.6324320765155942,569,2,5332.555574203137,0.6592305570949524,0.5403814627831327,0.5084690190672023,6
BreastCancer,KM++,44,0.6324320765155942,569,2,5332.555574203137,0.6592305570949524,0.5403814627831327,0.5084690190672023,6
BreastCancer,KM++,45,0.6324320765155942,569,2,5333.457271309247,0.6649625478425899,0.5474036117168154,0.5080905933295031,9
BreastCancer,KM++,46,0.6324320765155942,569,2,5333.457271309247,0.6649625478425899,0.5474036117168154,0.5080905933295031,6
BreastCancer,KM++,47,0.6324320765155942,569,2,5332.555574203137,0.6592305570949524,0.5403814627831327,0.5084690190672023,6
BreastCancer,KM++,48,0.6324320765155942,569,2,5333.457271309247,0.6649625478425899,0.5474036117168154,0.5080905933295031,9
BreastCancer,KM++,49,0.6324320765155942,569,2,5333.457271309247,0.6649625478425899,0.5474036117168154,0.5080905933295031,5
BreastCancer,KM++greedy,0,0.6324320765155942,569,2,5333.457271309247,0.6649625478425899,0.5474036117168154,0.5080905933295031,7
BreastCancer,KM++greedy,1,0.6324320765155942,569,2,5333.457271309247,0.6649625478425899,0.5474036117168154,0.5080905933295031,7
BreastCancer,KM++greedy,2,0.6324320765155942,569,2,5333.457271309247,0.6649625478425899,0.5474036117168154,0.5080905933295031,8
BreastCancer,KM++greedy,3,0.6324320765155942,569,2,5332.683796855984,0.6592305570949524,0.5403814627831327,0.5084690190672023,5
BreastCancer,KM++greedy,4,0.6324320765155942,569,2,5332.555574203137,0.6592305570949524,0.5403814627831327,0.5084690190672023,7
BreastCancer,KM++greedy,5,0.6324320765155942,569,2,5333.457271309247,0.6649625478425899,0.5474036117168154,0.5080905933295031,10
BreastCancer,KM++greedy,6,0.6324320765155942,569,2,5332.555574203137,0.6592305570949524,0.5403814627831327,0.5084690190672023,7
BreastCancer,KM++greedy,7,0.6324320765155942,569,2,5332.555574203137,0.6592305570949524,0.5403814627831327,0.5084690190672023,6
BreastCancer,KM++greedy,8,0.6324320765155942,569,2,5333.457271309247,0.6649625478425899,0.5474036117168154,0.5080905933295031,8
BreastCancer,KM++greedy,9,0.6324320765155942,569,2,5332.555574203137,0.6592305570949524,0.5403814627831327,0.5084690190672023,5
BreastCancer,KM++greedy,10,0.6324320765155942,569,2,5332.555574203137,0.6592305570949524,0.5403814627831327,0.5084690190672023,8
BreastCancer,KM++greedy,11,0.6324320765155942,569,2,5332.555574203137,0.6592305570949524,0.5403814627831327,0.5084690190672023,6
BreastCancer,KM++greedy,12,0.6324320765155942,569,2,5332.982035478698,0.6649625478425899,0.5474036117168154,0.5080905933295031,5
BreastCancer,KM++greedy,13,0.6324320765155942,569,2,5332.555574203137,0.6592305570949524,0.5403814627831327,0.5084690190672023,5
BreastCancer,KM++greedy,14,0.6324320765155942,569,2,5333.457271309247,0.6649625478425899,0.5474036117168154,0.5080905933295031,6
BreastCancer,KM++greedy,15,0.6324320765155942,569,2,5333.457271309247,0.6649625478425899,0.5474036117168154,0.5080905933295031,7
BreastCancer,KM++greedy,16,0.6324320765155942,569,2,5333.457271309247,0.6649625478425899,0.5474036117168154,0.5080905933295031,7
BreastCancer,KM++greedy,17,0.6324320765155942,569,2,5332.555574203137,0.6592305570949524,0.5403814627831327,0.5084690190672023,5
BreastCancer,KM++greedy,18,0.6324320765155942,569,2,5332.555574203137,0.6592305570949524,0.5403814627831327,0.5084690190672023,6
BreastCancer,KM++greedy,19,0.6324320765155942,569,2,5332.982035478698,0.6649625478425899,0.5474036117168154,0.5080905933295031,3
BreastCancer,KM++greedy,20,0.6324320765155942,569,2,5332.555574203137,0.6592305570949524,0.5403814627831327,0.5084690190672023,5
BreastCancer,KM++greedy,21,0.6324320765155942,569,2,5332.555574203137,0.6592305570949524,0.5403814627831327,0.5084690190672023,5
BreastCancer,KM++greedy,22,0.6324320765155942,569,2,5332.683796855984,0.6592305570949524,0.5403814627831327,0.5084690190672023,3
BreastCancer,KM++greedy,23,0.6324320765155942,569,2,5333.457271309247,0.6649625478425899,0.5474036117168154,0.5080905933295031,6
BreastCancer,KM++greedy,24,0.6324320765155942,569,2,5332.555574203137,0.6592305570949524,0.5403814627831327,0.5084690190672023,6
BreastCancer,KM++greedy,25,0.6324320765155942,569,2,5332.555574203137,0.6592305570949524,0.5403814627831327,0.5084690190672023,5
BreastCancer,KM++greedy,26,0.6324320765155942,569,2,5332.555574203137,0.6592305570949524,0.5403814627831327,0.5084690190672023,7
BreastCancer,KM++greedy,27,0.6324320765155942,569,2,5332.555574203137,0.6592305570949524,0.5403814627831327,0.5084690190672023,6
BreastCancer,KM++greedy,28,0.6324320765155942,569,2,5333.457271309247,0.6649625478425899,0.5474036117168154,0.5080905933295031,9
BreastCancer,KM++greedy,29,0.6324320765155942,569,2,5332.555574203137,0.6592305570949524,0.5403814627831327,0.5084690190672023,5
BreastCancer,KM++greedy,30,0.6324320765155942,569,2,5333.457271309247,0.6649625478425899,0.5474036117168154,0.5080905933295031,6
BreastCancer,KM++greedy,31,0.6324320765155942,569,2,5333.457271309247,0.6649625478425899,0.5474036117168154,0.5080905933295031,8
BreastCancer,KM++greedy,32,0.6324320765155942,569,2,5333.457271309247,0.6649625478425899,0.5474036117168154,0.5080905933295031,7
BreastCancer,KM++greedy,33,0.6324320765155942,569,2,5332.555574203137,0.6592305570949524,0.5403814627831327,0.5084690190672023,6
BreastCancer,KM++greedy,34,0.6324320765155942,569,2,5333.457271309247,0.6649625478425899,0.5474036117168154,0.5080905933295031,5
BreastCancer,KM++greedy,35,0.6324320765155942,569,2,5333.457271309247,0.6649625478425899,0.5474036117168154,0.5080905933295031,7
BreastCancer,KM++greedy,36,0.6324320765155942,569,2,5333.457271309247,0.6649625478425899,0.5474036117168154,0.5080905933295031,8
BreastCancer,KM++greedy,37,0.6324320765155942,569,2,5333.457271309247,0.6649625478425899,0.5474036117168154,0.5080905933295031,6
BreastCancer,KM++greedy,38,0.6324320765155942,569,2,5333.457271309247,0.6649625478425899,0.5474036117168154,0.5080905933295031,6
BreastCancer,KM++greedy,39,0.6324320765155942,569,2,5332.555574203137,0.6592305570949524,0.5403814627831327,0.5084690190672023,5
BreastCancer,KM++greedy,40,0.6324320765155942,569,2,5332.555574203137,0.6592305570949524,0.5403814627831327,0.5084690190672023,6
BreastCancer,KM++greedy,41,0.6324320765155942,569,2,5332.982035478698,0.6649625478425899,0.5474036117168154,0.5080905933295031,7
BreastCancer,KM++greedy,42,0.6324320765155942,569,2,5332.555574203137,0.6592305570949524,0.5403814627831327,0.5084690190672023,4
BreastCancer,KM++greedy,43,0.6324320765155942,569,2,5332.555574203137,0.6592305570949524,0.5403814627831327,0.5084690190672023,4
BreastCancer,KM++greedy,44,0.6324320765155942,569,2,5332.555574203137,0.6592305570949524,0.5403814627831327,0.5084690190672023,4
BreastCancer,KM++greedy,45,0.6324320765155942,569,2,5332.555574203137,0.6592305570949524,0.5403814627831327,0.5084690190672023,5
BreastCancer,KM++greedy,46,0.6324320765155942,569,2,5332.555574203137,0.6592305570949524,0.5403814627831327,0.5084690190672023,6
BreastCancer,KM++greedy,47,0.6324320765155942,569,2,5332.555574203137,0.6592305570949524,0.5403814627831327,0.5084690190672023,5
BreastCancer,KM++greedy,48,0.6324320765155942,569,2,5332.982035478698,0.6649625478425899,0.5474036117168154,0.5080905933295031,7
BreastCancer,KM++greedy,49,0.6324320765155942,569,2,5332.555574203137,0.6592305570949524,0.5403814627831327,0.5084690190672023,6
BreastCancer,BF-refine,0,0.6324320765155942,569,2,5333.457271309247,0.6649625478425899,0.5474036117168154,0.5080905933295031,7
BreastCancer,BF-refine,1,0.6324320765155942,569,2,5332.555574203137,0.6592305570949524,0.5403814627831327,0.5084690190672023,3
BreastCancer,BF-refine,2,0.6324320765155942,569,2,5333.457271309247,0.6649625478425899,0.5474036117168154,0.5080905933295031,3
BreastCancer,BF-refine,3,0.6324320765155942,569,2,5333.457271309247,0.6649625478425899,0.5474036117168154,0.5080905933295031,6
BreastCancer,BF-refine,4,0.6324320765155942,569,2,5333.457271309247,0.6649625478425899,0.5474036117168154,0.5080905933295031,4
BreastCancer,BF-refine,5,0.6324320765155942,569,2,5333.457271309247,0.6649625478425899,0.5474036117168154,0.5080905933295031,6
BreastCancer,BF-refine,6,0.6324320765155942,569,2,5332.982035478698,0.6649625478425899,0.5474036117168154,0.5080905933295031,3
BreastCancer,BF-refine,7,0.6324320765155942,569,2,5332.982035478698,0.6649625478425899,0.5474036117168154,0.5080905933295031,2
BreastCancer,BF-refine,8,0.6324320765155942,569,2,5332.555574203137,0.6592305570949524,0.5403814627831327,0.5084690190672023,4
BreastCancer,BF-refine,9,0.6324320765155942,569,2,5332.555574203137,0.6592305570949524,0.5403814627831327,0.5084690190672023,3
BreastCancer,BF-refine,10,0.6324320765155942,569,2,5333.457271309247,0.6649625478425899,0.5474036117168154,0.5080905933295031,7
BreastCancer,BF-refine,11,0.6324320765155942,569,2,5333.457271309247,0.6649625478425899,0.5474036117168154,0.5080905933295031,7
BreastCancer,BF-refine,12,0.6324320765155942,569,2,5333.457271309247,0.6649625478425899,0.5474036117168154,0.5080905933295031,6
BreastCancer,BF-refine,13,0.6324320765155942,569,2,5333.457271309247,0.6649625478425899,0.5474036117168154,0.5080905933295031,6
BreastCancer,BF-refine,14,0.6324320765155942,569,2,5333.457271309247,0.6649625478425899,0.5474036117168154,0.5080905933295031,4
BreastCancer,BF-refine,15,0.6324320765155942,569,2,5332.982035478698,0.6649625478425899,0.5474036117168154,0.5080905933295031,3
BreastCancer,BF-refine,16,0.6324320765155942,569,2,5333.457271309247,0.6649625478425899,0.5474036117168154,0.5080905933295031,7
BreastCancer,BF-refine,17,0.6324320765155942,569,2,5332.982035478698,0.6649625478425899,0.5474036117168154,0.5080905933295031,2
BreastCancer,BF-refine,18,0.6324320765155942,569,2,5333.457271309247,0.6649625478425899,0.5474036117168154,0.5080905933295031,6
BreastCancer,BF-refine,19,0.6324320765155942,569,2,5333.457271309247,0.6649625478425899,0.5474036117168154,0.5080905933295031,7
BreastCancer,BF-refine,20,0.6324320765155942,569,2,5333.457271309247,0.6649625478425899,0.5474036117168154,0.5080905933295031,11
BreastCancer,BF-refine,21,0.6324320765155942,569,2,5332.982035478698,0.6649625478425899,0.5474036117168154,0.5080905933295031,4
BreastCancer,BF-refine,22,0.6324320765155942,569,2,5332.555574203137,0.6592305570949524,0.5403814627831327,0.5084690190672023,3
BreastCancer,BF-refine,23,0.6324320765155942,569,2,5332.555574203137,0.6592305570949524,0.5403814627831327,0.5084690190672023,3
BreastCancer,BF-refine,24,0.6324320765155942,569,2,5332.982035478698,0.6649625478425899,0.5474036117168154,0.5080905933295031,4
BreastCancer,BF-refine,25,0.6324320765155942,569,2,5333.457271309247,0.6649625478425899,0.5474036117168154,0.5080905933295031,3
BreastCancer,BF-refine,26,0.6324320765155942,569,2,5333.457271309247,0.6649625478425899,0.5474036117168154,0.5080905933295031,4
BreastCancer,BF-refine,27,0.6324320765155942,569,2,5332.555574203137,0.6592305570949524,0.5403814627831327,0.5084690190672023,2
BreastCancer,BF-refine,28,0.6324320765155942,569,2,5333.457271309247,0.6649625478425899,0.5474036117168154,0.5080905933295031,7
BreastCancer,BF-refine,29,0.6324320765155942,569,2,5333.457271309247,0.6649625478425899,0.5474036117168154,0.5080905933295031,4
BreastCancer,BF-refine,30,0.6324320765155942,569,2,5332.555574203137,0.6592305570949524,0.5403814627831327,0.5084690190672023,2
BreastCancer,BF-refine,31,0.6324320765155942,569,2,5332.982035478698,0.6649625478425899,0.5474036117168154,0.5080905933295031,4
BreastCancer,BF-refine,32,0.6324320765155942,569,2,5333.457271309247,0.6649625478425899,0.5474036117168154,0.5080905933295031,6
BreastCancer,BF-refine,33,0.6324320765155942,569,2,5332.982035478698,0.6649625478425899,0.5474036117168154,0.5080905933295031,3
BreastCancer,BF-refine,34,0.6324320765155942,569,2,5333.457271309247,0.6649625478425899,0.5474036117168154,0.5080905933295031,3
BreastCancer,BF-refine,35,0.6324320765155942,569,2,5332.982035478698,0.6649625478425899,0.5474036117168154,0.5080905933295031,2
BreastCancer,BF-refine,36,0.6324320765155942,569,2,5333.457271309247,0.6649625478425899,0.5474036117168154,0.5080905933295031,7
BreastCancer,BF-refine,37,0.6324320765155942,569,2,5333.457271309247,0.6649625478425899,0.5474036117168154,0.5080905933295031,7
BreastCancer,BF-refine,38,0.6324320765155942,569,2,5333.457271309247,0.6649625478425899,0.5474036117168154,0.5080905933295031,3
BreastCancer,BF-refine,39,0.6324320765155942,569,2,5333.457271309247,0.6649625478425899,0.5474036117168154,0.5080905933295031,6
BreastCancer,BF-refine,40,0.6324320765155942,569,2,5333.457271309247,0.6649625478425899,0.5474036117168154,0.5080905933295031,5
BreastCancer,BF-refine,41,0.6324320765155942,569,2,5333.457271309247,0.6649625478425899,0.5474036117168154,0.5080905933295031,3
BreastCancer,BF-refine,42,0.6324320765155942,569,2,5332.555574203137,0.6592305570949524,0.5403814627831327,0.5084690190672023,4
BreastCancer,BF-refine,43,0.6324320765155942,569,2,5333.457271309247,0.6649625478425899,0.5474036117168154,0.5080905933295031,7
BreastCancer,BF-refine,44,0.6324320765155942,569,2,5332.555574203137,0.6592305570949524,0.5403814627831327,0.5084690190672023,3
BreastCancer,BF-refine,45,0.6324320765155942,569,2,5333.457271309247,0.6649625478425899,0.5474036117168154,0.5080905933295031,4
BreastCancer,BF-refine,46,0.6324320765155942,569,2,5332.555574203137,0.6592305570949524,0.5403814627831327,0.5084690190672023,3
BreastCancer,BF-refine,47,0.6324320765155942,569,2,5332.555574203137,0.6592305570949524,0.5403814627831327,0.5084690190672023,3
BreastCancer,BF-refine,48,0.6324320765155942,569,2,5333.457271309247,0.6649625478425899,0.5474036117168154,0.5080905933295031,7
BreastCancer,BF-refine,49,0.6324320765155942,569,2,5332.555574203137,0.6592305570949524,0.5403814627831327,0.5084690190672023,3
BreastCancer,KM-random,0,0.6324320765155942,569,2,5333.457271309247,0.6649625478425899,0.5474036117168154,0.5080905933295031,9
BreastCancer,KM-random,1,0.6324320765155942,569,2,5332.555574203137,0.6592305570949524,0.5403814627831327,0.5084690190672023,6
BreastCancer,KM-random,2,0.6324320765155942,569,2,5332.555574203137,0.6592305570949524,0.5403814627831327,0.5084690190672023,6
BreastCancer,KM-random,3,0.6324320765155942,569,2,5333.457271309247,0.6649625478425899,0.5474036117168154,0.5080905933295031,5
BreastCancer,KM-random,4,0.6324320765155942,569,2,5332.555574203137,0.6592305570949524,0.5403814627831327,0.5084690190672023,6
BreastCancer,KM-random,5,0.6324320765155942,569,2,5333.457271309247,0.6649625478425899,0.5474036117168154,0.5080905933295031,9
BreastCancer,KM-random,6,0.6324320765155942,569,2,5332.555574203137,0.6592305570949524,0.5403814627831327,0.5084690190672023,4
BreastCancer,KM-random,7,0.6324320765155942,569,2,5332.555574203137,0.6592305570949524,0.5403814627831327,0.5084690190672023,5
BreastCancer,KM-random,8,0.6324320765155942,569,2,5332.555574203137,0.6592305570949524,0.5403814627831327,0.5084690190672023,6
BreastCancer,KM-random,9,0.6324320765155942,569,2,5333.457271309247,0.6649625478425899,0.5474036117168154,0.5080905933295031,5
BreastCancer,KM-random,10,0.6324320765155942,569,2,5332.555574203137,0.6592305570949524,0.5403814627831327,0.5084690190672023,5
BreastCancer,KM-random,11,0.6324320765155942,569,2,5333.457271309247,0.6649625478425899,0.5474036117168154,0.5080905933295031,8
BreastCancer,KM-random,12,0.6324320765155942,569,2,5332.555574203137,0.6592305570949524,0.5403814627831327,0.5084690190672023,7
BreastCancer,KM-random,13,0.6324320765155942,569,2,5332.683796855984,0.6592305570949524,0.5403814627831327,0.5084690190672023,3
BreastCancer,KM-random,14,0.6324320765155942,569,2,5332.555574203137,0.6592305570949524,0.5403814627831327,0.5084690190672023,3
BreastCancer,KM-random,15,0.6324320765155942,569,2,5332.683796855984,0.6592305570949524,0.5403814627831327,0.5084690190672023,5
BreastCancer,KM-random,16,0.6324320765155942,569,2,5332.555574203137,0.6592305570949524,0.5403814627831327,0.5084690190672023,7
BreastCancer,KM-random,17,0.6324320765155942,569,2,5332.555574203137,0.6592305570949524,0.5403814627831327,0.5084690190672023,7
BreastCancer,KM-random,18,0.6324320765155942,569,2,5332.555574203137,0.6592305570949524,0.5403814627831327,0.5084690190672023,8
BreastCancer,KM-random,19,0.6324320765155942,569,2,5332.683796855984,0.6592305570949524,0.5403814627831327,0.5084690190672023,4
BreastCancer,KM-random,20,0.6324320765155942,569,2,5332.555574203137,0.6592305570949524,0.5403814627831327,0.5084690190672023,7
BreastCancer,KM-random,21,0.6324320765155942,569,2,5333.457271309247,0.6649625478425899,0.5474036117168154,0.5080905933295031,5
BreastCancer,KM-random,22,0.6324320765155942,569,2,5332.555574203137,0.6592305570949524,0.5403814627831327,0.5084690190672023,6
BreastCancer,KM-random,23,0.6324320765155942,569,2,5332.555574203137,0.6592305570949524,0.5403814627831327,0.5084690190672023,6
BreastCancer,KM-random,24,0.6324320765155942,569,2,5332.555574203137,0.6592305570949524,0.5403814627831327,0.5084690190672023,8
BreastCancer,KM-random,25,0.6324320765155942,569,2,5333.457271309247,0.6649625478425899,0.5474036117168154,0.5080905933295031,7
BreastCancer,KM-random,26,0.6324320765155942,569,2,5333.457271309247,0.6649625478425899,0.5474036117168154,0.5080905933295031,8
BreastCancer,KM-random,27,0.6324320765155942,569,2,5333.457271309247,0.6649625478425899,0.5474036117168154,0.5080905933295031,7
BreastCancer,KM-random,28,0.6324320765155942,569,2,5332.683796855984,0.6592305570949524,0.5403814627831327,0.5084690190672023,5
BreastCancer,KM-random,29,0.6324320765155942,569,2,5332.555574203137,0.6592305570949524,0.5403814627831327,0.5084690190672023,3
BreastCancer,KM-random,30,0.6324320765155942,569,2,5333.457271309247,0.6649625478425899,0.5474036117168154,0.5080905933295031,7
BreastCancer,KM-random,31,0.6324320765155942,569,2,5332.683796855984,0.6592305570949524,0.5403814627831327,0.5084690190672023,7
BreastCancer,KM-random,32,0.6324320765155942,569,2,5333.457271309247,0.6649625478425899,0.5474036117168154,0.5080905933295031,8
BreastCancer,KM-random,33,0.6324320765155942,569,2,5332.982035478698,0.6649625478425899,0.5474036117168154,0.5080905933295031,7
BreastCancer,KM-random,34,0.6324320765155942,569,2,5333.457271309247,0.6649625478425899,0.5474036117168154,0.5080905933295031,9
BreastCancer,KM-random,35,0.6324320765155942,569,2,5332.555574203137,0.6592305570949524,0.5403814627831327,0.5084690190672023,7
BreastCancer,KM-random,36,0.6324320765155942,569,2,5332.555574203137,0.6592305570949524,0.5403814627831327,0.5084690190672023,7
BreastCancer,KM-random,37,0.6324320765155942,569,2,5332.555574203137,0.6592305570949524,0.5403814627831327,0.5084690190672023,6
BreastCancer,KM-random,38,0.6324320765155942,569,2,5332.555574203137,0.6592305570949524,0.5403814627831327,0.5084690190672023,6
BreastCancer,KM-random,39,0.6324320765155942,569,2,5332.555574203137,0.6592305570949524,0.5403814627831327,0.5084690190672023,7
BreastCancer,KM-random,40,0.6324320765155942,569,2,5332.982035478698,0.6649625478425899,0.5474036117168154,0.5080905933295031,7
BreastCancer,KM-random,41,0.6324320765155942,569,2,5332.555574203137,0.6592305570949524,0.5403814627831327,0.5084690190672023,7
BreastCancer,KM-random,42,0.6324320765155942,569,2,5332.683796855984,0.6592305570949524,0.5403814627831327,0.5084690190672023,6
BreastCancer,KM-random,43,0.6324320765155942,569,2,5332.555574203137,0.6592305570949524,0.5403814627831327,0.5084690190672023,7
BreastCancer,KM-random,44,0.6324320765155942,569,2,5332.555574203137,0.6592305570949524,0.5403814627831327,0.5084690190672023,7
BreastCancer,KM-random,45,0.6324320765155942,569,2,5332.555574203137,0.6592305570949524,0.5403814627831327,0.5084690190672023,8
BreastCancer,KM-random,46,0.6324320765155942,569,2,5332.555574203137,0.6592305570949524,0.5403814627831327,0.5084690190672023,7
BreastCancer,KM-random,47,0.6324320765155942,569,2,5332.555574203137,0.6592305570949524,0.5403814627831327,0.5084690190672023,7
BreastCancer,KM-random,48,0.6324320765155942,569,2,5332.555574203137,0.6592305570949524,0.5403814627831327,0.5084690190672023,6
BreastCancer,KM-random,49,0.6324320765155942,569,2,5333.457271309247,0.6649625478425899,0.5474036117168154,0.5080905933295031,5
S1,CCKM,-1,1.0,5000,15,154.60854795414446,0.9953942269386277,0.9950977146684594,0.7116520833613489,19
S1,Maxmin,-1,1.0,5000,15,154.60916314108263,0.9945218626852791,0.9941910819760577,0.7116308596007777,4
S1,KM++,0,1.0,5000,15,233.0851592769141,0.9174946677318901,0.9714016719972556,0.6583699376185873,6
S1,KM++,1,1.0,5000,15,232.73605271727513,0.921967601963313,0.9721169015352321,0.6660169824347609,7
S1,KM++,2,1.0,5000,15,260.7611661629492,0.9042916277906061,0.9595643906523253,0.6472319983604544,10
S1,KM++,3,1.0,5000,15,232.7319337161585,0.9221764165816357,0.9724854788029186,0.6660832929885204,5
S1,KM++,4,1.0,5000,15,237.08942412216436,0.9171125402413052,0.9645492967323485,0.6534960720111643,6
S1,KM++,5,1.0,5000,15,286.1584492352654,0.903373678316604,0.9609236584939362,0.6323583198549511,5
S1,KM++,6,1.0,5000,15,233.08837938125663,0.9211251914232698,0.9716325869402839,0.6621540637964641,5
S1,KM++,7,1.0,5000,15,253.52614914370662,0.9023790825127231,0.9575195465097291,0.6354033807654145,15
S1,KM++,8,1.0,5000,15,252.40338510366647,0.9081665436502273,0.9668204446163785,0.6550272774827853,16
S1,KM++,9,1.0,5000,15,252.38464754641214,0.9077654116635975,0.9670679672257125,0.6567508669798132,14
S1,KM++,10,1.0,5000,15,237.20971093099374,0.9124584791322359,0.9643222934469919,0.6463186805435085,6
S1,KM++,11,1.0,5000,15,236.7727074859631,0.9104206509467315,0.9666238067557842,0.6465650652511475,5
S1,KM++,12,1.0,5000,15,252.0268214222921,0.9095729949611394,0.9679873100456909,0.6614532014079341,12
S1,KM++,13,1.0,5000,15,237.45073239398513,0.9145574323063381,0.9638268185208958,0.6503539056943746,9
S1,KM++,14,1.0,5000,15,232.88272239287343,0.9187831852058557,0.970359545007135,0.6586521059516074,7
S1,KM++,15,1.0,5000,15,333.25422848695496,0.8336564400938028,0.9402578322596007,0.5996840797837687,14
S1,KM++,16,1.0,5000,15,319.8834505695713,0.8341859543630051,0.9366192227810808,0.5852310726558099,7
S1,KM++,17,1.0,5000,15,154.60834601705972,0.9945316612150712,0.9941927616434517,0.7116360590874722,4
S1,KM++,18,1.0,5000,15,243.14832624129775,0.9088907960161261,0.9665017773740365,0.6579033614143851,4
S1,KM++,19,1.0,5000,15,244.4644795075251,0.9131406506180795,0.968420212622654,0.6598236454377083,10
S1,KM++,20,1.0,5000,15,236.53205500552437,0.9068722046677017,0.9658794877711592,0.6451649786997629,14
S1,KM++,21,1.0,5000,15,154.60964780204097,0.9949535486255747,0.994592528167274,0.7116417321615199,5
S1,KM++,22,1.0,5000,15,154.60944586495617,0.9940909798651876,0.9936875756532252,0.7116255731317824,8
S1,KM++,23,1.0,5000,15,260.91477219195787,0.9002997012401739,0.9589373471352668,0.6415669273336257,8
S1,KM++,24,1.0,5000,15,237.36191598941025,0.9089873976705773,0.9667820457902616,0.6457302089186676,10
S1,KM++,25,1.0,5000,15,252.21468237121874,0.9079925027323019,0.966885710296942,0.657445360968155,6
S1,KM++,26,1.0,5000,15,237.86699657242804,0.911844511162805,0.9630077592257988,0.6438086302471815,4
S1,KM++,27,1.0,5000,15,286.0004680616516,0.9079844426092888,0.9642854522912923,0.6378525500358811,5
S1,KM++,28,1.0,5000,15,235.50577440470855,0.9070221932482476,0.9655033948104352,0.6490395599898928,8
S1,KM++,29,1.0,5000,15,232.88811955000315,0.9219809203930902,0.9725630888700045,0.660823282056141,8
S1,KM++,30,1.0,5000,15,242.4830240389404,0.9143612893924002,0.9680197981926558,0.6658594238892392,6
S1,KM++,31,1.0,5000,15,154.60806329318615,0.9949625487853107,0.9946962668869085,0.7116413455564674,14
S1,KM++,32,1.0,5000,15,154.60944586495617,0.9940909798651876,0.9936875756532252,0.7116255731317824,4
S1,KM++,33,1.0,5000,15,260.3748316058064,0.9028811434155394,0.9598483298917245,0.6483525218515513,12
S1,KM++,34,1.0,5000,15,320.9805689089189,0.8392163638279716,0.9441525956355636,0.6103159650516045,11
S1,KM++,35,1.0,5000,15,261.49902909610273,0.9086214479891261,0.9649236192885582,0.6388637470038194,6
S1,KM++,36,1.0,5000,15,236.57265132198782,0.9069385666666931,0.9659012437336578,0.645278628139546,5
S1,KM++,37,1.0,5000,15,244.49997056896206,0.9133811759459131,0.9681449596067796,0.6611275105948856,5
S1,KM++,38,1.0,5000,15,235.7165507212603,0.9104064588616908,0.9651591233454321,0.6513088364668455,4
S1,KM++,39,1.0,5000,15,235.98044798200965,0.9086045169942633,0.9666815737983633,0.6452670514293414,6
S1,KM++,40,1.0,5000,15,369.7295473506065,0.827697789129603,0.937367666834141,0.5847565660018524,13
S1,KM++,41,1.0,5000,15,413.79278854733155,0.767622844014534,0.9135540914423728,0.5528754782488439,13
S1,KM++,42,1.0,5000,15,250.90057225711902,0.9037367395483391,0.9615146277559979,0.6499429542491303,5
S1,KM++,43,1.0,5000,15,237.05242570447268,0.9086360077542253,0.9666468590395008,0.6435685120731581,5
S1,KM++,44,1.0,5000,15,231.3924810529087,0.9164324228578352,0.9684480412958842,0.6601850210639085,14
S1,KM++,45,1.0,5000,15,237.23634663539326,0.9122123185376991,0.9634234045993489,0.6481288660590666,5
S1,KM++,46,1.0,5000,15,259.64004097441085,0.9014569196239136,0.9577708142467356,0.6482345656056816,9
S1,KM++,47,1.0,5000,15,154.60964780204097,0.9949535486255747,0.9945925281672738,0.7116417321615199,7
S1,KM++,48,1.0,5000,15,154.60883067801802,0.9949633352695316,0.9945942099907265,0.7116467968923536,4
S1,KM++,49,1.0,5000,15,154.60916314108263,0.9945218626852791,0.9941910819760577,0.7116308596007777,5
S1,KM++greedy,0,1.0,5000,15,154.60883067801802,0.9949633352695316,0.9945942099907266,0.7116467968923536,4
S1,KM++greedy,1,1.0,5000,15,154.60883067801802,0.9949633352695316,0.9945942099907266,0.7116467968923536,3
S1,KM++greedy,2,1.0,5000,15,154.60854795414446,0.9953942269386277,0.9950977146684593,0.7116520833613489,3
S1,KM++greedy,3,1.0,5000,15,154.60944586495617,0.9940909798651876,0.9936875756532252,0.7116255731317824,3
S1,KM++greedy,4,1.0,5000,15,154.60806329318615,0.9949625487853107,0.9946962668869084,0.7116413455564674,3
S1,KM++greedy,5,1.0,5000,15,236.71520136964307,0.9163174416141513,0.9633272208483304,0.6556418908131607,3
S1,KM++greedy,6,1.0,5000,15,154.60964780204097,0.9949535486255747,0.994592528167274,0.7116417321615199,3
S1,KM++greedy,7,1.0,5000,15,154.60964780204097,0.9949535486255747,0.9945925281672738,0.7116417321615199,3
S1,KM++greedy,8,1.0,5000,15,154.60806329318615,0.9949625487853107,0.9946962668869085,0.7116413455564674,3
S1,KM++greedy,9,1.0,5000,15,154.60916314108263,0.9945218626852791,0.9941910819760577,0.7116308596007777,3
S1,KM++greedy,10,1.0,5000,15,154.60883067801802,0.9949633352695316,0.9945942099907265,0.7116467968923536,3
S1,KM++greedy,11,1.0,5000,15,154.60834601705972,0.9945316612150712,0.9941927616434519,0.7116360590874722,4
S1,KM++greedy,12,1.0,5000,15,154.60883067801802,0.9949633352695316,0.9945942099907268,0.7116467968923536,3
S1,KM++greedy,13,1.0,5000,15,154.60883067801802,0.9949633352695316,0.9945942099907266,0.7116467968923536,3
S1,KM++greedy,14,1.0,5000,15,154.60854795414446,0.9953942269386277,0.9950977146684593,0.7116520833613489,3
S1,KM++greedy,15,1.0,5000,15,154.60806329318615,0.9949625487853107,0.9946962668869085,0.7116413455564674,3
S1,KM++greedy,16,1.0,5000,15,154.60883067801802,0.9949633352695316,0.9945942099907265,0.7116467968923536,3
S1,KM++greedy,17,1.0,5000,15,154.60806329318615,0.9949625487853107,0.9946962668869085,0.7116413455564674,3
S1,KM++greedy,18,1.0,5000,15,154.60883067801802,0.9949633352695316,0.9945942099907265,0.7116467968923536,3
S1,KM++greedy,19,1.0,5000,15,242.55610716518103,0.9123460897816411,0.9675905143630134,0.6628951272419337,6
S1,KM++greedy,20,1.0,5000,15,242.55997876204756,0.9149431712694359,0.9674749043947704,0.6662379111539566,5
S1,KM++greedy,21,1.0,5000,15,154.60916314108263,0.9945218626852791,0.9941910819760577,0.7116308596007777,3
S1,KM++greedy,22,1.0,5000,15,154.60944586495617,0.9940909798651876,0.993687575653225,0.7116255731317824,3
S1,KM++greedy,23,1.0,5000,15,154.60854795414446,0.9953942269386277,0.9950977146684593,0.7116520833613489,3
S1,KM++greedy,24,1.0,5000,15,276.3443484583133,0.8855596870869569,0.9453029436599573,0.6159480121204576,6
S1,KM++greedy,25,1.0,5000,15,251.5573268652644,0.9053635554157015,0.9609467260950144,0.6525620639524204,11
S1,KM++greedy,26,1.0,5000,15,154.60806329318615,0.9949625487853107,0.9946962668869085,0.7116413455564674,3
S1,KM++greedy,27,1.0,5000,15,154.60854795414446,0.9953942269386277,0.9950977146684591,0.7116520833613489,3
S1,KM++greedy,28,1.0,5000,15,154.60883067801802,0.9949633352695316,0.9945942099907265,0.7116467968923536,3
S1,KM++greedy,29,1.0,5000,15,154.60854795414446,0.9953942269386277,0.9950977146684593,0.7116520833613489,3
S1,KM++greedy,30,1.0,5000,15,231.3932800634285,0.9161209897913122,0.968080616416239,0.6602914967788434,6
S1,KM++greedy,31,1.0,5000,15,154.60883067801802,0.9949633352695316,0.9945942099907266,0.7116467968923536,3
S1,KM++greedy,32,1.0,5000,15,154.60916314108263,0.9945218626852791,0.9941910819760577,0.7116308596007777,3
S1,KM++greedy,33,1.0,5000,15,154.6099305259145,0.9945226617063997,0.9940890224101564,0.7116364456925246,3
S1,KM++greedy,34,1.0,5000,15,154.60854795414446,0.9953942269386277,0.9950977146684591,0.7116520833613489,3
S1,KM++greedy,35,1.0,5000,15,154.6099305259145,0.9945226617063997,0.9940890224101565,0.7116364456925246,3
S1,KM++greedy,36,1.0,5000,15,243.8204038031348,0.9105288328559196,0.9685201070803435,0.6588001252862148,4
S1,KM++greedy,37,1.0,5000,15,154.6099305259145,0.9945226617063997,0.9940890224101565,0.7116364456925246,8
S1,KM++greedy,38,1.0,5000,15,154.60854795414446,0.9953942269386277,0.9950977146684593,0.7116520833613489,3
S1,KM++greedy,39,1.0,5000,15,154.60883067801802,0.9949633352695316,0.9945942099907266,0.7116467968923536,3
S1,KM++greedy,40,1.0,5000,15,154.60806329318615,0.9949625487853107,0.9946962668869085,0.7116413455564674,13
S1,KM++greedy,41,1.0,5000,15,154.60916314108263,0.9945218626852791,0.9941910819760577,0.7116308596007777,12
S1,KM++greedy,42,1.0,5000,15,154.60964780204097,0.9949535486255747,0.9945925281672738,0.7116417321615199,3
S1,KM++greedy,43,1.0,5000,15,154.60834601705972,0.9945316612150712,0.9941927616434517,0.7116360590874722,3
S1,KM++greedy,44,1.0,5000,15,154.60964780204097,0.9949535486255747,0.994592528167274,0.7116417321615199,4
S1,KM++greedy,45,1.0,5000,15,154.60834601705972,0.9945316612150712,0.9941927616434517,0.7116360590874722,3
S1,KM++greedy,46,1.0,5000,15,154.60916314108263,0.9945218626852791,0.9941910819760577,0.7116308596007777,3
S1,KM++greedy,47,1.0,5000,15,154.60964780204097,0.9949535486255747,0.9945925281672738,0.7116417321615199,3
S1,KM++greedy,48,1.0,5000,15,154.60964780204097,0.9949535486255747,0.994592528167274,0.7116417321615199,3
S1,KM++greedy,49,1.0,5000,15,154.6099305259145,0.9945226617063997,0.9940890224101565,0.7116364456925246,3
S1,BF-refine,0,1.0,5000,15,154.6099305259145,0.9945226617063997,0.9940890224101564,0.7116364456925246,2
S1,BF-refine,1,1.0,5000,15,154.60944586495617,0.9940909798651876,0.9936875756532253,0.7116255731317824,2
S1,BF-refine,2,1.0,5000,15,154.60944586495617,0.9940909798651876,0.9936875756532249,0.7116255731317824,2
S1,BF-refine,3,1.0,5000,15,154.60806329318615,0.9949625487853107,0.9946962668869085,0.7116413455564674,2
S1,BF-refine,4,1.0,5000,15,154.60854795414446,0.9953942269386277,0.9950977146684594,0.7116520833613489,2
S1,BF-refine,5,1.0,5000,15,154.60964780204097,0.9949535486255747,0.994592528167274,0.7116417321615199,2
S1,BF-refine,6,1.0,5000,15,154.6099305259145,0.9945226617063997,0.9940890224101564,0.7116364456925246,2
S1,BF-refine,7,1.0,5000,15,154.60806329318615,0.9949625487853107,0.9946962668869085,0.7116413455564674,2
S1,BF-refine,8,1.0,5000,15,154.60944586495617,0.9940909798651876,0.9936875756532252,0.7116255731317824,2
S1,BF-refine,9,1.0,5000,15,154.60854795414446,0.9953942269386277,0.9950977146684593,0.7116520833613489,2
S1,BF-refine,10,1.0,5000,15,154.60944586495617,0.9940909798651876,0.9936875756532253,0.7116255731317824,2
S1,BF-refine,11,1.0,5000,15,154.60883067801802,0.9949633352695316,0.9945942099907266,0.7116467968923536,2
S1,BF-refine,12,1.0,5000,15,154.6099305259145,0.9945226617063997,0.9940890224101565,0.7116364456925246,2
S1,BF-refine,13,1.0,5000,15,154.6099305259145,0.9945226617063997,0.9940890224101564,0.7116364456925246,2
S1,BF-refine,14,1.0,5000,15,154.60883067801802,0.9949633352695316,0.9945942099907265,0.7116467968923536,2
S1,BF-refine,15,1.0,5000,15,154.60944586495617,0.9940909798651876,0.9936875756532253,0.7116255731317824,2
S1,BF-refine,16,1.0,5000,15,154.60883067801802,0.9949633352695316,0.9945942099907268,0.7116467968923536,2
S1,BF-refine,17,1.0,5000,15,154.60854795414446,0.9953942269386277,0.9950977146684591,0.7116520833613489,2
S1,BF-refine,18,1.0,5000,15,154.6099305259145,0.9945226617063997,0.9940890224101564,0.7116364456925246,2
S1,BF-refine,19,1.0,5000,15,154.60806329318615,0.9949625487853107,0.9946962668869085,0.7116413455564674,2
S1,BF-refine,20,1.0,5000,15,154.60964780204097,0.9949535486255747,0.994592528167274,0.7116417321615199,2
S1,BF-refine,21,1.0,5000,15,154.60883067801802,0.9949633352695316,0.9945942099907265,0.7116467968923536,2
S1,BF-refine,22,1.0,5000,15,154.60916314108263,0.9945218626852791,0.9941910819760577,0.7116308596007777,2
S1,BF-refine,23,1.0,5000,15,154.60883067801802,0.9949633352695316,0.9945942099907266,0.7116467968923536,2
S1,BF-refine,24,1.0,5000,15,154.60916314108263,0.9945218626852791,0.9941910819760577,0.7116308596007777,2
S1,BF-refine,25,1.0,5000,15,154.6099305259145,0.9945226617063997,0.9940890224101565,0.7116364456925246,2
S1,BF-refine,26,1.0,5000,15,154.60944586495617,0.9940909798651876,0.9936875756532254,0.7116255731317824,2
S1,BF-refine,27,1.0,5000,15,154.60944586495617,0.9940909798651876,0.9936875756532253,0.7116255731317824,2
S1,BF-refine,28,1.0,5000,15,154.6099305259145,0.9945226617063997,0.9940890224101565,0.7116364456925246,2
S1,BF-refine,29,1.0,5000,15,154.60883067801802,0.9949633352695316,0.9945942099907265,0.7116467968923536,2
S1,BF-refine,30,1.0,5000,15,154.60944586495617,0.9940909798651876,0.9936875756532252,0.7116255731317824,2
S1,BF-refine,31,1.0,5000,15,154.60883067801802,0.9949633352695316,0.9945942099907265,0.7116467968923536,2
S1,BF-refine,32,1.0,5000,15,154.60944586495617,0.9940909798651876,0.9936875756532253,0.7116255731317824,2
S1,BF-refine,33,1.0,5000,15,154.60944586495617,0.9940909798651876,0.9936875756532252,0.7116255731317824,2
S1,BF-refine,34,1.0,5000,15,154.60916314108263,0.9945218626852791,0.9941910819760574,0.7116308596007777,2
S1,BF-refine,35,1.0,5000,15,154.60834601705972,0.9945316612150712,0.9941927616434519,0.7116360590874722,2
S1,BF-refine,36,1.0,5000,15,154.60964780204097,0.9949535486255747,0.9945925281672738,0.7116417321615199,2
S1,BF-refine,37,1.0,5000,15,154.60883067801802,0.9949633352695316,0.9945942099907265,0.7116467968923536,2
S1,BF-refine,38,1.0,5000,15,154.60964780204097,0.9949535486255747,0.9945925281672738,0.7116417321615199,2
S1,BF-refine,39,1.0,5000,15,154.60964780204097,0.9949535486255747,0.9945925281672742,0.7116417321615199,2
S1,BF-refine,40,1.0,5000,15,154.6099305259145,0.9945226617063997,0.9940890224101564,0.7116364456925246,2
S1,BF-refine,41,1.0,5000,15,154.60964780204097,0.9949535486255747,0.994592528167274,0.7116417321615199,2
S1,BF-refine,42,1.0,5000,15,154.60964780204097,0.9949535486255747,0.994592528167274,0.7116417321615199,2
S1,BF-refine,43,1.0,5000,15,154.60944586495617,0.9940909798651876,0.9936875756532254,0.7116255731317824,2
S1,BF-refine,44,1.0,5000,15,154.60854795414446,0.9953942269386277,0.9950977146684591,0.7116520833613489,2
S1,BF-refine,45,1.0,5000,15,154.60854795414446,0.9953942269386277,0.9950977146684591,0.7116520833613489,2
S1,BF-refine,46,1.0,5000,15,154.60854795414446,0.9953942269386277,0.9950977146684593,0.7116520833613489,2
S1,BF-refine,47,1.0,5000,15,154.60883067801802,0.9949633352695316,0.9945942099907268,0.7116467968923536,2
S1,BF-refine,48,1.0,5000,15,154.60944586495617,0.9940909798651876,0.9936875756532253,0.7116255731317824,2
S1,BF-refine,49,1.0,5000,15,154.60834601705972,0.9945316612150712,0.994192761643452,0.7116360590874722,2
S1,KM-random,0,1.0,5000,15,341.67068732087927,0.8385573189168555,0.9360850563985771,0.6049309517808082,7
S1,KM-random,1,1.0,5000,15,474.4311884281702,0.7551113562642077,0.908740891189466,0.5256594903693502,8
S1,KM-random,2,1.0,5000,15,327.2727257121678,0.848546699134973,0.9407240288678325,0.6131438099308035,12
S1,KM-random,3,1.0,5000,15,154.60854795414446,0.9953942269386277,0.9950977146684591,0.7116520833613489,16
S1,KM-random,4,1.0,5000,15,260.24012686927296,0.9077404655205168,0.9655551035538701,0.6401658577104723,10
S1,KM-random,5,1.0,5000,15,260.75107344730105,0.9006211247502606,0.959374468052388,0.6438559665277568,10
S1,KM-random,6,1.0,5000,15,253.52614914370662,0.9023790825127231,0.9575195465097291,0.6354033807654145,15
S1,KM-random,7,1.0,5000,15,333.57785975064877,0.8359823757892542,0.9383635243675681,0.6150516180489608,13
S1,KM-random,8,1.0,5000,15,319.40862254816807,0.8562765120085601,0.9458605228345368,0.6326932502459466,10
S1,KM-random,9,1.0,5000,15,503.78654418087314,0.7634033808027817,0.9096617419840831,0.5473063993877557,10
S1,KM-random,10,1.0,5000,15,252.0182266814165,0.9026085516888167,0.9612120629897585,0.6470739435251773,6
S1,KM-random,11,1.0,5000,15,332.64337357850025,0.8351498017330525,0.9392773511157538,0.5989624810768017,17
S1,KM-random,12,1.0,5000,15,334.47379777164974,0.8363120239848756,0.9398310477248061,0.6207928602366477,7
S1,KM-random,13,1.0,5000,15,372.74977628346744,0.8267588049694409,0.9341586157461358,0.5780331531328667,12
S1,KM-random,14,1.0,5000,15,232.83858617498885,0.9177933473680829,0.9700648043582762,0.6611233974999163,8
S1,KM-random,15,1.0,5000,15,335.39118800427275,0.8322357291706276,0.9364316282160664,0.5925946846660061,13
S1,KM-random,16,1.0,5000,15,260.6351388359032,0.9075905437889721,0.9653984792605294,0.6382003518175963,7
S1,KM-random,17,1.0,5000,15,445.21107673500256,0.7560280531650452,0.9038025304166017,0.5134532066771224,10
S1,KM-random,18,1.0,5000,15,254.16213867684448,0.902890162370834,0.9570878609996413,0.6348070529332852,8
S1,KM-random,19,1.0,5000,15,237.14977602827736,0.9090735010782917,0.9665388912519177,0.6434223381005048,7
S1,KM-random,20,1.0,5000,15,423.598789813395,0.7679511371771184,0.9126066862320118,0.5661713941207056,14
S1,KM-random,21,1.0,5000,15,318.58705427551206,0.8460774838119052,0.9398647449716425,0.6221641835695353,10
S1,KM-random,22,1.0,5000,15,340.1507494847466,0.8319811467995721,0.9409685594312516,0.6091964372410417,13
S1,KM-random,23,1.0,5000,15,325.9813005155254,0.8388578885370226,0.9388015124722665,0.5993723337045935,10
S1,KM-random,24,1.0,5000,15,420.01187840202397,0.7907646487471276,0.9175603370450458,0.6093445275832391,10
S1,KM-random,25,1.0,5000,15,547.3244811043626,0.7050776400768364,0.8896869353069513,0.49808332207197253,15
S1,KM-random,26,1.0,5000,15,332.89157205459605,0.8371815568615254,0.9400733676096852,0.6030422654114991,5
S1,KM-random,27,1.0,5000,15,326.11614686015315,0.830694846097993,0.9371190944974878,0.5989191930652285,11
S1,KM-random,28,1.0,5000,15,349.5079971149357,0.8307869178767577,0.9330356417156169,0.609247732420577,10
S1,KM-random,29,1.0,5000,15,252.27380670244764,0.9047254625988221,0.9667469081727577,0.6527562537748387,5
S1,KM-random,30,1.0,5000,15,348.4349076139497,0.8310499785752441,0.9382899096008821,0.5972176707887,23
S1,KM-random,31,1.0,5000,15,357.4002048213342,0.8176573171785312,0.930869130979767,0.5864899999128789,8
S1,KM-random,32,1.0,5000,15,330.1911823399527,0.8469495024907844,0.9453998650281454,0.6353094325367703,8
S1,KM-random,33,1.0,5000,15,261.5408600660389,0.9107086818226917,0.9647781028813477,0.6424311294894193,6
S1,KM-random,34,1.0,5000,15,448.83484658058177,0.7764385889956252,0.9159981931972816,0.5773621825547698,22
S1,KM-random,35,1.0,5000,15,412.7331532045624,0.7766443436602917,0.915689564416327,0.5772209295585894,11
S1,KM-random,36,1.0,5000,15,238.14209265081763,0.9139200201682338,0.9640631597421333,0.6466402961157295,14
S1,KM-random,37,1.0,5000,15,423.526249124302,0.7596897994569688,0.9094334097385491,0.5399113807168382,13
S1,KM-random,38,1.0,5000,15,329.03320742984727,0.8382729403844053,0.9417839478949075,0.6059656850768103,7
S1,KM-random,39,1.0,5000,15,251.59010958779947,0.9083946418246316,0.9660803277991424,0.6615250984695042,8
S1,KM-random,40,1.0,5000,15,430.5825689560503,0.7800400818155698,0.9165143823648222,0.5758093583794971,10
S1,KM-random,41,1.0,5000,15,232.3242437165943,0.9217074638843891,0.9699506616937924,0.6687514408560313,10
S1,KM-random,42,1.0,5000,15,324.44294695197914,0.8366630960802143,0.9366000914399953,0.6012243998725996,11
S1,KM-random,43,1.0,5000,15,242.949339772777,0.9142522528773801,0.9685024859624001,0.6677627142172794,6
S1,KM-random,44,1.0,5000,15,251.90583261286505,0.9094398442682482,0.9681051577584013,0.6605430946059624,6
S1,KM-random,45,1.0,5000,15,415.9183755528035,0.7711397641884218,0.9096310347476424,0.5603521739441417,20
S1,KM-random,46,1.0,5000,15,236.6871773974645,0.9173198995160928,0.9690955527515619,0.6626502536040525,18
S1,KM-random,47,1.0,5000,15,154.60806329318615,0.9949625487853107,0.9946962668869085,0.7116413455564674,11
S1,KM-random,48,1.0,5000,15,331.1055735677769,0.8315800365770706,0.9394577498650182,0.5976937805556637,6
S1,KM-random,49,1.0,5000,15,421.10651758245854,0.77644060234906,0.9149106337256442,0.5655677082183698,25
S2,CCKM,-1,1.0,5000,15,330.5015355787021,0.8690875292189504,0.9289070417505434,0.5644241395950926,14
S2,Maxmin,-1,1.0,5000,15,401.296513972869,0.776172783621746,0.8897949242513491,0.5316883094402086,15
S2,KM++,0,1.0,5000,15,311.3059385556896,0.8837479429551303,0.9383435203856686,0.5988936418356231,13
S2,KM++,1,1.0,5000,15,257.6357221174715,0.957723622271345,0.9639892987582415,0.6263584768902496,5
S2,KM++,2,1.0,5000,15,257.64165292368557,0.957723622271345,0.9639892987582415,0.6263584768902496,10
S2,KM++,3,1.0,5000,15,377.19761417645617,0.8006986137907687,0.9027538735884162,0.5324071966172358,15
S2,KM++,4,1.0,5000,15,406.54491578602716,0.7886123591064572,0.8930356827418422,0.5311045144228379,14
S2,KM++,5,1.0,5000,15,322.6493892301472,0.8803237615016467,0.9363001315449629,0.5898896924163806,12
S2,KM++,6,1.0,5000,15,310.66897099008776,0.8745857742410653,0.9348242767340869,0.5827794951155907,15
S2,KM++,7,1.0,5000,15,306.7783542657299,0.8752109733625146,0.9337796880700373,0.586099543520013,8
S2,KM++,8,1.0,5000,15,323.0738567419112,0.8786167768302854,0.9346238053322334,0.5810270701600252,21
S2,KM++,9,1.0,5000,15,311.3187613336977,0.8835489693530374,0.9382690513797275,0.5985621528355513,20
S2,KM++,10,1.0,5000,15,485.8136994234141,0.7282927774608355,0.8687711596140404,0.48852426273550775,14
S2,KM++,11,1.0,5000,15,327.53082573284223,0.8748107899805652,0.9296741218536322,0.5791794988102745,7
S2,KM++,12,1.0,5000,15,433.523542737689,0.8679267190798117,0.9253612614450153,0.5508896782519527,7
S2,KM++,13,1.0,5000,15,405.4975835830377,0.8707610039843123,0.9316421056030202,0.5463964331900214,8
S2,KM++,14,1.0,5000,15,309.82946938867184,0.8715125466763947,0.9319819543527583,0.5849641226726304,8
S2,KM++,15,1.0,5000,15,405.46239234014445,0.7941350687071189,0.894251150708499,0.540520371604329,10
S2,KM++,16,1.0,5000,15,330.72309099756745,0.8697381995723947,0.9287831590478769,0.5643884142024015,15
S2,KM++,17,1.0,5000,15,328.35134122684,0.8745945664957109,0.9306686181950301,0.5752125963485026,7
S2,KM++,18,1.0,5000,15,257.63779982509607,0.9576946358684768,0.9638344507445683,0.6263633798992377,8
S2,KM++,19,1.0,5000,15,257.6425924691687,0.9576946358684768,0.9638344507445683,0.6263633798992377,7
S2,KM++,20,1.0,5000,15,362.174877983887,0.8617534182017986,0.9273488040946983,0.5644583516669447,10
S2,KM++,21,1.0,5000,15,408.99013043900567,0.792741258357109,0.8924793599528688,0.5290268561236023,14
S2,KM++,22,1.0,5000,15,325.39861801174925,0.8769736521681291,0.9354641743785771,0.5699940946521244,10
S2,KM++,23,1.0,5000,15,309.76236901489443,0.8738549021192973,0.9329938254183631,0.5868562551627865,7
S2,KM++,24,1.0,5000,15,397.1781630091731,0.8568796510466429,0.9231454709002022,0.5400008868827954,11
S2,KM++,25,1.0,5000,15,257.63673868058044,0.9576946358684768,0.9638344507445685,0.6263633798992377,5
S2,KM++,26,1.0,5000,15,257.64165292368557,0.957723622271345,0.9639892987582415,0.6263584768902496,8
S2,KM++,27,1.0,5000,15,428.5100570095164,0.7916528308405517,0.8990726783928198,0.5264342707337945,13
S2,KM++,28,1.0,5000,15,257.6357221174715,0.957723622271345,0.9639892987582415,0.6263584768902496,10
S2,KM++,29,1.0,5000,15,321.94288391761154,0.8712584938822286,0.9341190878032942,0.5809619261829588,13
S2,KM++,30,1.0,5000,15,309.84800315925185,0.8707089746167739,0.9311530535663163,0.5848956499971412,9
S2,KM++,31,1.0,5000,15,322.8039209491425,0.8818703244597967,0.9370444600709572,0.5792031814601322,8
S2,KM++,32,1.0,5000,15,415.16972280180397,0.788186268838327,0.8997964809793375,0.5380883427826406,8
S2,KM++,33,1.0,5000,15,365.6162221998761,0.8628628673888419,0.9283823523976346,0.564579515415542,11
S2,KM++,34,1.0,5000,15,479.67389965511876,0.7668999423806004,0.8803063120204844,0.49277755874182055,14
S2,KM++,35,1.0,5000,15,257.63673868058044,0.9576946358684768,0.9638344507445682,0.6263633798992377,10
S2,KM++,36,1.0,5000,15,339.3096044116216,0.8594788748600027,0.9205979370279834,0.5740862490766793,14
S2,KM++,37,1.0,5000,15,257.6357221174715,0.957723622271345,0.9639892987582415,0.6263584768902496,16
S2,KM++,38,1.0,5000,15,362.1676427483801,0.8623061505449922,0.927526470283179,0.5647824240240475,8
S2,KM++,39,1.0,5000,15,327.890568825185,0.873861402037082,0.9306767892912436,0.5740170272061424,20
S2,KM++,40,1.0,5000,15,257.6425924691687,0.9576946358684768,0.9638344507445685,0.6263633798992377,8
S2,KM++,41,1.0,5000,15,257.63673868058044,0.9576946358684768,0.9638344507445682,0.6263633798992377,16
S2,KM++,42,1.0,5000,15,324.083361752348,0.8793205625142744,0.9371868534114459,0.5769703438000479,10
S2,KM++,43,1.0,5000,15,257.63673868058044,0.9576946358684768,0.9638344507445683,0.6263633798992377,5
S2,KM++,44,1.0,5000,15,307.555393924094,0.8782062094396014,0.9357474863543291,0.5946551870372261,8
S2,KM++,45,1.0,5000,15,330.7278034643912,0.8667144772163206,0.9276416368041118,0.5630383801139064,16
S2,KM++,46,1.0,5000,15,324.32821960853965,0.8811923952772486,0.9345913512504511,0.5762482258451703,25
S2,KM++,47,1.0,5000,15,377.50569145276705,0.7989708059450682,0.9027007164093644,0.5313263814722147,15
S2,KM++,48,1.0,5000,15,322.6514002417984,0.8823390621645003,0.9323053857059697,0.5847552685021485,7
S2,KM++,49,1.0,5000,15,408.1574976542003,0.7902379844398265,0.8953824656771052,0.52866673956595,16
S2,KM++greedy,0,1.0,5000,15,257.63673868058044,0.9576946358684768,0.9638344507445683,0.6263633798992377,4
S2,KM++greedy,1,1.0,5000,15,257.6425924691687,0.9576946358684768,0.9638344507445685,0.6263633798992377,5
S2,KM++greedy,2,1.0,5000,15,257.63673868058044,0.9576946358684768,0.9638344507445683,0.6263633798992377,4
S2,KM++greedy,3,1.0,5000,15,257.6410319348303,0.9576946358684768,0.9638344507445685,0.6263633798992377,4
S2,KM++greedy,4,1.0,5000,15,257.64661180423576,0.9576946358684768,0.9638344507445683,0.6263633798992377,4
S2,KM++greedy,5,1.0,5000,15,342.5294794338074,0.8579284870656895,0.9190411755844038,0.5701595852970002,6
S2,KM++greedy,6,1.0,5000,15,257.63991660301684,0.9576946358684768,0.9638344507445685,0.6263633798992377,4
S2,KM++greedy,7,1.0,5000,15,257.64165292368557,0.957723622271345,0.9639892987582415,0.6263584768902496,17
S2,KM++greedy,8,1.0,5000,15,329.74177682215566,0.8814240955159026,0.9323326571857541,0.5767177266552744,11
S2,KM++greedy,9,1.0,5000,15,318.1927454308183,0.8700680739714781,0.9334393026788995,0.5856362163049688,7
S2,KM++greedy,10,1.0,5000,15,257.6493437841631,0.9581377015049205,0.9644131623415,0.6263422419649387,4
S2,KM++greedy,11,1.0,5000,15,309.8271617905266,0.8717055383601772,0.9321382095440414,0.5850149033384391,10
S2,KM++greedy,12,1.0,5000,15,257.6377508367424,0.9576946358684768,0.9638344507445685,0.6263633798992377,6
S2,KM++greedy,13,1.0,5000,15,339.9308275853792,0.8636624861603139,0.9212571273115814,0.5781870023800555,6
S2,KM++greedy,14,1.0,5000,15,329.2445459546904,0.878124273254987,0.9301569860632747,0.5768671576292409,8
S2,KM++greedy,15,1.0,5000,15,257.6383187153425,0.957723622271345,0.9639892987582414,0.6263584768902496,4
S2,KM++greedy,16,1.0,5000,15,257.63673868058044,0.9576946358684768,0.9638344507445683,0.6263633798992377,5
S2,KM++greedy,17,1.0,5000,15,310.92672795127356,0.8757699094512827,0.9354185633711273,0.5815966757839763,5
S2,KM++greedy,18,1.0,5000,15,318.1355964406734,0.8722115497719803,0.9325865886990746,0.5892272965439481,11
S2,KM++greedy,19,1.0,5000,15,257.6357221174715,0.957723622271345,0.9639892987582415,0.6263584768902496,10
S2,KM++greedy,20,1.0,5000,15,327.3322136455893,0.8742888488871441,0.9299660291469166,0.578155559090341,16
S2,KM++greedy,21,1.0,5000,15,309.77033716928304,0.8726841034349563,0.9320281115742719,0.5865718271062531,9
S2,KM++greedy,22,1.0,5000,15,312.75377653982326,0.8796626224963929,0.9350807557085833,0.5891351745108675,4
S2,KM++greedy,23,1.0,5000,15,257.63677482331263,0.957723622271345,0.9639892987582415,0.6263584768902496,5
S2,KM++greedy,24,1.0,5000,15,257.6357221174715,0.957723622271345,0.9639892987582415,0.6263584768902496,5
S2,KM++greedy,25,1.0,5000,15,257.63673868058044,0.9576946358684768,0.9638344507445685,0.6263633798992377,5
S2,KM++greedy,26,1.0,5000,15,342.305493883584,0.8615929482197855,0.9204135606999673,0.5669420738525465,5
S2,KM++greedy,27,1.0,5000,15,328.20807326622014,0.8726741193335597,0.9295386596690598,0.5739749638952026,6
S2,KM++greedy,28,1.0,5000,15,308.1051476623246,0.8804272175846435,0.936030414729043,0.5962985689891526,7
S2,KM++greedy,29,1.0,5000,15,257.63673868058044,0.9576946358684768,0.9638344507445683,0.6263633798992377,4
S2,KM++greedy,30,1.0,5000,15,308.1140207761197,0.8810128501635249,0.9369405340874497,0.5953164129148698,9
S2,KM++greedy,31,1.0,5000,15,257.64165292368557,0.957723622271345,0.9639892987582415,0.6263584768902496,12
S2,KM++greedy,32,1.0,5000,15,257.6425924691687,0.9576946358684768,0.9638344507445683,0.6263633798992377,4
S2,KM++greedy,33,1.0,5000,15,318.1154922212371,0.8721945448006296,0.9327884777069952,0.5890864898539268,9
S2,KM++greedy,34,1.0,5000,15,257.63779982509607,0.9576946358684768,0.9638344507445683,0.6263633798992377,4
S2,KM++greedy,35,1.0,5000,15,257.6425924691687,0.9576946358684768,0.9638344507445683,0.6263633798992377,6
S2,KM++greedy,36,1.0,5000,15,257.6468857234185,0.9576946358684768,0.9638344507445683,0.6263633798992377,5
S2,KM++greedy,37,1.0,5000,15,257.6357221174715,0.957723622271345,0.9639892987582414,0.6263584768902496,6
S2,KM++greedy,38,1.0,5000,15,257.6425924691687,0.9576946358684768,0.9638344507445683,0.6263633798992377,6
S2,KM++greedy,39,1.0,5000,15,257.6388871497003,0.9576946358684768,0.9638344507445685,0.6263633798992377,13
S2,KM++greedy,40,1.0,5000,15,323.0907125842045,0.881074452334264,0.9361006484846996,0.5808349475347829,21
S2,KM++greedy,41,1.0,5000,15,257.63673868058044,0.9576946358684768,0.9638344507445683,0.6263633798992377,4
S2,KM++greedy,42,1.0,5000,15,257.64365361368425,0.9576946358684768,0.9638344507445683,0.6263633798992377,4
S2,KM++greedy,43,1.0,5000,15,385.91733617176686,0.7971875093205278,0.9048317739487831,0.5299499675479323,11
S2,KM++greedy,44,1.0,5000,15,257.6357221174715,0.957723622271345,0.9639892987582415,0.6263584768902496,5
S2,KM++greedy,45,1.0,5000,15,257.6357221174715,0.957723622271345,0.9639892987582415,0.6263584768902496,8
S2,KM++greedy,46,1.0,5000,15,342.81161165769277,0.8569872018207038,0.9189952989417067,0.5625276329225155,9
S2,KM++greedy,47,1.0,5000,15,309.71782217661,0.8732351237656069,0.9327903462993082,0.5846714527565406,12
S2,KM++greedy,48,1.0,5000,15,257.6388871497003,0.9576946358684768,0.9638344507445686,0.6263633798992377,4
S2,KM++greedy,49,1.0,5000,15,329.4810797016268,0.8773299725588837,0.930181868572029,0.5790198463272381,7
S2,BF-refine,0,1.0,5000,15,257.63673868058044,0.9576946358684768,0.9638344507445683,0.6263633798992377,3
S2,BF-refine,1,1.0,5000,15,257.63673868058044,0.9576946358684768,0.9638344507445683,0.6263633798992377,3
S2,BF-refine,2,1.0,5000,15,257.63779982509607,0.9576946358684768,0.9638344507445683,0.6263633798992377,3
S2,BF-refine,3,1.0,5000,15,257.63673868058044,0.9576946358684768,0.9638344507445683,0.6263633798992377,3
S2,BF-refine,4,1.0,5000,15,257.6357221174715,0.957723622271345,0.9639892987582415,0.6263584768902496,4
S2,BF-refine,5,1.0,5000,15,257.6388871497003,0.9576946358684768,0.9638344507445683,0.6263633798992377,3
S2,BF-refine,6,1.0,5000,15,257.6357221174715,0.957723622271345,0.9639892987582415,0.6263584768902496,4
S2,BF-refine,7,1.0,5000,15,257.6357221174715,0.957723622271345,0.9639892987582414,0.6263584768902496,4
S2,BF-refine,8,1.0,5000,15,257.6425924691687,0.9576946358684768,0.9638344507445685,0.6263633798992377,3
S2,BF-refine,9,1.0,5000,15,257.63673868058044,0.9576946358684768,0.9638344507445683,0.6263633798992377,3
S2,BF-refine,10,1.0,5000,15,257.638811981258,0.9576946358684768,0.9638344507445685,0.6263633798992377,2
S2,BF-refine,11,1.0,5000,15,257.6425924691687,0.9576946358684768,0.9638344507445683,0.6263633798992377,3
S2,BF-refine,12,1.0,5000,15,257.63779982509607,0.9576946358684768,0.9638344507445683,0.6263633798992377,3
S2,BF-refine,13,1.0,5000,15,257.63673868058044,0.9576946358684768,0.9638344507445683,0.6263633798992377,3
S2,BF-refine,14,1.0,5000,15,257.6410319348303,0.9576946358684768,0.9638344507445683,0.6263633798992377,3
S2,BF-refine,15,1.0,5000,15,257.6357221174715,0.957723622271345,0.9639892987582415,0.6263584768902496,4
S2,BF-refine,16,1.0,5000,15,257.6357221174715,0.957723622271345,0.9639892987582415,0.6263584768902496,3
S2,BF-refine,17,1.0,5000,15,257.63673868058044,0.9576946358684768,0.9638344507445685,0.6263633798992377,3
S2,BF-refine,18,1.0,5000,15,257.64165292368557,0.957723622271345,0.9639892987582414,0.6263584768902496,3
S2,BF-refine,19,1.0,5000,15,257.6388871497003,0.9576946358684768,0.9638344507445685,0.6263633798992377,3
S2,BF-refine,20,1.0,5000,15,257.63779982509607,0.9576946358684768,0.9638344507445683,0.6263633798992377,3
S2,BF-refine,21,1.0,5000,15,257.6357221174715,0.957723622271345,0.9639892987582414,0.6263584768902496,3
S2,BF-refine,22,1.0,5000,15,257.63779982509607,0.9576946358684768,0.9638344507445682,0.6263633798992377,3
S2,BF-refine,23,1.0,5000,15,257.6425924691687,0.9576946358684768,0.9638344507445685,0.6263633798992377,3
S2,BF-refine,24,1.0,5000,15,257.6357221174715,0.957723622271345,0.9639892987582415,0.6263584768902496,4
S2,BF-refine,25,1.0,5000,15,257.64165292368557,0.957723622271345,0.9639892987582415,0.6263584768902496,4
S2,BF-refine,26,1.0,5000,15,257.6383187153425,0.957723622271345,0.9639892987582415,0.6263584768902496,3
S2,BF-refine,27,1.0,5000,15,257.64165292368557,0.957723622271345,0.9639892987582415,0.6263584768902496,4
S2,BF-refine,28,1.0,5000,15,257.6425924691687,0.9576946358684768,0.9638344507445685,0.6263633798992377,2
S2,BF-refine,29,1.0,5000,15,257.6493437841631,0.9581377015049205,0.9644131623414998,0.6263422419649387,3
S2,BF-refine,30,1.0,5000,15,257.63673868058044,0.9576946358684768,0.9638344507445685,0.6263633798992377,4
S2,BF-refine,31,1.0,5000,15,257.64165292368557,0.957723622271345,0.9639892987582415,0.6263584768902496,3
S2,BF-refine,32,1.0,5000,15,257.6357221174715,0.957723622271345,0.9639892987582415,0.6263584768902496,4
S2,BF-refine,33,1.0,5000,15,257.6456902068434,0.9581237114006985,0.9643033440112997,0.6263585008635371,3
S2,BF-refine,34,1.0,5000,15,257.64165292368557,0.957723622271345,0.9639892987582415,0.6263584768902496,3
S2,BF-refine,35,1.0,5000,15,257.6493437841631,0.9581377015049205,0.9644131623415003,0.6263422419649387,3
S2,BF-refine,36,1.0,5000,15,257.6357221174715,0.957723622271345,0.9639892987582414,0.6263584768902496,3
S2,BF-refine,37,1.0,5000,15,257.64165292368557,0.957723622271345,0.9639892987582415,0.6263584768902496,4
S2,BF-refine,38,1.0,5000,15,257.63673868058044,0.9576946358684768,0.9638344507445685,0.6263633798992377,4
S2,BF-refine,39,1.0,5000,15,257.63779982509607,0.9576946358684768,0.9638344507445683,0.6263633798992377,3
S2,BF-refine,40,1.0,5000,15,257.63779982509607,0.9576946358684768,0.9638344507445683,0.6263633798992377,3
S2,BF-refine,41,1.0,5000,15,257.6357221174715,0.957723622271345,0.9639892987582415,0.6263584768902496,3
S2,BF-refine,42,1.0,5000,15,257.63643124177366,0.957723622271345,0.9639892987582414,0.6263584768902496,4
S2,BF-refine,43,1.0,5000,15,257.64165292368557,0.957723622271345,0.9639892987582415,0.6263584768902496,4
S2,BF-refine,44,1.0,5000,15,257.63673868058044,0.9576946358684768,0.9638344507445685,0.6263633798992377,3
S2,BF-refine,45,1.0,5000,15,257.63673868058044,0.9576946358684768,0.9638344507445685,0.6263633798992377,3
S2,BF-refine,46,1.0,5000,15,257.63673868058044,0.9576946358684768,0.9638344507445685,0.6263633798992377,3
S2,BF-refine,47,1.0,5000,15,257.63779982509607,0.9576946358684768,0.9638344507445683,0.6263633798992377,3
S2,BF-refine,48,1.0,5000,15,257.63779982509607,0.9576946358684768,0.9638344507445685,0.6263633798992377,3
S2,BF-refine,49,1.0,5000,15,257.64365361368425,0.9576946358684768,0.9638344507445683,0.6263633798992377,2
S2,KM-random,0,1.0,5000,15,329.7288506419879,0.8810339777589034,0.932506092420863,0.5762063612382796,18
S2,KM-random,1,1.0,5000,15,481.40517982456663,0.7565239958199402,0.8789561380226233,0.5201305710954574,22
S2,KM-random,2,1.0,5000,15,447.81594165476764,0.784455598180854,0.8933827704405756,0.519622127045875,16
S2,KM-random,3,1.0,5000,15,257.63779982509607,0.9576946358684768,0.9638344507445682,0.6263633798992377,7
S2,KM-random,4,1.0,5000,15,404.8153844938076,0.877303341040961,0.9347388312310788,0.5546904821552209,24
S2,KM-random,5,1.0,5000,15,257.6425924691687,0.9576946358684768,0.9638344507445683,0.6263633798992377,11
S2,KM-random,6,1.0,5000,15,412.5094524966365,0.8076671727301714,0.9026835520854,0.5650445422143512,11
S2,KM-random,7,1.0,5000,15,257.6388871497003,0.9576946358684768,0.9638344507445683,0.6263633798992377,12
S2,KM-random,8,1.0,5000,15,322.19636106835173,0.8731167480646055,0.9337108547127179,0.5804220342184899,15
S2,KM-random,9,1.0,5000,15,329.50255691262464,0.8673103905113616,0.9261318701656498,0.5683761068712192,25
S2,KM-random,10,1.0,5000,15,532.4604962565326,0.7648358097381793,0.886180359923099,0.46769734018095294,10
S2,KM-random,11,1.0,5000,15,487.8477520855427,0.7768932706249085,0.8915316385825901,0.521591072448691,22
S2,KM-random,12,1.0,5000,15,430.28457016743783,0.7971854795266741,0.9053348094592547,0.5323237058497158,9
S2,KM-random,13,1.0,5000,15,433.70910307828495,0.7968122756696991,0.8991674205043836,0.5441834135758289,9
S2,KM-random,14,1.0,5000,15,388.0477064949959,0.7904897075448719,0.9009489934481895,0.5246248115840079,15
S2,KM-random,15,1.0,5000,15,342.5327487610266,0.8571231541825365,0.9200872844536736,0.5642438055084323,8
S2,KM-random,16,1.0,5000,15,555.0674493635279,0.720134483319247,0.8669338854498221,0.47398322067444676,12
S2,KM-random,17,1.0,5000,15,312.58587176854184,0.8802790926550591,0.9354111621259631,0.5907323403083312,9
S2,KM-random,18,1.0,5000,15,437.04289793005177,0.7789306413033549,0.8917388601639761,0.5048898052171551,9
S2,KM-random,19,1.0,5000,15,257.6357221174715,0.957723622271345,0.9639892987582414,0.6263584768902496,13
S2,KM-random,20,1.0,5000,15,430.2518293694083,0.8592476424745656,0.9194469589352846,0.5535281542811566,8
S2,KM-random,21,1.0,5000,15,430.5411424108402,0.7936304790046665,0.8987340799157222,0.5340033749618511,18
S2,KM-random,22,1.0,5000,15,327.89054668897035,0.874906400508013,0.9310094115123905,0.5749211946498229,11
S2,KM-random,23,1.0,5000,15,430.9273555006124,0.7921963256323985,0.902001024563106,0.5279132192479806,19
S2,KM-random,24,1.0,5000,15,418.4498154559222,0.7920422817894154,0.8988966417159672,0.5434395130980649,16
S2,KM-random,25,1.0,5000,15,307.6314278769806,0.8783926784631718,0.9347313888114822,0.5959878907192838,26
S2,KM-random,26,1.0,5000,15,468.53480728470373,0.7880970695430917,0.899738094961854,0.5013165217932299,11
S2,KM-random,27,1.0,5000,15,511.08277383109385,0.8031945839834443,0.9010950531473411,0.5287859116314021,13
S2,KM-random,28,1.0,5000,15,322.5818542537861,0.8812986712680261,0.9327553997467597,0.5835842107156182,14
S2,KM-random,29,1.0,5000,15,579.0312416724569,0.7829949849601986,0.8934046158156891,0.502254809031733,12
S2,KM-random,30,1.0,5000,15,365.2846878675908,0.8736090802788642,0.9305346481386114,0.5754165989087999,16
S2,KM-random,31,1.0,5000,15,394.17684612500113,0.7825109979677215,0.8957296120301823,0.5358202933908386,16
S2,KM-random,32,1.0,5000,15,330.2925092478838,0.8722702635461603,0.9287204422685486,0.5681893003548865,13
S2,KM-random,33,1.0,5000,15,588.0330064684563,0.7295000011686075,0.8658941532633057,0.48345522158599286,16
S2,KM-random,34,1.0,5000,15,538.6009064488305,0.7898602166615191,0.8924263611387937,0.5020949871671715,21
S2,KM-random,35,1.0,5000,15,431.26323037519273,0.8712579748033997,0.9280271376808679,0.5584349457344614,12
S2,KM-random,36,1.0,5000,15,631.9100395896992,0.7064931390690065,0.8611554742749864,0.47214679133716775,14
S2,KM-random,37,1.0,5000,15,325.6563298891128,0.8770537047250834,0.9348131328086904,0.5685998460391047,13
S2,KM-random,38,1.0,5000,15,257.64165292368557,0.957723622271345,0.9639892987582415,0.6263584768902496,23
S2,KM-random,39,1.0,5000,15,428.69886364217035,0.7902377688268587,0.8946565741995368,0.523580861356728,16
S2,KM-random,40,1.0,5000,15,321.7913917072598,0.8778015054390095,0.9369057211731329,0.5913455775843769,13
S2,KM-random,41,1.0,5000,15,324.4475539460508,0.874165778435721,0.9319932131872039,0.5727362544324874,18
S2,KM-random,42,1.0,5000,15,430.98549139543206,0.7955603325509557,0.9027546437988522,0.529230877889921,16
S2,KM-random,43,1.0,5000,15,311.3678123363609,0.8823687205103613,0.9378600176793164,0.597171150215122,11
S2,KM-random,44,1.0,5000,15,464.8384070673624,0.7844343302271959,0.8895986092982671,0.5199751242271985,11
S2,KM-random,45,1.0,5000,15,386.55756244228303,0.8049425829576551,0.9065590088067493,0.542838994253619,17
S2,KM-random,46,1.0,5000,15,429.7156828360046,0.7966660029222737,0.9022273630755515,0.5395805311875235,16
S2,KM-random,47,1.0,5000,15,511.48378145686763,0.8027414625398066,0.9011597705538481,0.5231105830332677,17
S2,KM-random,48,1.0,5000,15,321.3971643546778,0.8686611469403558,0.9331438475977235,0.5762494394770805,13
S2,KM-random,49,1.0,5000,15,472.42258812287037,0.8129065447478716,0.9091662112014046,0.5395044551571991,25
S3,CCKM,-1,1.0,5000,15,537.3662652253048,,,0.43983598413160563,16
S3,Maxmin,-1,1.0,5000,15,481.8566914790247,,,0.4623368941029623,17
S3,KM++,0,1.0,5000,15,485.6351778281031,,,0.45673321553942275,12
S3,KM++,1,1.0,5000,15,528.0310121258306,,,0.4413127859625467,12
S3,KM++,2,1.0,5000,15,486.70371932855613,,,0.4520556709909606,14
S3,KM++,3,1.0,5000,15,483.8970689098197,,,0.45620255658278747,15
S3,KM++,4,1.0,5000,15,479.32868076852526,,,0.4599960201840663,18
S3,KM++,5,1.0,5000,15,482.9272390783384,,,0.46099214178309866,12
S3,KM++,6,1.0,5000,15,493.8492112487203,,,0.4680842167674454,19
S3,KM++,7,1.0,5000,15,481.0924100300435,,,0.4723278897074567,23
S3,KM++,8,1.0,5000,15,432.0179983595672,,,0.49195839766645394,12
S3,KM++,9,1.0,5000,15,432.05390105163434,,,0.4920913997928769,18
S3,KM++,10,1.0,5000,15,541.0063156294046,,,0.4480538722264129,30
S3,KM++,11,1.0,5000,15,432.06014195413945,,,0.4921126544382594,7
S3,KM++,12,1.0,5000,15,480.4935486393647,,,0.465061326774848,18
S3,KM++,13,1.0,5000,15,475.8258134903273,,,0.464765798017072,12
S3,KM++,14,1.0,5000,15,432.061004903836,,,0.49208280657408987,35
S3,KM++,15,1.0,5000,15,431.9989855494786,,,0.4921097986808447,19
S3,KM++,16,1.0,5000,15,482.80981422068425,,,0.4671649942513308,10
S3,KM++,17,1.0,5000,15,543.314587107597,,,0.43852713791004133,15
S3,KM++,18,1.0,5000,15,432.0597381338779,,,0.4919245712528896,11
S3,KM++,19,1.0,5000,15,527.3630122352954,,,0.43704240564793234,10
S3,KM++,20,1.0,5000,15,485.64208163860286,,,0.4566609897738929,11
S3,KM++,21,1.0,5000,15,484.5309582397138,,,0.4682139022348562,11
S3,KM++,22,1.0,5000,15,483.1924963935384,,,0.46925942829954637,18
S3,KM++,23,1.0,5000,15,583.3030035863105,,,0.41940568818521967,15
S3,KM++,24,1.0,5000,15,432.0020102786783,,,0.49204632274272253,8
S3,KM++,25,1.0,5000,15,476.39713275620386,,,0.4723376294726725,11
S3,KM++,26,1.0,5000,15,479.86413485950703,,,0.46108638898564785,21
S3,KM++,27,1.0,5000,15,478.3226903010561,,,0.46547913404093405,7
S3,KM++,28,1.0,5000,15,477.8736735711146,,,0.4681667471661367,14
S3,KM++,29,1.0,5000,15,480.98517228948845,,,0.4645151449951465,13
S3,KM++,30,1.0,5000,15,529.485323444029,,,0.4358893665398634,11
S3,KM++,31,1.0,5000,15,432.01268931415717,,,0.4920278038700537,30
S3,KM++,32,1.0,5000,15,535.1838622820823,,,0.4374447993171936,26
S3,KM++,33,1.0,5000,15,487.9262564188169,,,0.44945503288278577,13
S3,KM++,34,1.0,5000,15,480.98646338824005,,,0.4646399462769153,22
S3,KM++,35,1.0,5000,15,477.9124300842935,,,0.4682045718492656,23
S3,KM++,36,1.0,5000,15,491.0744433578495,,,0.4651919862115288,16
S3,KM++,37,1.0,5000,15,475.7266414374942,,,0.46880131869307295,11
S3,KM++,38,1.0,5000,15,432.01305424441995,,,0.49207219515929285,26
S3,KM++,39,1.0,5000,15,484.1105611662884,,,0.4535121211582493,13
S3,KM++,40,1.0,5000,15,540.6425409661307,,,0.44907171340722546,16
S3,KM++,41,1.0,5000,15,480.1188388532266,,,0.46976812578351157,30
S3,KM++,42,1.0,5000,15,432.00333636249155,,,0.49202955629226874,15
S3,KM++,43,1.0,5000,15,478.6408639312283,,,0.4604889501193162,12
S3,KM++,44,1.0,5000,15,488.5596604945343,,,0.4762818548549072,12
S3,KM++,45,1.0,5000,15,487.94116013021096,,,0.4488526828313322,13
S3,KM++,46,1.0,5000,15,483.98279263029895,,,0.4559702583369737,9
S3,KM++,47,1.0,5000,15,479.7912794846509,,,0.4694177512845412,15
S3,KM++,48,1.0,5000,15,491.3112440393483,,,0.4645237279300649,33
S3,KM++,49,1.0,5000,15,546.2788733712825,,,0.43024257157036283,20
S3,KM++greedy,0,1.0,5000,15,432.02377462017625,,,0.49192989119470765,18
S3,KM++greedy,1,1.0,5000,15,432.05247057826483,,,0.4920694392924506,18
S3,KM++greedy,2,1.0,5000,15,483.18817790253564,,,0.4617605004366392,31
S3,KM++greedy,3,1.0,5000,15,478.9605684066202,,,0.45995708429096793,12
S3,KM++greedy,4,1.0,5000,15,432.0262574700525,,,0.4919705219267967,6
S3,KM++greedy,5,1.0,5000,15,538.4599691806515,,,0.44441207700579427,10
S3,KM++greedy,6,1.0,5000,15,479.37140557054255,,,0.4602369125121328,12
S3,KM++greedy,7,1.0,5000,15,432.0787967512052,,,0.492112021434341,8
S3,KM++greedy,8,1.0,5000,15,432.02107470655847,,,0.49216841072357237,9
S3,KM++greedy,9,1.0,5000,15,432.0164956842594,,,0.4922009509761574,8
S3,KM++greedy,10,1.0,5000,15,482.7948149744567,,,0.46722060129439213,18
S3,KM++greedy,11,1.0,5000,15,535.5215616807332,,,0.43502296105421556,17
S3,KM++greedy,12,1.0,5000,15,479.200072522412,,,0.4579384521891041,18
S3,KM++greedy,13,1.0,5000,15,482.8148795679021,,,0.46710673124032476,8
S3,KM++greedy,14,1.0,5000,15,432.03526394229,,,0.4921397347493952,10
S3,KM++greedy,15,1.0,5000,15,432.07088001284654,,,0.49208539587751904,22
S3,KM++greedy,16,1.0,5000,15,482.6473624527548,,,0.4673350142672267,9
S3,KM++greedy,17,1.0,5000,15,533.0106026394689,,,0.43000773313601365,12
S3,KM++greedy,18,1.0,5000,15,432.0634733174648,,,0.49210111927143974,17
S3,KM++greedy,19,1.0,5000,15,432.0345065105095,,,0.49215083046710834,7
S3,KM++greedy,20,1.0,5000,15,476.0789505148384,,,0.46502168889394085,7
S3,KM++greedy,21,1.0,5000,15,432.05579403326544,,,0.4920561977306432,9
S3,KM++greedy,22,1.0,5000,15,483.3697032382805,,,0.465783957672834,12
S3,KM++greedy,23,1.0,5000,15,482.12430146518824,,,0.4709371090822883,7
S3,KM++greedy,24,1.0,5000,15,479.1390547356132,,,0.47160045327907174,23
S3,KM++greedy,25,1.0,5000,15,432.02136619929894,,,0.4922106395544402,10
S3,KM++greedy,26,1.0,5000,15,481.34768735505145,,,0.46562308388946966,10
S3,KM++greedy,27,1.0,5000,15,432.0664081390645,,,0.4920827403960826,10
S3,KM++greedy,28,1.0,5000,15,492.25368499229404,,,0.4642208571718941,9
S3,KM++greedy,29,1.0,5000,15,527.6996396799699,,,0.4386681896928083,13
S3,KM++greedy,30,1.0,5000,15,490.2836141272857,,,0.47035159519907993,22
S3,KM++greedy,31,1.0,5000,15,478.5227726286882,,,0.46653599972672655,24
S3,KM++greedy,32,1.0,5000,15,481.0376783016971,,,0.46967640299172037,23
S3,KM++greedy,33,1.0,5000,15,478.1463678505328,,,0.4712384622183559,18
S3,KM++greedy,34,1.0,5000,15,485.4274072694846,,,0.46062184623158847,10
S3,KM++greedy,35,1.0,5000,15,432.06337892431833,,,0.49203042758610627,14
S3,KM++greedy,36,1.0,5000,15,432.0405791354634,,,0.49194422697700413,10
S3,KM++greedy,37,1.0,5000,15,481.119232107309,,,0.47012495000782384,12
S3,KM++greedy,38,1.0,5000,15,482.11824223691997,,,0.467163798201821,19
S3,KM++greedy,39,1.0,5000,15,478.09855166268017,,,0.47125745636268074,13
S3,KM++greedy,40,1.0,5000,15,484.44897196315657,,,0.46194516712785444,12
S3,KM++greedy,41,1.0,5000,15,482.80895577694815,,,0.4672095390242617,18
S3,KM++greedy,42,1.0,5000,15,477.62375325013494,,,0.4676010329443577,15
S3,KM++greedy,43,1.0,5000,15,431.9982270819164,,,0.49208524923518926,14
S3,KM++greedy,44,1.0,5000,15,432.0246136854352,,,0.4920270463722168,8
S3,KM++greedy,45,1.0,5000,15,481.40604921920107,,,0.4737145253904934,22
S3,KM++greedy,46,1.0,5000,15,480.3026539553694,,,0.46915172820854023,10
S3,KM++greedy,47,1.0,5000,15,481.3680072912456,,,0.466189499027692,18
S3,KM++greedy,48,1.0,5000,15,528.9410351185572,,,0.4458479165266932,16
S3,KM++greedy,49,1.0,5000,15,432.0096529236654,,,0.49203199129780534,7
S3,BF-refine,0,1.0,5000,15,432.02714151501647,,,0.49227428488648695,4
S3,BF-refine,1,1.0,5000,15,432.02569890963446,,,0.4921750662980785,4
S3,BF-refine,2,1.0,5000,15,432.0096777780221,,,0.49206311013921095,4
S3,BF-refine,3,1.0,5000,15,432.04445199364847,,,0.4921337910245986,4
S3,BF-refine,4,1.0,5000,15,432.04681919134873,,,0.4919013616142817,4
S3,BF-refine,5,1.0,5000,15,432.07017859941374,,,0.49187378248003316,3
S3,BF-refine,6,1.0,5000,15,432.02143051127564,,,0.49219332254168074,5
S3,BF-refine,7,1.0,5000,15,431.9904197642083,,,0.49203298256205974,4
S3,BF-refine,8,1.0,5000,15,432.00224266469246,,,0.49210190013234495,4
S3,BF-refine,9,1.0,5000,15,432.0012768404943,,,0.49203360280919994,4
S3,BF-refine,10,1.0,5000,15,431.9988094391791,,,0.492037991139642,4
S3,BF-refine,11,1.0,5000,15,432.02277014856753,,,0.4922309648093703,4
S3,BF-refine,12,1.0,5000,15,432.00931096525557,,,0.4921942362206468,5
S3,BF-refine,13,1.0,5000,15,432.02035446482034,,,0.492120322691502,5
S3,BF-refine,14,1.0,5000,15,432.0010685018377,,,0.49204193008935626,4
S3,BF-refine,15,1.0,5000,15,432.02502051602187,,,0.4919727552634623,5
S3,BF-refine,16,1.0,5000,15,432.0070914647764,,,0.49210822763045436,3
S3,BF-refine,17,1.0,5000,15,432.01596949320566,,,0.49207223620638635,5
S3,BF-refine,18,1.0,5000,15,432.02439702899744,,,0.49221110093802345,4
S3,BF-refine,19,1.0,5000,15,431.9970696905897,,,0.4920059817742317,5
S3,BF-refine,20,1.0,5000,15,432.0055935722979,,,0.492046820639394,4
S3,BF-refine,21,1.0,5000,15,432.0127199716077,,,0.49200482454010014,4
S3,BF-refine,22,1.0,5000,15,432.0222883110932,,,0.492146268347648,5
S3,BF-refine,23,1.0,5000,15,431.9995686837123,,,0.492098819716951,4
S3,BF-refine,24,1.0,5000,15,432.0381124699621,,,0.4921530880607931,5
S3,BF-refine,25,1.0,5000,15,475.2842913583501,,,0.46925044034636687,8
S3,BF-refine,26,1.0,5000,15,432.021794547691,,,0.49218584470190146,5
S3,BF-refine,27,1.0,5000,15,432.0049859906046,,,0.4920521916576613,3
S3,BF-refine,28,1.0,5000,15,432.00233199506323,,,0.49217697057172854,6
S3,BF-refine,29,1.0,5000,15,487.0261798466289,,,0.4517768320797006,4
S3,BF-refine,30,1.0,5000,15,432.0121821669799,,,0.4919822012388326,4
S3,BF-refine,31,1.0,5000,15,431.9953970408717,,,0.4920958460437263,4
S3,BF-refine,32,1.0,5000,15,432.01520583874554,,,0.49222840560956993,4
S3,BF-refine,33,1.0,5000,15,432.01935524593455,,,0.4921644305157466,4
S3,BF-refine,34,1.0,5000,15,432.0678794201983,,,0.4920375182883392,5
S3,BF-refine,35,1.0,5000,15,432.05930671414006,,,0.4921755108023808,4
S3,BF-refine,36,1.0,5000,15,432.03627951544246,,,0.49216767943286177,5
S3,BF-refine,37,1.0,5000,15,432.0066026770187,,,0.4919786397510665,5
S3,BF-refine,38,1.0,5000,15,432.0659794788469,,,0.49207138072888557,3
S3,BF-refine,39,1.0,5000,15,432.0501443546084,,,0.4921046331823808,5
S3,BF-refine,40,1.0,5000,15,432.03573512830025,,,0.4919897438595756,5
S3,BF-refine,41,1.0,5000,15,432.01675599978097,,,0.4919160742424476,4
S3,BF-refine,42,1.0,5000,15,432.01615177408155,,,0.4919914586511957,4
S3,BF-refine,43,1.0,5000,15,432.0077646034531,,,0.4921147925776384,5
S3,BF-refine,44,1.0,5000,15,431.99729445083415,,,0.49210152714948635,4
S3,BF-refine,45,1.0,5000,15,432.03789163518417,,,0.492118445818289,4
S3,BF-refine,46,1.0,5000,15,432.04251336699974,,,0.4921128919393597,5
S3,BF-refine,47,1.0,5000,15,432.01831348395183,,,0.49225357296278516,4
S3,BF-refine,48,1.0,5000,15,432.0609286348807,,,0.49190585811640214,4
S3,BF-refine,49,1.0,5000,15,431.9960932783384,,,0.4920561923745392,5
S3,KM-random,0,1.0,5000,15,534.5624349821769,,,0.43752351986606197,15
S3,KM-random,1,1.0,5000,15,530.5631969027314,,,0.43569685476729175,22
S3,KM-random,2,1.0,5000,15,486.47291583808664,,,0.455584955609427,10
S3,KM-random,3,1.0,5000,15,487.6770083681169,,,0.47360620471809295,13
S3,KM-random,4,1.0,5000,15,545.0887396967352,,,0.43674046523004434,18
S3,KM-random,5,1.0,5000,15,482.650082597647,,,0.46266141016651857,42
S3,KM-random,6,1.0,5000,15,536.6718425533943,,,0.43779435338380024,13
S3,KM-random,7,1.0,5000,15,477.5919161959779,,,0.46821437299780344,17
S3,KM-random,8,1.0,5000,15,432.02859667691365,,,0.4919253682042523,18
S3,KM-random,9,1.0,5000,15,536.3315243217205,,,0.44357447596867017,12
S3,KM-random,10,1.0,5000,15,431.99791585321634,,,0.4919932209538853,16
S3,KM-random,11,1.0,5000,15,491.411522057839,,,0.46654130231608115,25
S3,KM-random,12,1.0,5000,15,491.0672451100643,,,0.47560165693471174,37
S3,KM-random,13,1.0,5000,15,490.4907165780228,,,0.4721371469102271,24
S3,KM-random,14,1.0,5000,15,432.0317620624362,,,0.49194660662832773,21
S3,KM-random,15,1.0,5000,15,432.06101268103976,,,0.49213061089962284,11
S3,KM-random,16,1.0,5000,15,480.80300342484065,,,0.4659327217417598,22
S3,KM-random,17,1.0,5000,15,483.8708100714891,,,0.46273064077963966,19
S3,KM-random,18,1.0,5000,15,484.6605854388764,,,0.46733440432815404,24
S3,KM-random,19,1.0,5000,15,481.1252018763875,,,0.46336823895126,16
S3,KM-random,20,1.0,5000,15,481.4399810303567,,,0.4719650251941769,9
S3,KM-random,21,1.0,5000,15,475.95483257322644,,,0.46508778035281156,12
S3,KM-random,22,1.0,5000,15,432.029884022983,,,0.4919425000003463,22
S3,KM-random,23,1.0,5000,15,482.99822695119053,,,0.46044751737190726,14
S3,KM-random,24,1.0,5000,15,540.8719249814833,,,0.4543053644309024,22
S3,KM-random,25,1.0,5000,15,495.5163269677309,,,0.4711773976225496,9
S3,KM-random,26,1.0,5000,15,484.2471558468118,,,0.45961438280291966,23
S3,KM-random,27,1.0,5000,15,479.78559725813807,,,0.468988354531985,18
S3,KM-random,28,1.0,5000,15,484.70123289384605,,,0.45784381160831983,15
S3,KM-random,29,1.0,5000,15,479.2834806228141,,,0.47220366414252624,9
S3,KM-random,30,1.0,5000,15,432.028798162542,,,0.49192989119470765,22
S3,KM-random,31,1.0,5000,15,537.3710185129016,,,0.41858291717031015,16
S3,KM-random,32,1.0,5000,15,482.65387913101245,,,0.4614585276829437,22
S3,KM-random,33,1.0,5000,15,483.3555376194961,,,0.4572050981230316,22
S3,KM-random,34,1.0,5000,15,494.5487805947807,,,0.47125338765782454,15
S3,KM-random,35,1.0,5000,15,491.761246080725,,,0.465794549932606,28
S3,KM-random,36,1.0,5000,15,485.51895632188865,,,0.4547771923335945,19
S3,KM-random,37,1.0,5000,15,483.9140692718645,,,0.45317171260665673,18
S3,KM-random,38,1.0,5000,15,486.78585456007465,,,0.4480029134960365,18
S3,KM-random,39,1.0,5000,15,490.4699110179951,,,0.4720488706447002,15
S3,KM-random,40,1.0,5000,15,527.3626503268033,,,0.43546811785168227,32
S3,KM-random,41,1.0,5000,15,483.90954460255654,,,0.45710556026560806,9
S3,KM-random,42,1.0,5000,15,538.0450225456661,,,0.43006729815691014,14
S3,KM-random,43,1.0,5000,15,486.9595840926735,,,0.4505124406104789,20
S3,KM-random,44,1.0,5000,15,479.1347110359036,,,0.47139847712611915,14
S3,KM-random,45,1.0,5000,15,540.2861343812423,,,0.44715468775906886,22
S3,KM-random,46,1.0,5000,15,486.82361896020046,,,0.47460329498295084,20
S3,KM-random,47,1.0,5000,15,480.64404886855675,,,0.47341181298219365,17
S3,KM-random,48,1.0,5000,15,477.4282985463945,,,0.4665418636385758,38
S3,KM-random,49,1.0,5000,15,528.5843154419312,,,0.45554698480925543,19
S4,CCKM,-1,1.0,5000,15,633.4039665145553,,,0.44969866550887383,49
S4,Maxmin,-1,1.0,5000,15,574.4407945635091,,,0.4673511330134708,30
S4,KM++,0,1.0,5000,15,544.0471444201751,,,0.4790399429414125,17
S4,KM++,1,1.0,5000,15,578.7225835554627,,,0.4623541576295767,43
S4,KM++,2,1.0,5000,15,604.7280172138812,,,0.4569845533737085,13
S4,KM++,3,1.0,5000,15,575.1026551877858,,,0.4624222974579903,55
S4,KM++,4,1.0,5000,15,586.762160047015,,,0.4690313086012482,37
S4,KM++,5,1.0,5000,15,593.6588656086617,,,0.45514018075032636,17
S4,KM++,6,1.0,5000,15,573.4771553172756,,,0.4685529955793496,29
S4,KM++,7,1.0,5000,15,601.6962154816987,,,0.4559827025474693,11
S4,KM++,8,1.0,5000,15,580.9240408981848,,,0.4690780083415528,12
S4,KM++,9,1.0,5000,15,643.7336914723572,,,0.4437074815768529,15
S4,KM++,10,1.0,5000,15,596.0380881568293,,,0.45924394582117495,16
S4,KM++,11,1.0,5000,15,597.4604922112514,,,0.455934886971541,24
S4,KM++,12,1.0,5000,15,573.833107592764,,,0.4675498967038042,18
S4,KM++,13,1.0,5000,15,630.0830205483273,,,0.44809480112148303,49
S4,KM++,14,1.0,5000,15,544.1620431105845,,,0.4790602090875267,26
S4,KM++,15,1.0,5000,15,586.762160047015,,,0.4690313086012482,44
S4,KM++,16,1.0,5000,15,683.0078632596523,,,0.42935566787070256,20
S4,KM++,17,1.0,5000,15,635.2628933559921,,,0.44688893310028405,21
S4,KM++,18,1.0,5000,15,589.9742171509715,,,0.46504027629693767,13
S4,KM++,19,1.0,5000,15,581.4444433334594,,,0.46548194827759726,12
S4,KM++,20,1.0,5000,15,574.8497012997434,,,0.4662235974408437,19
S4,KM++,21,1.0,5000,15,582.146571422904,,,0.4598643433354011,17
S4,KM++,22,1.0,5000,15,544.1584310325791,,,0.4790852857092956,25
S4,KM++,23,1.0,5000,15,621.1714351216306,,,0.447572996160369,24
S4,KM++,24,1.0,5000,15,544.048653174005,,,0.47897198188617557,31
S4,KM++,25,1.0,5000,15,580.6977863459017,,,0.46844603366765897,25
S4,KM++,26,1.0,5000,15,580.960195792472,,,0.46886609714190297,15
S4,KM++,27,1.0,5000,15,543.9947983686347,,,0.4791373209412698,28
S4,KM++,28,1.0,5000,15,621.9363350427113,,,0.4587524778594007,32
S4,KM++,29,1.0,5000,15,543.9928694755109,,,0.4789852139111218,11
S4,KM++,30,1.0,5000,15,544.0030060445939,,,0.4790431059848098,25
S4,KM++,31,1.0,5000,15,585.6739765886806,,,0.46764247300074674,27
S4,KM++,32,1.0,5000,15,592.1347906601238,,,0.46593687515714843,17
S4,KM++,33,1.0,5000,15,543.988181614406,,,0.47903381043098137,23
S4,KM++,34,1.0,5000,15,576.0611535676569,,,0.4632919790296041,16
S4,KM++,35,1.0,5000,15,575.4287935094823,,,0.4674893013020528,42
S4,KM++,36,1.0,5000,15,575.1855179506616,,,0.4662847285059001,62
S4,KM++,37,1.0,5000,15,633.3319476086428,,,0.4491478178626231,19
S4,KM++,38,1.0,5000,15,573.5464620773587,,,0.4682653749830739,23
S4,KM++,39,1.0,5000,15,686.5148600888612,,,0.43140684174101995,19
S4,KM++,40,1.0,5000,15,573.2806577810424,,,0.4697260829298984,74
S4,KM++,41,1.0,5000,15,588.016909222361,,,0.46888198732548664,18
S4,KM++,42,1.0,5000,15,573.3976595909763,,,0.46902732820690624,20
S4,KM++,43,1.0,5000,15,544.0114113178221,,,0.47900270429815867,19
S4,KM++,44,1.0,5000,15,591.2871271335595,,,0.45972915796564623,13
S4,KM++,45,1.0,5000,15,587.9681842555505,,,0.46890342637835564,16
S4,KM++,46,1.0,5000,15,588.0315771116609,,,0.47036756999085466,20
S4,KM++,47,1.0,5000,15,604.7117975251089,,,0.4556961052034015,18
S4,KM++,48,1.0,5000,15,580.5548557690381,,,0.46883076538985385,17
S4,KM++,49,1.0,5000,15,585.6435237575874,,,0.4674518110055121,28
S4,KM++greedy,0,1.0,5000,15,586.7158247304029,,,0.4698436933461945,17
S4,KM++greedy,1,1.0,5000,15,575.004921347024,,,0.466929816135443,11
S4,KM++greedy,2,1.0,5000,15,544.0284528091548,,,0.47898173811162686,10
S4,KM++greedy,3,1.0,5000,15,592.1488690714287,,,0.4660218993638214,15
S4,KM++greedy,4,1.0,5000,15,587.9738914191586,,,0.4689158194344353,14
S4,KM++greedy,5,1.0,5000,15,544.0378688157496,,,0.47911126836205187,10
S4,KM++greedy,6,1.0,5000,15,543.995419388969,,,0.47896933113054463,26
S4,KM++greedy,7,1.0,5000,15,582.6798998901008,,,0.4667267231961002,10
S4,KM++greedy,8,1.0,5000,15,544.0491636593094,,,0.478995810330505,34
S4,KM++greedy,9,1.0,5000,15,573.3100370507301,,,0.46918025822692355,16
S4,KM++greedy,10,1.0,5000,15,623.9191605548996,,,0.45516349025567854,9
S4,KM++greedy,11,1.0,5000,15,581.007707359112,,,0.4678717028390154,24
S4,KM++greedy,12,1.0,5000,15,574.0944107455969,,,0.46534386330989,14
S4,KM++greedy,13,1.0,5000,15,589.8773740911873,,,0.46140485540267,9
S4,KM++greedy,14,1.0,5000,15,573.2424153590674,,,0.469847910230677,32
S4,KM++greedy,15,1.0,5000,15,544.1943607482161,,,0.47910552129337464,19
S4,KM++greedy,16,1.0,5000,15,579.2951453198423,,,0.4627735372250707,18
S4,KM++greedy,17,1.0,5000,15,579.3553480821041,,,0.4628769851414721,30
S4,KM++greedy,18,1.0,5000,15,630.0823057670932,,,0.44828044432390823,12
S4,KM++greedy,19,1.0,5000,15,544.0549059248283,,,0.47906660510046806,47
S4,KM++greedy,20,1.0,5000,15,588.0015007210835,,,0.4636669431649885,18
S4,KM++greedy,21,1.0,5000,15,586.5143574508594,,,0.46529177195994154,14
S4,KM++greedy,22,1.0,5000,15,544.1713452961114,,,0.47912258969074445,15
S4,KM++greedy,23,1.0,5000,15,544.000202052086,,,0.4789826584459841,17
S4,KM++greedy,24,1.0,5000,15,577.5613589782804,,,0.46581136153069835,10
S4,KM++greedy,25,1.0,5000,15,575.711638192428,,,0.46234676808507863,28
S4,KM++greedy,26,1.0,5000,15,575.3965532755452,,,0.4632541938177488,19
S4,KM++greedy,27,1.0,5000,15,586.5967914634635,,,0.46852181705460516,12
S4,KM++greedy,28,1.0,5000,15,544.0833467837344,,,0.47891952440959756,13
S4,KM++greedy,29,1.0,5000,15,544.013522932138,,,0.47914592227707964,10
S4,KM++greedy,30,1.0,5000,15,641.7340581224602,,,0.4457693801540579,13
S4,KM++greedy,31,1.0,5000,15,578.5948727704066,,,0.46257244638757966,20
S4,KM++greedy,32,1.0,5000,15,544.2447387837416,,,0.4788699728743179,11
S4,KM++greedy,33,1.0,5000,15,633.5648805480565,,,0.4488568891482303,17
S4,KM++greedy,34,1.0,5000,15,582.6950575987963,,,0.466792872287598,13
S4,KM++greedy,35,1.0,5000,15,573.296806034413,,,0.46967280920540905,24
S4,KM++greedy,36,1.0,5000,15,544.0240642089816,,,0.4791583377940078,20
S4,KM++greedy,37,1.0,5000,15,617.5437041912168,,,0.445043702416624,23
S4,KM++greedy,38,1.0,5000,15,574.3400603968356,,,0.4618390995425513,25
S4,KM++greedy,39,1.0,5000,15,544.1664937492969,,,0.47903385025730166,13
S4,KM++greedy,40,1.0,5000,15,575.6074085277563,,,0.46695025828815306,16
S4,KM++greedy,41,1.0,5000,15,584.6769940274946,,,0.468602682362751,10
S4,KM++greedy,42,1.0,5000,15,572.023143475176,,,0.4636264425757929,16
S4,KM++greedy,43,1.0,5000,15,574.9519967982433,,,0.4688788171859562,20
S4,KM++greedy,44,1.0,5000,15,544.2164120627963,,,0.4790884883455657,15
S4,KM++greedy,45,1.0,5000,15,544.0407554326046,,,0.47911637673066043,20
S4,KM++greedy,46,1.0,5000,15,573.8241621509294,,,0.46581822202125384,14
S4,KM++greedy,47,1.0,5000,15,544.2192455723838,,,0.4789805312684514,11
S4,KM++greedy,48,1.0,5000,15,574.2929102360813,,,0.4652656961966111,16
S4,KM++greedy,49,1.0,5000,15,628.6027434116088,,,0.438463413268807,11
S4,BF-refine,0,1.0,5000,15,544.030981175119,,,0.4790326899800589,6
S4,BF-refine,1,1.0,5000,15,544.0096142367562,,,0.47909559209186237,8
S4,BF-refine,2,1.0,5000,15,574.8724740427491,,,0.46904448945543026,14
S4,BF-refine,3,1.0,5000,15,544.1662296175534,,,0.4790630146874869,7
S4,BF-refine,4,1.0,5000,15,573.3179412504588,,,0.4700491657271454,8
S4,BF-refine,5,1.0,5000,15,544.1585169306334,,,0.47908262874888513,10
S4,BF-refine,6,1.0,5000,15,544.1632843304466,,,0.47913286701994295,7
S4,BF-refine,7,1.0,5000,15,544.0501353024139,,,0.4789399073041688,6
S4,BF-refine,8,1.0,5000,15,544.1426392549636,,,0.47912555699442455,6
S4,BF-refine,9,1.0,5000,15,543.9881350410044,,,0.4791203659665416,10
S4,BF-refine,10,1.0,5000,15,543.9944106290892,,,0.47910043637680655,5
S4,BF-refine,11,1.0,5000,15,544.0523521616185,,,0.47915227915356784,6
S4,BF-refine,12,1.0,5000,15,544.0220369594305,,,0.47908566356581306,5
S4,BF-refine,13,1.0,5000,15,544.0163620210474,,,0.47907527839407366,6
S4,BF-refine,14,1.0,5000,15,544.0755915914527,,,0.479034078799531,7
S4,BF-refine,15,1.0,5000,15,544.0972031226462,,,0.47899265746668107,6
S4,BF-refine,16,1.0,5000,15,544.0048343664978,,,0.47913752839335566,7
S4,BF-refine,17,1.0,5000,15,544.1777004292028,,,0.47911051382502085,7
S4,BF-refine,18,1.0,5000,15,544.0542052896315,,,0.47913477818379907,8
S4,BF-refine,19,1.0,5000,15,544.0685123655385,,,0.47913619677595254,4
S4,BF-refine,20,1.0,5000,15,544.0124910677622,,,0.47908486788101307,5
S4,BF-refine,21,1.0,5000,15,544.0217794148875,,,0.4790086549459636,8
S4,BF-refine,22,1.0,5000,15,544.0056438643257,,,0.47902114380653904,4
S4,BF-refine,23,1.0,5000,15,544.568351986135,,,0.478721236609018,7
S4,BF-refine,24,1.0,5000,15,544.1390808754437,,,0.4789792579579806,5
S4,BF-refine,25,1.0,5000,15,543.992415337465,,,0.4789545609923096,4
S4,BF-refine,26,1.0,5000,15,544.1818832309715,,,0.4789453077141188,7
S4,BF-refine,27,1.0,5000,15,544.0584196740189,,,0.47910960325359075,8
S4,BF-refine,28,1.0,5000,15,544.1632088615489,,,0.4790901086402844,8
S4,BF-refine,29,1.0,5000,15,544.0726003880993,,,0.47915273155540383,7
S4,BF-refine,30,1.0,5000,15,544.1133934174593,,,0.47910447083969676,5
S4,BF-refine,31,1.0,5000,15,544.1650292898287,,,0.47901910780005175,5
S4,BF-refine,32,1.0,5000,15,544.2525024483149,,,0.47889900998530993,6
S4,BF-refine,33,1.0,5000,15,544.0404752142374,,,0.4791035990834858,10
S4,BF-refine,34,1.0,5000,15,544.0524786224435,,,0.4790248160006454,8
S4,BF-refine,35,1.0,5000,15,544.0670862138355,,,0.47915340166346926,5
S4,BF-refine,36,1.0,5000,15,544.1654337822492,,,0.4790969366739555,7
S4,BF-refine,37,1.0,5000,15,544.0327437903926,,,0.4790976768368606,4
S4,BF-refine,38,1.0,5000,15,543.9852507364554,,,0.47904211838681887,7
S4,BF-refine,39,1.0,5000,15,544.0179669445125,,,0.47908313242358525,6
S4,BF-refine,40,1.0,5000,15,544.017375179087,,,0.4791450126246361,7
S4,BF-refine,41,1.0,5000,15,544.1646722429988,,,0.47904894484903326,6
S4,BF-refine,42,1.0,5000,15,543.9978097463367,,,0.47910322903180147,5
S4,BF-refine,43,1.0,5000,15,544.1596021960236,,,0.4791070725752192,7
S4,BF-refine,44,1.0,5000,15,544.0179350477321,,,0.4791002100945397,8
S4,BF-refine,45,1.0,5000,15,544.040223261382,,,0.47906880418978953,7
S4,BF-refine,46,1.0,5000,15,544.0533835899405,,,0.47900390947101706,5
S4,BF-refine,47,1.0,5000,15,544.2342217909402,,,0.47892838442724006,7
S4,BF-refine,48,1.0,5000,15,544.0448256310932,,,0.47909155366118167,6
S4,BF-refine,49,1.0,5000,15,544.0315241175346,,,0.47907009535304534,6
S4,KM-random,0,1.0,5000,15,586.7538387361176,,,0.4689893809110992,36
S4,KM-random,1,1.0,5000,15,544.2332847508087,,,0.47893955129425086,13
S4,KM-random,2,1.0,5000,15,544.0707549025817,,,0.4791399811071673,22
S4,KM-random,3,1.0,5000,15,641.6267022758049,,,0.44448292568185244,18
S4,KM-random,4,1.0,5000,15,664.738747928009,,,0.4316114164190126,18
S4,KM-random,5,1.0,5000,15,575.7020392904984,,,0.46244618621309075,31
S4,KM-random,6,1.0,5000,15,579.3598894933234,,,0.46287520046113156,39
S4,KM-random,7,1.0,5000,15,677.9184636508231,,,0.4397080932992318,38
S4,KM-random,8,1.0,5000,15,629.4364071710655,,,0.4437918039587426,23
S4,KM-random,9,1.0,5000,15,671.1555496723935,,,0.44363455475079827,34
S4,KM-random,10,1.0,5000,15,596.6555591412431,,,0.4608254700125003,22
S4,KM-random,11,1.0,5000,15,587.9045050234821,,,0.46939261126983955,32
S4,KM-random,12,1.0,5000,15,596.8943524595974,,,0.46057037721695615,20
S4,KM-random,13,1.0,5000,15,573.8581320163784,,,0.4658123445533167,39
S4,KM-random,14,1.0,5000,15,544.0005836366629,,,0.4790931025766316,38
S4,KM-random,15,1.0,5000,15,582.6550467905242,,,0.4671921360779472,13
S4,KM-random,16,1.0,5000,15,636.0102666974545,,,0.44263244528065543,16
S4,KM-random,17,1.0,5000,15,543.9933181588995,,,0.478980201086959,37
S4,KM-random,18,1.0,5000,15,574.9447800346211,,,0.46621294859582885,13
S4,KM-random,19,1.0,5000,15,544.0412978913204,,,0.479051505574522,16
S4,KM-random,20,1.0,5000,15,573.3108472381258,,,0.46926639747841764,29
S4,KM-random,21,1.0,5000,15,586.7538387361176,,,0.4689893809110992,90
S4,KM-random,22,1.0,5000,15,592.3316020114878,,,0.4660065191955373,18
S4,KM-random,23,1.0,5000,15,676.9240119426412,,,0.4394814686736252,19
S4,KM-random,24,1.0,5000,15,576.5403519470817,,,0.4652908178313358,50
S4,KM-random,25,1.0,5000,15,582.6830723673405,,,0.46722640223439393,38
S4,KM-random,26,1.0,5000,15,579.3470466396353,,,0.4628773129729245,23
S4,KM-random,27,1.0,5000,15,641.556149954816,,,0.44161218997407853,31
S4,KM-random,28,1.0,5000,15,544.0466861079357,,,0.4790656987079583,20
S4,KM-random,29,1.0,5000,15,636.0774217970666,,,0.44272237460799363,16
S4,KM-random,30,1.0,5000,15,635.6023730736408,,,0.4448938913715081,24
S4,KM-random,31,1.0,5000,15,624.8122722403426,,,0.439427329895878,27
S4,KM-random,32,1.0,5000,15,579.4673505091469,,,0.4626974509065907,31
S4,KM-random,33,1.0,5000,15,586.7000264973514,,,0.4689704912716337,24
S4,KM-random,34,1.0,5000,15,575.356984218313,,,0.46578447415349183,45
S4,KM-random,35,1.0,5000,15,618.1480266102789,,,0.4415897689909212,25
S4,KM-random,36,1.0,5000,15,586.7538387361176,,,0.4689893809110992,57
S4,KM-random,37,1.0,5000,15,544.0555606225948,,,0.47900246498034577,22
S4,KM-random,38,1.0,5000,15,544.0474533126899,,,0.47905490109634213,25
S4,KM-random,39,1.0,5000,15,582.9382325387371,,,0.46520514296380927,17
S4,KM-random,40,1.0,5000,15,585.6206317122766,,,0.4675914313109815,34
S4,KM-random,41,1.0,5000,15,544.0922404856894,,,0.4788724964860983,22
S4,KM-random,42,1.0,5000,15,633.3259504180393,,,0.4491972971913858,31
S4,KM-random,43,1.0,5000,15,587.9567118117943,,,0.46893426096411084,81
S4,KM-random,44,1.0,5000,15,689.8237157331428,,,0.4320950425535347,25
S4,KM-random,45,1.0,5000,15,544.1633120327502,,,0.4790969366739555,30
S4,KM-random,46,1.0,5000,15,644.3779571451892,,,0.44671022797990445,21
S4,KM-random,47,1.0,5000,15,585.717687552174,,,0.46823265700368577,32
S4,KM-random,48,1.0,5000,15,544.006255583978,,,0.47894044680489223,60
S4,KM-random,49,1.0,5000,15,588.080420140765,,,0.46876987550706,13
