dataset,method,seed,EVR2,SSE,ARI,NMI,SH,IT
Iris,CCKM,-1,0.9581320720000165,115.02075663594017,0.6201351808870379,0.659486892724918,0.5091683341503112,6
Iris,Maxmin,-1,0.9581320720000165,116.01774316704265,0.645147003482001,0.6612870494395353,0.5049971595611055,7
Iris,KM++,0,0.9581320720000165,166.04203950421922,0.432804702527474,0.5895674488004073,0.5227910941733038,6
Iris,KM++,1,0.9581320720000165,115.18647050742716,0.6011286543750637,0.6478741489729217,0.5113245176427448,9
Iris,KM++,2,0.9581320720000165,115.18647050742716,0.6011286543750637,0.6478741489729217,0.5113245176427448,7
Iris,KM++,3,0.9581320720000165,115.18647050742716,0.6011286543750637,0.6478741489729217,0.5113245176427448,9
Iris,KM++,4,0.9581320720000165,115.18647050742716,0.6011286543750637,0.6478741489729217,0.5113245176427448,5
Iris,KM++,5,0.9581320720000165,115.02075663594017,0.6201351808870379,0.659486892724918,0.5091683341503112,5
Iris,KM++,6,0.9581320720000165,116.01774316704265,0.645147003482001,0.6612870494395353,0.5049971595611055,8
Iris,KM++,7,0.9581320720000165,115.21629013217213,0.6410058621782706,0.6728438383674812,0.5051958003632493,4
Iris,KM++,8,0.9581320720000165,115.18647050742716,0.6011286543750637,0.6478741489729217,0.5113245176427448,8
Iris,KM++,9,0.9581320720000165,115.18647050742716,0.6011286543750637,0.6478741489729217,0.5113245176427448,8
Iris,KM++,10,0.9581320720000165,115.18647050742716,0.6011286543750637,0.6478741489729217,0.5113245176427448,10
Iris,KM++,11,0.9581320720000165,115.18647050742716,0.6011286543750637,0.6478741489729217,0.5113245176427448,9
Iris,KM++,12,0.9581320720000165,115.18647050742716,0.6011286543750637,0.6478741489729217,0.5113245176427448,10
Iris,KM++,13,0.9581320720000165,115.18647050742716,0.6011286543750637,0.6478741489729217,0.5113245176427448,10
Iris,KM++,14,0.9581320720000165,115.02075663594017,0.6201351808870379,0.659486892724918,0.5091683341503112,5
Iris,KM++,15,0.9581320720000165,115.18647050742716,0.6011286543750637,0.6478741489729217,0.5113245176427448,8
Iris,KM++,16,0.9581320720000165,116.01774316704265,0.645147003482001,0.6612870494395353,0.5049971595611055,4
Iris,KM++,17,0.9581320720000165,115.18647050742716,0.6011286543750637,0.6478741489729217,0.5113245176427448,6
Iris,KM++,18,0.9581320720000165,166.04203950421922,0.432804702527474,0.5895674488004073,0.5227910941733038,7
Iris,KM++,19,0.9581320720000165,115.02075663594017,0.6201351808870379,0.659486892724918,0.5091683341503112,5
Iris,KM++,20,0.9581320720000165,166.04203950421922,0.432804702527474,0.5895674488004073,0.5227910941733038,3
Iris,KM++,21,0.9581320720000165,115.18647050742716,0.6011286543750637,0.6478741489729217,0.5113245176427448,11
Iris,KM++,22,0.9581320720000165,166.04203950421922,0.432804702527474,0.5895674488004073,0.5227910941733038,8
Iris,KM++,23,0.9581320720000165,115.18647050742716,0.6011286543750637,0.6478741489729217,0.5113245176427448,10
Iris,KM++,24,0.9581320720000165,116.01774316704265,0.645147003482001,0.6612870494395353,0.5049971595611055,8
Iris,KM++,25,0.9581320720000165,116.01774316704265,0.645147003482001,0.6612870494395353,0.5049971595611055,6
Iris,KM++,26,0.9581320720000165,166.04203950421922,0.432804702527474,0.5895674488004073,0.5227910941733038,4
Iris,KM++,27,0.9581320720000165,116.01774316704265,0.645147003482001,0.6612870494395353,0.5049971595611055,9
Iris,KM++,28,0.9581320720000165,115.18647050742716,0.6011286543750637,0.6478741489729217,0.5113245176427448,7
Iris,KM++,29,0.9581320720000165,116.01774316704265,0.645147003482001,0.6612870494395353,0.5049971595611055,7
Iris,KM++,30,0.9581320720000165,172.52414960104005,0.46994578558395356,0.6609201554556504,0.5374643759140026,2
Iris,KM++,31,0.9581320720000165,115.02075663594017,0.6201351808870379,0.659486892724918,0.5091683341503112,3
Iris,KM++,32,0.9581320720000165,115.18647050742716,0.6011286543750637,0.6478741489729217,0.5113245176427448,8
Iris,KM++,33,0.9581320720000165,115.18647050742716,0.6011286543750637,0.6478741489729217,0.5113245176427448,11
Iris,KM++,34,0.9581320720000165,115.21629013217213,0.6410058621782706,0.6728438383674812,0.5051958003632493,6
Iris,KM++,35,0.9581320720000165,116.01774316704265,0.645147003482001,0.6612870494395353,0.5049971595611055,5
Iris,KM++,36,0.9581320720000165,115.02075663594017,0.6201351808870379,0.659486892724918,0.5091683341503112,7
Iris,KM++,37,0.9581320720000165,116.01774316704265,0.645147003482001,0.6612870494395353,0.5049971595611055,8
Iris,KM++,38,0.9581320720000165,115.18647050742716,0.6011286543750637,0.6478741489729217,0.5113245176427448,8
Iris,KM++,39,0.9581320720000165,172.3580883642157,0.4485802359999086,0.6261924738422052,0.5172888128119534,4
Iris,KM++,40,0.9581320720000165,116.01774316704265,0.645147003482001,0.6612870494395353,0.5049971595611055,7
Iris,KM++,41,0.9581320720000165,115.02075663594017,0.6201351808870379,0.659486892724918,0.5091683341503112,3
Iris,KM++,42,0.9581320720000165,116.01774316704265,0.645147003482001,0.6612870494395353,0.5049971595611055,4
Iris,KM++,43,0.9581320720000165,166.04203950421922,0.432804702527474,0.5895674488004073,0.5227910941733038,6
Iris,KM++,44,0.9581320720000165,115.18647050742716,0.6011286543750637,0.6478741489729217,0.5113245176427448,8
Iris,KM++,45,0.9581320720000165,115.18647050742716,0.6011286543750637,0.6478741489729217,0.5113245176427448,8
Iris,KM++,46,0.9581320720000165,166.04203950421922,0.432804702527474,0.5895674488004073,0.5227910941733038,5
Iris,KM++,47,0.9581320720000165,116.01774316704265,0.645147003482001,0.6612870494395353,0.5049971595611055,3
Iris,KM++,48,0.9581320720000165,116.01774316704265,0.645147003482001,0.6612870494395353,0.5049971595611055,6
Iris,KM++,49,0.9581320720000165,115.18647050742716,0.6011286543750637,0.6478741489729217,0.5113245176427448,8
Iris,KM++greedy,0,0.9581320720000165,115.02075663594017,0.6201351808870379,0.659486892724918,0.5091683341503112,4
Iris,KM++greedy,1,0.9581320720000165,116.01774316704265,0.645147003482001,0.6612870494395353,0.5049971595611055,5
Iris,KM++greedy,2,0.9581320720000165,115.21629013217213,0.6410058621782706,0.6728438383674812,0.5051958003632493,7
Iris,KM++greedy,3,0.9581320720000165,115.02075663594017,0.6201351808870379,0.659486892724918,0.5091683341503112,3
Iris,KM++greedy,4,0.9581320720000165,115.18647050742716,0.6011286543750637,0.6478741489729217,0.5113245176427448,7
Iris,KM++greedy,5,0.9581320720000165,116.01774316704265,0.645147003482001,0.6612870494395353,0.5049971595611055,4
Iris,KM++greedy,6,0.9581320720000165,172.34640703319758,0.45666038938324494,0.6548220287056097,0.5252568101445705,2
Iris,KM++greedy,7,0.9581320720000165,116.01774316704265,0.645147003482001,0.6612870494395353,0.5049971595611055,6
Iris,KM++greedy,8,0.9581320720000165,115.18647050742716,0.6011286543750637,0.6478741489729217,0.5113245176427448,9
Iris,KM++greedy,9,0.9581320720000165,166.04203950421922,0.432804702527474,0.5895674488004073,0.5227910941733038,2
Iris,KM++greedy,10,0.9581320720000165,116.01774316704265,0.645147003482001,0.6612870494395353,0.5049971595611055,4
Iris,KM++greedy,11,0.9581320720000165,116.01774316704265,0.645147003482001,0.6612870494395353,0.5049971595611055,6
Iris,KM++greedy,12,0.9581320720000165,115.21629013217213,0.6410058621782706,0.6728438383674812,0.5051958003632493,6
Iris,KM++greedy,13,0.9581320720000165,116.01774316704265,0.645147003482001,0.6612870494395353,0.5049971595611055,5
Iris,KM++greedy,14,0.9581320720000165,116.01774316704265,0.645147003482001,0.6612870494395353,0.5049971595611055,6
Iris,KM++greedy,15,0.9581320720000165,116.01774316704265,0.645147003482001,0.6612870494395353,0.5049971595611055,5
Iris,KM++greedy,16,0.9581320720000165,166.04203950421922,0.432804702527474,0.5895674488004073,0.5227910941733038,9
Iris,KM++greedy,17,0.9581320720000165,115.21629013217213,0.6410058621782706,0.6728438383674812,0.5051958003632493,3
Iris,KM++greedy,18,0.9581320720000165,115.18647050742716,0.6011286543750637,0.6478741489729217,0.5113245176427448,9
Iris,KM++greedy,19,0.9581320720000165,166.04203950421922,0.432804702527474,0.5895674488004073,0.5227910941733038,7
Iris,KM++greedy,20,0.9581320720000165,115.18647050742716,0.6011286543750637,0.6478741489729217,0.5113245176427448,6
Iris,KM++greedy,21,0.9581320720000165,116.01774316704265,0.645147003482001,0.6612870494395353,0.5049971595611055,8
Iris,KM++greedy,22,0.9581320720000165,116.01774316704265,0.645147003482001,0.6612870494395353,0.5049971595611055,6
Iris,KM++greedy,23,0.9581320720000165,116.01774316704265,0.645147003482001,0.6612870494395353,0.5049971595611055,6
Iris,KM++greedy,24,0.9581320720000165,115.18647050742716,0.6011286543750637,0.6478741489729217,0.5113245176427448,9
Iris,KM++greedy,25,0.9581320720000165,115.18647050742716,0.6011286543750637,0.6478741489729217,0.5113245176427448,7
Iris,KM++greedy,26,0.9581320720000165,115.18647050742716,0.6011286543750637,0.6478741489729217,0.5113245176427448,8
Iris,KM++greedy,27,0.9581320720000165,115.18647050742716,0.6011286543750637,0.6478741489729217,0.5113245176427448,7
Iris,KM++greedy,28,0.9581320720000165,115.18647050742716,0.6011286543750637,0.6478741489729217,0.5113245176427448,10
Iris,KM++greedy,29,0.9581320720000165,115.02075663594017,0.6201351808870379,0.659486892724918,0.5091683341503112,4
Iris,KM++greedy,30,0.9581320720000165,115.02075663594017,0.6201351808870379,0.659486892724918,0.5091683341503112,3
Iris,KM++greedy,31,0.9581320720000165,116.01774316704265,0.645147003482001,0.6612870494395353,0.5049971595611055,4
Iris,KM++greedy,32,0.9581320720000165,116.01774316704265,0.645147003482001,0.6612870494395353,0.5049971595611055,6
Iris,KM++greedy,33,0.9581320720000165,115.18647050742716,0.6011286543750637,0.6478741489729217,0.5113245176427448,9
Iris,KM++greedy,34,0.9581320720000165,166.04203950421922,0.432804702527474,0.5895674488004073,0.5227910941733038,5
Iris,KM++greedy,35,0.9581320720000165,115.18647050742716,0.6011286543750637,0.6478741489729217,0.5113245176427448,8
Iris,KM++greedy,36,0.9581320720000165,115.18647050742716,0.6011286543750637,0.6478741489729217,0.5113245176427448,9
Iris,KM++greedy,37,0.9581320720000165,115.21629013217213,0.6410058621782706,0.6728438383674812,0.5051958003632493,2
Iris,KM++greedy,38,0.9581320720000165,116.01774316704265,0.645147003482001,0.6612870494395353,0.5049971595611055,5
Iris,KM++greedy,39,0.9581320720000165,116.01774316704265,0.645147003482001,0.6612870494395353,0.5049971595611055,4
Iris,KM++greedy,40,0.9581320720000165,115.18647050742716,0.6011286543750637,0.6478741489729217,0.5113245176427448,7
Iris,KM++greedy,41,0.9581320720000165,115.21629013217213,0.6410058621782706,0.6728438383674812,0.5051958003632493,3
Iris,KM++greedy,42,0.9581320720000165,166.04203950421922,0.432804702527474,0.5895674488004073,0.5227910941733038,5
Iris,KM++greedy,43,0.9581320720000165,115.18647050742716,0.6011286543750637,0.6478741489729217,0.5113245176427448,10
Iris,KM++greedy,44,0.9581320720000165,115.21629013217213,0.6410058621782706,0.6728438383674812,0.5051958003632493,3
Iris,KM++greedy,45,0.9581320720000165,115.18647050742716,0.6011286543750637,0.6478741489729217,0.5113245176427448,6
Iris,KM++greedy,46,0.9581320720000165,115.18647050742716,0.6011286543750637,0.6478741489729217,0.5113245176427448,10
Iris,KM++greedy,47,0.9581320720000165,115.18647050742716,0.6011286543750637,0.6478741489729217,0.5113245176427448,8
Iris,KM++greedy,48,0.9581320720000165,115.02075663594017,0.6201351808870379,0.659486892724918,0.5091683341503112,4
Iris,KM++greedy,49,0.9581320720000165,116.01774316704265,0.645147003482001,0.6612870494395353,0.5049971595611055,4
Iris,BF-refine,0,0.9581320720000165,115.18647050742716,0.6011286543750637,0.6478741489729217,0.5113245176427448,7
Iris,BF-refine,1,0.9581320720000165,116.01774316704265,0.645147003482001,0.6612870494395353,0.5049971595611055,6
Iris,BF-refine,2,0.9581320720000165,115.21629013217213,0.6410058621782706,0.6728438383674812,0.5051958003632493,5
Iris,BF-refine,3,0.9581320720000165,115.18647050742716,0.6011286543750637,0.6478741489729217,0.5113245176427448,5
Iris,BF-refine,4,0.9581320720000165,115.02075663594017,0.6201351808870379,0.659486892724918,0.5091683341503112,4
Iris,BF-refine,5,0.9581320720000165,116.01774316704265,0.645147003482001,0.6612870494395353,0.5049971595611055,2
Iris,BF-refine,6,0.9581320720000165,115.18647050742716,0.6011286543750637,0.6478741489729217,0.5113245176427448,6
Iris,BF-refine,7,0.9581320720000165,115.18647050742716,0.6011286543750637,0.6478741489729217,0.5113245176427448,6
Iris,BF-refine,8,0.9581320720000165,115.21629013217213,0.6410058621782706,0.6728438383674812,0.5051958003632493,2
Iris,BF-refine,9,0.9581320720000165,166.04203950421922,0.432804702527474,0.5895674488004073,0.5227910941733038,2
Iris,BF-refine,10,0.9581320720000165,115.21629013217213,0.6410058621782706,0.672843838367481,0.5051958003632493,4
Iris,BF-refine,11,0.9581320720000165,115.18647050742716,0.6011286543750637,0.6478741489729217,0.5113245176427448,5
Iris,BF-refine,12,0.9581320720000165,115.21629013217213,0.6410058621782706,0.6728438383674812,0.5051958003632493,3
Iris,BF-refine,13,0.9581320720000165,115.02075663594017,0.6201351808870379,0.659486892724918,0.5091683341503112,5
Iris,BF-refine,14,0.9581320720000165,115.21629013217213,0.6410058621782706,0.672843838367481,0.5051958003632493,5
Iris,BF-refine,15,0.9581320720000165,115.18647050742716,0.6011286543750637,0.6478741489729217,0.5113245176427448,7
Iris,BF-refine,16,0.9581320720000165,115.18647050742716,0.6011286543750637,0.6478741489729217,0.5113245176427448,9
Iris,BF-refine,17,0.9581320720000165,115.02075663594017,0.6201351808870379,0.659486892724918,0.5091683341503112,3
Iris,BF-refine,18,0.9581320720000165,115.18647050742716,0.6011286543750637,0.6478741489729217,0.5113245176427448,11
Iris,BF-refine,19,0.9581320720000165,116.01774316704265,0.645147003482001,0.6612870494395353,0.5049971595611055,2
Iris,BF-refine,20,0.9581320720000165,115.21629013217213,0.6410058621782706,0.6728438383674812,0.5051958003632493,4
Iris,BF-refine,21,0.9581320720000165,115.21629013217213,0.6410058621782706,0.6728438383674812,0.5051958003632493,3
Iris,BF-refine,22,0.9581320720000165,116.01774316704265,0.645147003482001,0.6612870494395353,0.5049971595611055,5
Iris,BF-refine,23,0.9581320720000165,116.01774316704265,0.645147003482001,0.6612870494395353,0.5049971595611055,2
Iris,BF-refine,24,0.9581320720000165,116.01774316704265,0.645147003482001,0.6612870494395353,0.5049971595611055,4
Iris,BF-refine,25,0.9581320720000165,116.01774316704265,0.645147003482001,0.6612870494395353,0.5049971595611055,6
Iris,BF-refine,26,0.9581320720000165,115.02075663594017,0.6201351808870379,0.659486892724918,0.5091683341503112,2
Iris,BF-refine,27,0.9581320720000165,116.01774316704265,0.645147003482001,0.6612870494395353,0.5049971595611055,8
Iris,BF-refine,28,0.9581320720000165,115.18647050742716,0.6011286543750637,0.6478741489729217,0.5113245176427448,9
Iris,BF-refine,29,0.9581320720000165,116.01774316704265,0.645147003482001,0.6612870494395353,0.5049971595611055,2
Iris,BF-refine,30,0.9581320720000165,116.01774316704265,0.645147003482001,0.6612870494395353,0.5049971595611055,3
Iris,BF-refine,31,0.9581320720000165,115.02075663594017,0.6201351808870379,0.659486892724918,0.5091683341503112,5
Iris,BF-refine,32,0.9581320720000165,115.18647050742716,0.6011286543750637,0.6478741489729217,0.5113245176427448,7
Iris,BF-refine,33,0.9581320720000165,116.01774316704265,0.645147003482001,0.6612870494395353,0.5049971595611055,5
Iris,BF-refine,34,0.9581320720000165,116.01774316704265,0.645147003482001,0.6612870494395353,0.5049971595611055,3
Iris,BF-refine,35,0.9581320720000165,116.01774316704265,0.645147003482001,0.6612870494395353,0.5049971595611055,2
Iris,BF-refine,36,0.9581320720000165,115.18647050742716,0.6011286543750637,0.6478741489729217,0.5113245176427448,7
Iris,BF-refine,37,0.9581320720000165,115.21629013217213,0.6410058621782706,0.6728438383674812,0.5051958003632493,2
Iris,BF-refine,38,0.9581320720000165,115.18647050742716,0.6011286543750637,0.6478741489729217,0.5113245176427448,6
Iris,BF-refine,39,0.9581320720000165,115.18647050742716,0.6011286543750637,0.6478741489729217,0.5113245176427448,5
Iris,BF-refine,40,0.9581320720000165,115.18647050742716,0.6011286543750637,0.6478741489729217,0.5113245176427448,7
Iris,BF-refine,41,0.9581320720000165,116.01774316704265,0.645147003482001,0.6612870494395353,0.5049971595611055,7
Iris,BF-refine,42,0.9581320720000165,115.21629013217213,0.6410058621782706,0.6728438383674812,0.5051958003632493,5
Iris,BF-refine,43,0.9581320720000165,116.01774316704265,0.645147003482001,0.6612870494395353,0.5049971595611055,6
Iris,BF-refine,44,0.9581320720000165,116.01774316704265,0.645147003482001,0.6612870494395353,0.5049971595611055,4
Iris,BF-refine,45,0.9581320720000165,115.02075663594017,0.6201351808870379,0.659486892724918,0.5091683341503112,5
Iris,BF-refine,46,0.9581320720000165,115.18647050742716,0.6011286543750637,0.6478741489729217,0.5113245176427448,8
Iris,BF-refine,47,0.9581320720000165,115.02075663594017,0.6201351808870379,0.659486892724918,0.5091683341503112,2
Iris,BF-refine,48,0.9581320720000165,115.02075663594017,0.6201351808870379,0.659486892724918,0.5091683341503112,4
Iris,BF-refine,49,0.9581320720000165,115.18647050742716,0.6011286543750637,0.6478741489729217,0.5113245176427448,10
Iris,KM-random,0,0.9581320720000165,115.18647050742716,0.6011286543750637,0.6478741489729217,0.5113245176427448,10
Iris,KM-random,1,0.9581320720000165,116.01774316704265,0.645147003482001,0.6612870494395353,0.5049971595611055,5
Iris,KM-random,2,0.9581320720000165,166.04203950421922,0.432804702527474,0.5895674488004073,0.5227910941733038,6
Iris,KM-random,3,0.9581320720000165,116.01774316704265,0.645147003482001,0.6612870494395353,0.5049971595611055,8
Iris,KM-random,4,0.9581320720000165,115.18647050742716,0.6011286543750637,0.6478741489729217,0.5113245176427448,11
Iris,KM-random,5,0.9581320720000165,116.01774316704265,0.645147003482001,0.6612870494395353,0.5049971595611055,6
Iris,KM-random,6,0.9581320720000165,116.01774316704265,0.645147003482001,0.6612870494395353,0.5049971595611055,9
Iris,KM-random,7,0.9581320720000165,115.18647050742716,0.6011286543750637,0.6478741489729217,0.5113245176427448,10
Iris,KM-random,8,0.9581320720000165,166.04203950421922,0.432804702527474,0.5895674488004073,0.5227910941733038,7
Iris,KM-random,9,0.9581320720000165,115.18647050742716,0.6011286543750637,0.6478741489729217,0.5113245176427448,11
Iris,KM-random,10,0.9581320720000165,115.21629013217213,0.6410058621782706,0.672843838367481,0.5051958003632493,4
Iris,KM-random,11,0.9581320720000165,116.01774316704265,0.645147003482001,0.6612870494395353,0.5049971595611055,4
Iris,KM-random,12,0.9581320720000165,116.01774316704265,0.645147003482001,0.6612870494395353,0.5049971595611055,2
Iris,KM-random,13,0.9581320720000165,115.18647050742716,0.6011286543750637,0.6478741489729217,0.5113245176427448,12
Iris,KM-random,14,0.9581320720000165,116.01774316704265,0.645147003482001,0.6612870494395353,0.5049971595611055,7
Iris,KM-random,15,0.9581320720000165,115.18647050742716,0.6011286543750637,0.6478741489729217,0.5113245176427448,8
Iris,KM-random,16,0.9581320720000165,116.01774316704265,0.645147003482001,0.6612870494395353,0.5049971595611055,9
Iris,KM-random,17,0.9581320720000165,115.18647050742716,0.6011286543750637,0.6478741489729217,0.5113245176427448,11
Iris,KM-random,18,0.9581320720000165,116.01774316704265,0.645147003482001,0.6612870494395353,0.5049971595611055,4
Iris,KM-random,19,0.9581320720000165,116.01774316704265,0.645147003482001,0.6612870494395353,0.5049971595611055,7
Iris,KM-random,20,0.9581320720000165,116.01774316704265,0.645147003482001,0.6612870494395353,0.5049971595611055,9
Iris,KM-random,21,0.9581320720000165,116.01774316704265,0.645147003482001,0.6612870494395353,0.5049971595611055,7
Iris,KM-random,22,0.9581320720000165,115.18647050742716,0.6011286543750637,0.6478741489729217,0.5113245176427448,9
Iris,KM-random,23,0.9581320720000165,115.02075663594017,0.6201351808870379,0.659486892724918,0.5091683341503112,4
Iris,KM-random,24,0.9581320720000165,115.02075663594017,0.6201351808870379,0.659486892724918,0.5091683341503112,6
Iris,KM-random,25,0.9581320720000165,115.02075663594017,0.6201351808870379,0.659486892724918,0.5091683341503112,5
Iris,KM-random,26,0.9581320720000165,115.02075663594017,0.6201351808870379,0.659486892724918,0.5091683341503112,6
Iris,KM-random,27,0.9581320720000165,172.52414960104005,0.46994578558395356,0.6609201554556504,0.5374643759140026,4
Iris,KM-random,28,0.9581320720000165,116.01774316704265,0.645147003482001,0.6612870494395353,0.5049971595611055,9
Iris,KM-random,29,0.9581320720000165,116.01774316704265,0.645147003482001,0.6612870494395353,0.5049971595611055,6
Iris,KM-random,30,0.9581320720000165,172.52414960104005,0.46994578558395356,0.6609201554556504,0.5374643759140026,4
Iris,KM-random,31,0.9581320720000165,115.21629013217213,0.6410058621782706,0.672843838367481,0.5051958003632493,7
Iris,KM-random,32,0.9581320720000165,115.18647050742716,0.6011286543750637,0.6478741489729217,0.5113245176427448,7
Iris,KM-random,33,0.9581320720000165,116.01774316704265,0.645147003482001,0.6612870494395353,0.5049971595611055,8
Iris,KM-random,34,0.9581320720000165,115.20815424261336,0.6302367346938775,0.665590288299027,0.5060442974565746,4
Iris,KM-random,35,0.9581320720000165,115.18647050742716,0.6011286543750637,0.6478741489729217,0.5113245176427448,5
Iris,KM-random,36,0.9581320720000165,115.18647050742716,0.6011286543750637,0.6478741489729217,0.5113245176427448,7
Iris,KM-random,37,0.9581320720000165,115.21629013217213,0.6410058621782706,0.672843838367481,0.5051958003632493,4
Iris,KM-random,38,0.9581320720000165,172.52414960104005,0.46994578558395356,0.6609201554556504,0.5374643759140026,2
Iris,KM-random,39,0.9581320720000165,115.18647050742716,0.6011286543750637,0.6478741489729217,0.5113245176427448,9
Iris,KM-random,40,0.9581320720000165,115.18647050742716,0.6011286543750637,0.6478741489729217,0.5113245176427448,9
Iris,KM-random,41,0.9581320720000165,115.18647050742716,0.6011286543750637,0.6478741489729217,0.5113245176427448,8
Iris,KM-random,42,0.9581320720000165,116.01774316704265,0.645147003482001,0.6612870494395353,0.5049971595611055,5
Iris,KM-random,43,0.9581320720000165,116.01774316704265,0.645147003482001,0.6612870494395353,0.5049971595611055,7
Iris,KM-random,44,0.9581320720000165,116.01774316704265,0.645147003482001,0.6612870494395353,0.5049971595611055,4
Iris,KM-random,45,0.9581320720000165,115.18647050742716,0.6011286543750637,0.6478741489729217,0.5113245176427448,13
Iris,KM-random,46,0.9581320720000165,115.21629013217213,0.6410058621782706,0.672843838367481,0.5051958003632493,7
Iris,KM-random,47,0.9581320720000165,116.01774316704265,0.645147003482001,0.6612870494395353,0.5049971595611055,6
Iris,KM-random,48,0.9581320720000165,116.01774316704265,0.645147003482001,0.6612870494395353,0.5049971595611055,8
Iris,KM-random,49,0.9581320720000165,115.02075663594017,0.6201351808870379,0.659486892724918,0.5091683341503112,4
Seeds,CCKM,-1,0.8898248618491236,270.33169345851064,0.7850359051341558,0.7384069651104698,0.49343048696031894,7
Seeds,Maxmin,-1,0.8898248618491236,270.4896708173134,0.7504797925423856,0.7088278911704359,0.49284349162400853,8
Seeds,KM++,0,0.8898248618491236,271.2782589031853,0.7492966572066588,0.7069544741504367,0.4962493016453046,4
Seeds,KM++,1,0.8898248618491236,270.98064943163814,0.7730246875577171,0.7307315088111603,0.49518076849043513,4
Seeds,KM++,2,0.8898248618491236,270.4896708173134,0.7504797925423856,0.7088278911704359,0.49284349162400853,11
Seeds,KM++,3,0.8898248618491236,271.2782589031853,0.7492966572066588,0.7069544741504367,0.4962493016453046,7
Seeds,KM++,4,0.8898248618491236,270.98064943163814,0.7730246875577171,0.7307315088111603,0.49518076849043513,6
Seeds,KM++,5,0.8898248618491236,270.33169345851064,0.7850359051341558,0.7384069651104698,0.49343048696031894,7
Seeds,KM++,6,0.8898248618491236,270.4896708173134,0.7504797925423856,0.7088278911704359,0.49284349162400853,11
Seeds,KM++,7,0.8898248618491236,270.4896708173134,0.7504797925423856,0.7088278911704357,0.49284349162400853,10
Seeds,KM++,8,0.8898248618491236,271.2782589031853,0.7492966572066588,0.7069544741504364,0.4962493016453046,4
Seeds,KM++,9,0.8898248618491236,270.4896708173134,0.7504797925423856,0.7088278911704359,0.49284349162400853,11
Seeds,KM++,10,0.8898248618491236,271.2782589031853,0.7492966572066588,0.7069544741504366,0.4962493016453046,6
Seeds,KM++,11,0.8898248618491236,270.33169345851064,0.7850359051341558,0.7384069651104698,0.49343048696031894,7
Seeds,KM++,12,0.8898248618491236,270.33169345851064,0.7850359051341558,0.7384069651104698,0.49343048696031894,6
Seeds,KM++,13,0.8898248618491236,270.4896708173134,0.7504797925423856,0.7088278911704357,0.49284349162400853,10
Seeds,KM++,14,0.8898248618491236,270.4896708173134,0.7504797925423856,0.7088278911704358,0.49284349162400853,7
Seeds,KM++,15,0.8898248618491236,270.4896708173134,0.7504797925423856,0.7088278911704357,0.49284349162400853,12
Seeds,KM++,16,0.8898248618491236,270.4896708173134,0.7504797925423856,0.7088278911704359,0.49284349162400853,15
Seeds,KM++,17,0.8898248618491236,270.4896708173134,0.7504797925423856,0.7088278911704357,0.49284349162400853,7
Seeds,KM++,18,0.8898248618491236,270.4896708173134,0.7504797925423856,0.7088278911704359,0.49284349162400853,8
Seeds,KM++,19,0.8898248618491236,270.4896708173134,0.7504797925423856,0.7088278911704357,0.49284349162400853,13
Seeds,KM++,20,0.8898248618491236,270.33169345851064,0.7850359051341558,0.7384069651104698,0.49343048696031894,7
Seeds,KM++,21,0.8898248618491236,270.98064943163814,0.7730246875577171,0.7307315088111603,0.49518076849043513,4
Seeds,KM++,22,0.8898248618491236,271.2782589031853,0.7492966572066588,0.7069544741504364,0.4962493016453046,6
Seeds,KM++,23,0.8898248618491236,270.4896708173134,0.7504797925423856,0.7088278911704357,0.49284349162400853,11
Seeds,KM++,24,0.8898248618491236,270.4896708173134,0.7504797925423856,0.7088278911704358,0.49284349162400853,11
Seeds,KM++,25,0.8898248618491236,270.4896708173134,0.7504797925423856,0.7088278911704357,0.49284349162400853,14
Seeds,KM++,26,0.8898248618491236,270.4896708173134,0.7504797925423856,0.7088278911704359,0.49284349162400853,11
Seeds,KM++,27,0.8898248618491236,270.4896708173134,0.7504797925423856,0.7088278911704358,0.49284349162400853,7
Seeds,KM++,28,0.8898248618491236,270.4896708173134,0.7504797925423856,0.7088278911704357,0.49284349162400853,9
Seeds,KM++,29,0.8898248618491236,270.4896708173134,0.7504797925423856,0.7088278911704359,0.49284349162400853,4
Seeds,KM++,30,0.8898248618491236,270.4896708173134,0.7504797925423856,0.7088278911704358,0.49284349162400853,8
Seeds,KM++,31,0.8898248618491236,270.4896708173134,0.7504797925423856,0.7088278911704359,0.49284349162400853,4
Seeds,KM++,32,0.8898248618491236,270.4896708173134,0.7504797925423856,0.7088278911704359,0.49284349162400853,5
Seeds,KM++,33,0.8898248618491236,271.2782589031853,0.7492966572066588,0.7069544741504367,0.4962493016453046,7
Seeds,KM++,34,0.8898248618491236,270.78593590719026,0.7579931685726785,0.7195270869194474,0.4940713202647466,4
Seeds,KM++,35,0.8898248618491236,270.4896708173134,0.7504797925423856,0.7088278911704358,0.49284349162400853,8
Seeds,KM++,36,0.8898248618491236,270.4896708173134,0.7504797925423856,0.7088278911704358,0.49284349162400853,11
Seeds,KM++,37,0.8898248618491236,270.4896708173134,0.7504797925423856,0.7088278911704359,0.49284349162400853,11
Seeds,KM++,38,0.8898248618491236,270.4896708173134,0.7504797925423856,0.7088278911704358,0.49284349162400853,7
Seeds,KM++,39,0.8898248618491236,270.4896708173134,0.7504797925423856,0.7088278911704359,0.49284349162400853,5
Seeds,KM++,40,0.8898248618491236,270.4896708173134,0.7504797925423856,0.7088278911704359,0.49284349162400853,8
Seeds,KM++,41,0.8898248618491236,270.33169345851064,0.7850359051341558,0.7384069651104698,0.49343048696031894,7
Seeds,KM++,42,0.8898248618491236,270.33169345851064,0.7850359051341558,0.7384069651104698,0.49343048696031894,6
Seeds,KM++,43,0.8898248618491236,270.4896708173134,0.7504797925423856,0.7088278911704359,0.49284349162400853,8
Seeds,KM++,44,0.8898248618491236,270.4896708173134,0.7504797925423856,0.7088278911704357,0.49284349162400853,7
Seeds,KM++,45,0.8898248618491236,270.4896708173134,0.7504797925423856,0.7088278911704359,0.49284349162400853,8
Seeds,KM++,46,0.8898248618491236,270.4896708173134,0.7504797925423856,0.7088278911704357,0.49284349162400853,13
Seeds,KM++,47,0.8898248618491236,270.78593590719026,0.7579931685726785,0.7195270869194474,0.4940713202647466,4
Seeds,KM++,48,0.8898248618491236,270.4896708173134,0.7504797925423856,0.7088278911704357,0.49284349162400853,12
Seeds,KM++,49,0.8898248618491236,271.2782589031853,0.7492966572066588,0.7069544741504367,0.4962493016453046,5
Seeds,KM++greedy,0,0.8898248618491236,270.4896708173134,0.7504797925423856,0.7088278911704359,0.49284349162400853,7
Seeds,KM++greedy,1,0.8898248618491236,270.4707661971807,0.7732937360806309,0.727864144698467,0.4920009878711082,6
Seeds,KM++greedy,2,0.8898248618491236,270.4896708173134,0.7504797925423856,0.7088278911704359,0.49284349162400853,6
Seeds,KM++greedy,3,0.8898248618491236,270.4896708173134,0.7504797925423856,0.7088278911704359,0.49284349162400853,4
Seeds,KM++greedy,4,0.8898248618491236,270.78593590719026,0.7579931685726785,0.7195270869194474,0.4940713202647466,4
Seeds,KM++greedy,5,0.8898248618491236,270.4896708173134,0.7504797925423856,0.7088278911704357,0.49284349162400853,6
Seeds,KM++greedy,6,0.8898248618491236,270.4896708173134,0.7504797925423856,0.7088278911704357,0.49284349162400853,8
Seeds,KM++greedy,7,0.8898248618491236,270.98064943163814,0.7730246875577171,0.7307315088111603,0.49518076849043513,3
Seeds,KM++greedy,8,0.8898248618491236,270.4896708173134,0.7504797925423856,0.7088278911704359,0.49284349162400853,7
Seeds,KM++greedy,9,0.8898248618491236,270.33169345851064,0.7850359051341558,0.7384069651104698,0.49343048696031894,6
Seeds,KM++greedy,10,0.8898248618491236,270.33169345851064,0.7850359051341558,0.7384069651104698,0.49343048696031894,7
Seeds,KM++greedy,11,0.8898248618491236,270.4896708173134,0.7504797925423856,0.7088278911704357,0.49284349162400853,9
Seeds,KM++greedy,12,0.8898248618491236,270.78593590719026,0.7579931685726785,0.7195270869194474,0.4940713202647466,4
Seeds,KM++greedy,13,0.8898248618491236,270.33169345851064,0.7850359051341558,0.7384069651104698,0.49343048696031894,7
Seeds,KM++greedy,14,0.8898248618491236,270.7846598065425,0.7714895718109315,0.7315413206350085,0.49491039855606367,3
Seeds,KM++greedy,15,0.8898248618491236,270.33169345851064,0.7850359051341558,0.7384069651104698,0.49343048696031894,7
Seeds,KM++greedy,16,0.8898248618491236,270.4896708173134,0.7504797925423856,0.7088278911704357,0.49284349162400853,6
Seeds,KM++greedy,17,0.8898248618491236,271.2782589031853,0.7492966572066588,0.7069544741504366,0.4962493016453046,5
Seeds,KM++greedy,18,0.8898248618491236,271.2782589031853,0.7492966572066588,0.7069544741504366,0.4962493016453046,5
Seeds,KM++greedy,19,0.8898248618491236,270.78593590719026,0.7579931685726785,0.7195270869194474,0.4940713202647466,4
Seeds,KM++greedy,20,0.8898248618491236,270.4896708173134,0.7504797925423856,0.7088278911704359,0.49284349162400853,7
Seeds,KM++greedy,21,0.8898248618491236,270.4896708173134,0.7504797925423856,0.7088278911704358,0.49284349162400853,10
Seeds,KM++greedy,22,0.8898248618491236,271.2782589031853,0.7492966572066588,0.7069544741504367,0.4962493016453046,5
Seeds,KM++greedy,23,0.8898248618491236,270.33169345851064,0.7850359051341558,0.7384069651104698,0.49343048696031894,6
Seeds,KM++greedy,24,0.8898248618491236,270.33169345851064,0.7850359051341558,0.7384069651104698,0.49343048696031894,7
Seeds,KM++greedy,25,0.8898248618491236,270.4896708173134,0.7504797925423856,0.7088278911704359,0.49284349162400853,7
Seeds,KM++greedy,26,0.8898248618491236,271.2782589031853,0.7492966572066588,0.7069544741504366,0.4962493016453046,4
Seeds,KM++greedy,27,0.8898248618491236,270.4896708173134,0.7504797925423856,0.7088278911704359,0.49284349162400853,11
Seeds,KM++greedy,28,0.8898248618491236,270.4896708173134,0.7504797925423856,0.7088278911704357,0.49284349162400853,8
Seeds,KM++greedy,29,0.8898248618491236,270.4896708173134,0.7504797925423856,0.7088278911704359,0.49284349162400853,7
Seeds,KM++greedy,30,0.8898248618491236,270.4896708173134,0.7504797925423856,0.7088278911704357,0.49284349162400853,7
Seeds,KM++greedy,31,0.8898248618491236,270.4896708173134,0.7504797925423856,0.7088278911704357,0.49284349162400853,7
Seeds,KM++greedy,32,0.8898248618491236,270.33169345851064,0.7850359051341558,0.7384069651104698,0.49343048696031894,4
Seeds,KM++greedy,33,0.8898248618491236,270.4896708173134,0.7504797925423856,0.7088278911704358,0.49284349162400853,7
Seeds,KM++greedy,34,0.8898248618491236,271.2782589031853,0.7492966572066588,0.7069544741504366,0.4962493016453046,6
Seeds,KM++greedy,35,0.8898248618491236,270.4896708173134,0.7504797925423856,0.7088278911704359,0.49284349162400853,7
Seeds,KM++greedy,36,0.8898248618491236,270.4896708173134,0.7504797925423856,0.7088278911704357,0.49284349162400853,8
Seeds,KM++greedy,37,0.8898248618491236,270.33169345851064,0.7850359051341558,0.7384069651104698,0.49343048696031894,6
Seeds,KM++greedy,38,0.8898248618491236,270.4896708173134,0.7504797925423856,0.7088278911704359,0.49284349162400853,5
Seeds,KM++greedy,39,0.8898248618491236,270.4896708173134,0.7504797925423856,0.7088278911704359,0.49284349162400853,7
Seeds,KM++greedy,40,0.8898248618491236,270.78593590719026,0.7579931685726785,0.7195270869194474,0.4940713202647466,3
Seeds,KM++greedy,41,0.8898248618491236,270.4896708173134,0.7504797925423856,0.7088278911704358,0.49284349162400853,7
Seeds,KM++greedy,42,0.8898248618491236,270.4896708173134,0.7504797925423856,0.7088278911704359,0.49284349162400853,5
Seeds,KM++greedy,43,0.8898248618491236,270.4896708173134,0.7504797925423856,0.7088278911704358,0.49284349162400853,7
Seeds,KM++greedy,44,0.8898248618491236,270.4896708173134,0.7504797925423856,0.7088278911704359,0.49284349162400853,6
Seeds,KM++greedy,45,0.8898248618491236,271.2782589031853,0.7492966572066588,0.7069544741504367,0.4962493016453046,5
Seeds,KM++greedy,46,0.8898248618491236,271.2782589031853,0.7492966572066588,0.7069544741504367,0.4962493016453046,3
Seeds,KM++greedy,47,0.8898248618491236,271.2782589031853,0.7492966572066588,0.7069544741504366,0.4962493016453046,4
Seeds,KM++greedy,48,0.8898248618491236,270.7846598065425,0.7714895718109315,0.7315413206350087,0.49491039855606367,6
Seeds,KM++greedy,49,0.8898248618491236,270.4896708173134,0.7504797925423856,0.7088278911704359,0.49284349162400853,13
Seeds,BF-refine,0,0.8898248618491236,270.72480307634163,0.7721533890752921,0.7288638509770071,0.4932148091695254,4
Seeds,BF-refine,1,0.8898248618491236,271.2782589031853,0.7492966572066588,0.7069544741504364,0.4962493016453046,3
Seeds,BF-refine,2,0.8898248618491236,270.33169345851064,0.7850359051341558,0.7384069651104698,0.49343048696031894,8
Seeds,BF-refine,3,0.8898248618491236,270.4896708173134,0.7504797925423856,0.7088278911704358,0.49284349162400853,4
Seeds,BF-refine,4,0.8898248618491236,270.4896708173134,0.7504797925423856,0.7088278911704358,0.49284349162400853,2
Seeds,BF-refine,5,0.8898248618491236,270.98064943163814,0.7730246875577171,0.7307315088111603,0.49518076849043513,2
Seeds,BF-refine,6,0.8898248618491236,270.4896708173134,0.7504797925423856,0.7088278911704358,0.49284349162400853,3
Seeds,BF-refine,7,0.8898248618491236,270.33169345851064,0.7850359051341558,0.7384069651104698,0.49343048696031894,5
Seeds,BF-refine,8,0.8898248618491236,270.4896708173134,0.7504797925423856,0.7088278911704357,0.49284349162400853,5
Seeds,BF-refine,9,0.8898248618491236,270.33169345851064,0.7850359051341558,0.7384069651104698,0.49343048696031894,4
Seeds,BF-refine,10,0.8898248618491236,270.33169345851064,0.7850359051341558,0.7384069651104698,0.49343048696031894,7
Seeds,BF-refine,11,0.8898248618491236,270.4707661971807,0.7732937360806309,0.727864144698467,0.4920009878711082,4
Seeds,BF-refine,12,0.8898248618491236,270.33169345851064,0.7850359051341558,0.7384069651104698,0.49343048696031894,7
Seeds,BF-refine,13,0.8898248618491236,270.78593590719026,0.7579931685726785,0.7195270869194474,0.4940713202647466,2
Seeds,BF-refine,14,0.8898248618491236,270.98064943163814,0.7730246875577171,0.7307315088111603,0.49518076849043513,2
Seeds,BF-refine,15,0.8898248618491236,270.7846598065425,0.7714895718109315,0.7315413206350085,0.49491039855606367,4
Seeds,BF-refine,16,0.8898248618491236,270.4896708173134,0.7504797925423856,0.7088278911704357,0.49284349162400853,5
Seeds,BF-refine,17,0.8898248618491236,270.4896708173134,0.7504797925423856,0.7088278911704359,0.49284349162400853,3
Seeds,BF-refine,18,0.8898248618491236,270.4896708173134,0.7504797925423856,0.7088278911704359,0.49284349162400853,3
Seeds,BF-refine,19,0.8898248618491236,270.4896708173134,0.7504797925423856,0.7088278911704359,0.49284349162400853,4
Seeds,BF-refine,20,0.8898248618491236,270.4896708173134,0.7504797925423856,0.7088278911704359,0.49284349162400853,6
Seeds,BF-refine,21,0.8898248618491236,270.33169345851064,0.7850359051341558,0.7384069651104698,0.49343048696031894,3
Seeds,BF-refine,22,0.8898248618491236,270.33169345851064,0.7850359051341558,0.7384069651104698,0.49343048696031894,6
Seeds,BF-refine,23,0.8898248618491236,270.33169345851064,0.7850359051341558,0.7384069651104698,0.49343048696031894,5
Seeds,BF-refine,24,0.8898248618491236,270.4707661971807,0.7732937360806309,0.727864144698467,0.4920009878711082,5
Seeds,BF-refine,25,0.8898248618491236,270.4896708173134,0.7504797925423856,0.7088278911704359,0.49284349162400853,3
Seeds,BF-refine,26,0.8898248618491236,270.4707661971807,0.7732937360806309,0.727864144698467,0.4920009878711082,5
Seeds,BF-refine,27,0.8898248618491236,270.4896708173134,0.7504797925423856,0.7088278911704359,0.49284349162400853,3
Seeds,BF-refine,28,0.8898248618491236,270.7846598065425,0.7714895718109315,0.7315413206350085,0.49491039855606367,5
Seeds,BF-refine,29,0.8898248618491236,270.4896708173134,0.7504797925423856,0.7088278911704357,0.49284349162400853,5
Seeds,BF-refine,30,0.8898248618491236,270.4707661971807,0.7732937360806309,0.727864144698467,0.4920009878711082,6
Seeds,BF-refine,31,0.8898248618491236,271.2782589031853,0.7492966572066588,0.7069544741504366,0.4962493016453046,3
Seeds,BF-refine,32,0.8898248618491236,270.33169345851064,0.7850359051341558,0.7384069651104698,0.49343048696031894,5
Seeds,BF-refine,33,0.8898248618491236,270.98064943163814,0.7730246875577171,0.7307315088111603,0.49518076849043513,3
Seeds,BF-refine,34,0.8898248618491236,270.4896708173134,0.7504797925423856,0.7088278911704357,0.49284349162400853,3
Seeds,BF-refine,35,0.8898248618491236,270.33169345851064,0.7850359051341558,0.7384069651104698,0.49343048696031894,5
Seeds,BF-refine,36,0.8898248618491236,270.4896708173134,0.7504797925423856,0.7088278911704358,0.49284349162400853,7
Seeds,BF-refine,37,0.8898248618491236,270.4896708173134,0.7504797925423856,0.7088278911704358,0.49284349162400853,2
Seeds,BF-refine,38,0.8898248618491236,270.7846598065425,0.7714895718109315,0.7315413206350087,0.49491039855606367,2
Seeds,BF-refine,39,0.8898248618491236,270.33169345851064,0.7850359051341558,0.7384069651104698,0.49343048696031894,5
Seeds,BF-refine,40,0.8898248618491236,270.4896708173134,0.7504797925423856,0.7088278911704359,0.49284349162400853,4
Seeds,BF-refine,41,0.8898248618491236,270.4896708173134,0.7504797925423856,0.7088278911704359,0.49284349162400853,7
Seeds,BF-refine,42,0.8898248618491236,270.72480307634163,0.7721533890752921,0.7288638509770071,0.4932148091695254,5
Seeds,BF-refine,43,0.8898248618491236,270.4707661971807,0.7732937360806309,0.727864144698467,0.4920009878711082,4
Seeds,BF-refine,44,0.8898248618491236,271.2782589031853,0.7492966572066588,0.7069544741504366,0.4962493016453046,2
Seeds,BF-refine,45,0.8898248618491236,270.4896708173134,0.7504797925423856,0.7088278911704359,0.49284349162400853,6
Seeds,BF-refine,46,0.8898248618491236,270.78593590719026,0.7579931685726785,0.7195270869194474,0.4940713202647466,2
Seeds,BF-refine,47,0.8898248618491236,270.4896708173134,0.7504797925423856,0.7088278911704357,0.49284349162400853,3
Seeds,BF-refine,48,0.8898248618491236,270.78593590719026,0.7579931685726785,0.7195270869194474,0.4940713202647466,3
Seeds,BF-refine,49,0.8898248618491236,270.4896708173134,0.7504797925423856,0.7088278911704357,0.49284349162400853,6
Seeds,KM-random,0,0.8898248618491236,270.4896708173134,0.7504797925423856,0.7088278911704358,0.49284349162400853,7
Seeds,KM-random,1,0.8898248618491236,270.4896708173134,0.7504797925423856,0.7088278911704359,0.49284349162400853,11
Seeds,KM-random,2,0.8898248618491236,270.4896708173134,0.7504797925423856,0.7088278911704358,0.49284349162400853,8
Seeds,KM-random,3,0.8898248618491236,270.33169345851064,0.7850359051341558,0.7384069651104698,0.49343048696031894,7
Seeds,KM-random,4,0.8898248618491236,271.2782589031853,0.7492966572066588,0.7069544741504364,0.4962493016453046,9
Seeds,KM-random,5,0.8898248618491236,270.33169345851064,0.7850359051341558,0.7384069651104698,0.49343048696031894,7
Seeds,KM-random,6,0.8898248618491236,270.4896708173134,0.7504797925423856,0.7088278911704359,0.49284349162400853,10
Seeds,KM-random,7,0.8898248618491236,271.2782589031853,0.7492966572066588,0.7069544741504366,0.4962493016453046,5
Seeds,KM-random,8,0.8898248618491236,271.2782589031853,0.7492966572066588,0.7069544741504366,0.4962493016453046,5
Seeds,KM-random,9,0.8898248618491236,270.33169345851064,0.7850359051341558,0.7384069651104698,0.49343048696031894,7
Seeds,KM-random,10,0.8898248618491236,271.2782589031853,0.7492966572066588,0.7069544741504366,0.4962493016453046,5
Seeds,KM-random,11,0.8898248618491236,271.2782589031853,0.7492966572066588,0.7069544741504366,0.4962493016453046,6
Seeds,KM-random,12,0.8898248618491236,270.4896708173134,0.7504797925423856,0.7088278911704358,0.49284349162400853,8
Seeds,KM-random,13,0.8898248618491236,271.2782589031853,0.7492966572066588,0.7069544741504366,0.4962493016453046,5
Seeds,KM-random,14,0.8898248618491236,270.33169345851064,0.7850359051341558,0.7384069651104698,0.49343048696031894,5
Seeds,KM-random,15,0.8898248618491236,271.2782589031853,0.7492966572066588,0.7069544741504366,0.4962493016453046,9
Seeds,KM-random,16,0.8898248618491236,270.4896708173134,0.7504797925423856,0.7088278911704357,0.49284349162400853,7
Seeds,KM-random,17,0.8898248618491236,271.2782589031853,0.7492966572066588,0.7069544741504367,0.4962493016453046,7
Seeds,KM-random,18,0.8898248618491236,270.4896708173134,0.7504797925423856,0.7088278911704359,0.49284349162400853,7
Seeds,KM-random,19,0.8898248618491236,270.4896708173134,0.7504797925423856,0.7088278911704359,0.49284349162400853,12
Seeds,KM-random,20,0.8898248618491236,270.4896708173134,0.7504797925423856,0.7088278911704357,0.49284349162400853,5
Seeds,KM-random,21,0.8898248618491236,270.33169345851064,0.7850359051341558,0.7384069651104698,0.49343048696031894,8
Seeds,KM-random,22,0.8898248618491236,270.4896708173134,0.7504797925423856,0.7088278911704358,0.49284349162400853,8
Seeds,KM-random,23,0.8898248618491236,270.33169345851064,0.7850359051341558,0.7384069651104698,0.49343048696031894,9
Seeds,KM-random,24,0.8898248618491236,271.2782589031853,0.7492966572066588,0.7069544741504367,0.4962493016453046,6
Seeds,KM-random,25,0.8898248618491236,270.4896708173134,0.7504797925423856,0.7088278911704357,0.49284349162400853,5
Seeds,KM-random,26,0.8898248618491236,270.4896708173134,0.7504797925423856,0.7088278911704359,0.49284349162400853,12
Seeds,KM-random,27,0.8898248618491236,270.33169345851064,0.7850359051341558,0.7384069651104698,0.49343048696031894,8
Seeds,KM-random,28,0.8898248618491236,270.33169345851064,0.7850359051341558,0.7384069651104698,0.49343048696031894,7
Seeds,KM-random,29,0.8898248618491236,270.4896708173134,0.7504797925423856,0.7088278911704359,0.49284349162400853,8
Seeds,KM-random,30,0.8898248618491236,271.2782589031853,0.7492966572066588,0.7069544741504364,0.4962493016453046,5
Seeds,KM-random,31,0.8898248618491236,270.4896708173134,0.7504797925423856,0.7088278911704357,0.49284349162400853,12
Seeds,KM-random,32,0.8898248618491236,271.2782589031853,0.7492966572066588,0.7069544741504364,0.4962493016453046,7
Seeds,KM-random,33,0.8898248618491236,270.4896708173134,0.7504797925423856,0.7088278911704357,0.49284349162400853,9
Seeds,KM-random,34,0.8898248618491236,270.4896708173134,0.7504797925423856,0.7088278911704359,0.49284349162400853,7
Seeds,KM-random,35,0.8898248618491236,270.98064943163814,0.7730246875577171,0.7307315088111603,0.49518076849043513,4
Seeds,KM-random,36,0.8898248618491236,270.33169345851064,0.7850359051341558,0.7384069651104698,0.49343048696031894,7
Seeds,KM-random,37,0.8898248618491236,270.33169345851064,0.7850359051341558,0.7384069651104698,0.49343048696031894,7
Seeds,KM-random,38,0.8898248618491236,270.4896708173134,0.7504797925423856,0.7088278911704359,0.49284349162400853,11
Seeds,KM-random,39,0.8898248618491236,270.33169345851064,0.7850359051341558,0.7384069651104698,0.49343048696031894,7
Seeds,KM-random,40,0.8898248618491236,270.4896708173134,0.7504797925423856,0.7088278911704359,0.49284349162400853,5
Seeds,KM-random,41,0.8898248618491236,271.2782589031853,0.7492966572066588,0.7069544741504366,0.4962493016453046,5
Seeds,KM-random,42,0.8898248618491236,270.33169345851064,0.7850359051341558,0.7384069651104698,0.49343048696031894,8
Seeds,KM-random,43,0.8898248618491236,270.4896708173134,0.7504797925423856,0.7088278911704359,0.49284349162400853,11
Seeds,KM-random,44,0.8898248618491236,270.4896708173134,0.7504797925423856,0.7088278911704357,0.49284349162400853,7
Seeds,KM-random,45,0.8898248618491236,270.7846598065425,0.7714895718109315,0.7315413206350087,0.49491039855606367,4
Seeds,KM-random,46,0.8898248618491236,270.4896708173134,0.7504797925423856,0.7088278911704357,0.49284349162400853,5
Seeds,KM-random,47,0.8898248618491236,270.33169345851064,0.7850359051341558,0.7384069651104698,0.49343048696031894,9
Seeds,KM-random,48,0.8898248618491236,270.4896708173134,0.7504797925423856,0.7088278911704359,0.49284349162400853,12
Seeds,KM-random,49,0.8898248618491236,270.4896708173134,0.7504797925423856,0.7088278911704357,0.49284349162400853,10
Ecoli,CCKM,-1,0.5238308489127872,143.72404281261166,0.4781588390241611,0.5998309192088449,0.4139270819060033,10
Ecoli,Maxmin,-1,0.5238308489127872,120.50443120754205,0.4572735439443624,0.5678388236604005,0.37471832588100523,8
Ecoli,KM++,0,0.5238308489127872,135.33779690059978,0.4305264197300192,0.5692566972845016,0.40706076013785536,6
Ecoli,KM++,1,0.5238308489127872,122.54021154652777,0.4453341866125842,0.5635339126842468,0.35486418473690023,10
Ecoli,KM++,2,0.5238308489127872,182.9212480987966,0.31935050612570004,0.5256429750292716,0.34544077158671405,6
Ecoli,KM++,3,0.5238308489127872,148.78380344365183,0.30884633146184926,0.47781453963705345,0.3053676872843077,21
Ecoli,KM++,4,0.5238308489127872,123.7358638062885,0.3696841587996862,0.5599075628847632,0.3487626876460906,13
Ecoli,KM++,5,0.5238308489127872,173.22522565717324,0.3881772394112839,0.5614325001179323,0.3230256581055607,13
Ecoli,KM++,6,0.5238308489127872,125.30051529975015,0.45767400527606994,0.5636552445418502,0.3763481420191059,9
Ecoli,KM++,7,0.5238308489127872,136.99048263097916,0.40982790117214274,0.5901388523237083,0.3752788597179177,5
Ecoli,KM++,8,0.5238308489127872,126.36845680297483,0.456217080746672,0.5623027814065806,0.3626032868769523,11
Ecoli,KM++,9,0.5238308489127872,138.63666269767592,0.4874397790447439,0.6081392121049766,0.42257248068086983,13
Ecoli,KM++,10,0.5238308489127872,124.10040805165256,0.4700380403557015,0.5943549521971611,0.39000996875291316,16
Ecoli,KM++,11,0.5238308489127872,124.02567320016695,0.37167031557654945,0.552182396660414,0.36167925584723015,16
Ecoli,KM++,12,0.5238308489127872,148.00279026082785,0.3159914739281412,0.4818064401437428,0.31683710483239985,26
Ecoli,KM++,13,0.5238308489127872,123.91444505754963,0.36897719286263,0.5525062764627199,0.3645656777724283,10
Ecoli,KM++,14,0.5238308489127872,124.35957773965553,0.4106126380688104,0.5378386632416357,0.339026566824793,17
Ecoli,KM++,15,0.5238308489127872,124.1176852681709,0.3686778075488093,0.5610221952658122,0.3626411867750061,14
Ecoli,KM++,16,0.5238308489127872,137.04900642670896,0.42374708005687434,0.5839051521421305,0.40168114844807595,9
Ecoli,KM++,17,0.5238308489127872,124.12825308887558,0.37183768721839594,0.5583531670020958,0.3421657710110977,10
Ecoli,KM++,18,0.5238308489127872,125.6302804456963,0.4638497555600841,0.573510825001103,0.3763534934034528,15
Ecoli,KM++,19,0.5238308489127872,125.51100383086154,0.45109048038615457,0.569650502002791,0.3768119266733483,9
Ecoli,KM++,20,0.5238308489127872,175.11046550014137,0.3685715312113509,0.5487510145159452,0.3104720350734471,17
Ecoli,KM++,21,0.5238308489127872,125.36945861051449,0.43060944967988757,0.5467946741643321,0.34103468507368623,14
Ecoli,KM++,22,0.5238308489127872,121.3233726994039,0.4490838393553764,0.5656607178078653,0.36298655483254416,9
Ecoli,KM++,23,0.5238308489127872,183.61729558312064,0.3906950542836494,0.5313550572572866,0.35615203256514527,14
Ecoli,KM++,24,0.5238308489127872,124.88476002446282,0.38860361807832466,0.5501613159141496,0.3449516452953928,10
Ecoli,KM++,25,0.5238308489127872,134.3815855430102,0.45161895784615064,0.5828168167452915,0.4183415570849899,6
Ecoli,KM++,26,0.5238308489127872,137.76605885815258,0.3933259822342842,0.574850073609416,0.3927194143004318,7
Ecoli,KM++,27,0.5238308489127872,124.91940547343947,0.38789238133906506,0.540907384103759,0.3391039293982794,11
Ecoli,KM++,28,0.5238308489127872,172.2771348269128,0.3840966686395889,0.5515688557346822,0.3316757687688785,11
Ecoli,KM++,29,0.5238308489127872,124.51450173686646,0.3701532376576001,0.5570786621019829,0.35386284396043477,12
Ecoli,KM++,30,0.5238308489127872,181.88303744909706,0.37383414591236186,0.5159933337654498,0.31825308780253225,8
Ecoli,KM++,31,0.5238308489127872,159.17047176715016,0.3481028036117978,0.526707929282116,0.3501425965212684,16
Ecoli,KM++,32,0.5238308489127872,148.62698004410905,0.6573453491414866,0.5900053209537226,0.4319798150774589,9
Ecoli,KM++,33,0.5238308489127872,127.25322702980937,0.41749611746358567,0.5454625088267873,0.35560680838200576,10
Ecoli,KM++,34,0.5238308489127872,120.46798207375646,0.4578151114456693,0.5688312957258675,0.3731482896687711,20
Ecoli,KM++,35,0.5238308489127872,124.09199920148265,0.36059860737319027,0.554344160691216,0.3618850381842603,27
Ecoli,KM++,36,0.5238308489127872,121.42044159976963,0.4488002750330614,0.5688945605318497,0.36304729220563,15
Ecoli,KM++,37,0.5238308489127872,135.78793556734843,0.39901156233178514,0.573059448350854,0.4123942801669137,9
Ecoli,KM++,38,0.5238308489127872,121.46827773721188,0.4559492372566501,0.5758063208151755,0.3566521558402523,12
Ecoli,KM++,39,0.5238308489127872,123.52852816291032,0.3852600618976909,0.54879675967007,0.35284362892268595,7
Ecoli,KM++,40,0.5238308489127872,121.3233726994039,0.4490838393553764,0.5656607178078653,0.36298655483254416,10
Ecoli,KM++,41,0.5238308489127872,120.46539654659402,0.45978197211038535,0.568905993004934,0.37180603572232324,22
Ecoli,KM++,42,0.5238308489127872,120.50988283253207,0.45970751637879265,0.5678907633419366,0.3699618135666037,10
Ecoli,KM++,43,0.5238308489127872,123.44781498534455,0.3731407690021013,0.5589441156746353,0.3528044296520021,12
Ecoli,KM++,44,0.5238308489127872,139.41425384968292,0.37078566877083674,0.5140361365006291,0.31941342504039416,12
Ecoli,KM++,45,0.5238308489127872,125.53289260797936,0.4570117622304388,0.5717279634292334,0.3795548132848555,10
Ecoli,KM++,46,0.5238308489127872,120.46798207375646,0.4578151114456693,0.5688312957258675,0.3731482896687711,18
Ecoli,KM++,47,0.5238308489127872,124.08514722847322,0.3592100782410531,0.5537942059991173,0.36224636185664555,17
Ecoli,KM++,48,0.5238308489127872,121.34180691009902,0.4509078020415118,0.5657036927582488,0.36159773796003974,18
Ecoli,KM++,49,0.5238308489127872,121.45777549400798,0.4559492372566501,0.5758063208151755,0.3566521558402523,10
Ecoli,KM++greedy,0,0.5238308489127872,120.53743074736589,0.45815589551455466,0.5662781865475136,0.37104416840267807,10
Ecoli,KM++greedy,1,0.5238308489127872,124.26590498074012,0.37854763770805044,0.5564214344347401,0.3648391155969054,16
Ecoli,KM++greedy,2,0.5238308489127872,124.90982160181467,0.38316670046255563,0.5577142547526162,0.3572391338556142,9
Ecoli,KM++greedy,3,0.5238308489127872,123.84016070963364,0.3643786964953689,0.5602231837543802,0.3645690053931577,9
Ecoli,KM++greedy,4,0.5238308489127872,120.50892906099692,0.458405864071933,0.5685165042519503,0.374277385474907,16
Ecoli,KM++greedy,5,0.5238308489127872,125.61984350125596,0.4014063953678634,0.5556328124036538,0.3463789260409533,10
Ecoli,KM++greedy,6,0.5238308489127872,121.4020073890745,0.4469805189807148,0.5688547003165414,0.3644321501775282,10
Ecoli,KM++greedy,7,0.5238308489127872,120.46798207375646,0.4578151114456693,0.5688312957258675,0.3731482896687711,22
Ecoli,KM++greedy,8,0.5238308489127872,124.90839538517605,0.37932244147452465,0.5523608505485555,0.3483028224233758,9
Ecoli,KM++greedy,9,0.5238308489127872,122.80786392250938,0.45681351957735733,0.5680731674006797,0.35699476138988606,6
Ecoli,KM++greedy,10,0.5238308489127872,124.39878148304886,0.43160235024086147,0.547443689963862,0.3516366557979906,10
Ecoli,KM++greedy,11,0.5238308489127872,126.46044314262247,0.40450885105537626,0.5592565321935706,0.35025063249711375,7
Ecoli,KM++greedy,12,0.5238308489127872,125.97821214593344,0.39143709447412733,0.5626528637482957,0.34966197110340264,10
Ecoli,KM++greedy,13,0.5238308489127872,138.4659616029161,0.49528183496736256,0.5945642587073481,0.411506108918305,5
Ecoli,KM++greedy,14,0.5238308489127872,123.90485543012494,0.3753843994915443,0.5626041021034901,0.3613040165815013,10
Ecoli,KM++greedy,15,0.5238308489127872,121.53150072322757,0.4508039071594981,0.5647103107130006,0.3590406425820182,8
Ecoli,KM++greedy,16,0.5238308489127872,125.6071770654183,0.45311582039813103,0.5759564734584659,0.37893086168441714,7
Ecoli,KM++greedy,17,0.5238308489127872,124.04113819419014,0.3723319175949827,0.560338136207179,0.3453942272442651,9
Ecoli,KM++greedy,18,0.5238308489127872,124.49253478009489,0.40068123644442805,0.5553642083609446,0.35134827602517826,20
Ecoli,KM++greedy,19,0.5238308489127872,126.20423172655572,0.4399879758365124,0.5628464986899556,0.3749545115811977,8
Ecoli,KM++greedy,20,0.5238308489127872,125.4923841272306,0.46107592753844373,0.5781259831225798,0.37946495793799895,9
Ecoli,KM++greedy,21,0.5238308489127872,128.20289529961423,0.4546445850235817,0.5509165400983113,0.369325543033956,7
Ecoli,KM++greedy,22,0.5238308489127872,124.30218274420739,0.40111350525817047,0.5407088578724362,0.3372428426116739,9
Ecoli,KM++greedy,23,0.5238308489127872,120.49552998859028,0.45626765125400875,0.5672179039815787,0.3742303422048107,10
Ecoli,KM++greedy,24,0.5238308489127872,120.46798207375646,0.4578151114456693,0.5688312957258675,0.3731482896687711,22
Ecoli,KM++greedy,25,0.5238308489127872,120.47688329270822,0.4588225317885074,0.5694510607711403,0.3736360322801457,8
Ecoli,KM++greedy,26,0.5238308489127872,125.99321504308564,0.40358413697277346,0.5454318721943272,0.3484359103924587,10
Ecoli,KM++greedy,27,0.5238308489127872,125.8614053824748,0.3992146332117886,0.5603464039454445,0.3403752424823946,8
Ecoli,KM++greedy,28,0.5238308489127872,155.36620017834278,0.40280220273741507,0.5185864909374578,0.35225924563148264,6
Ecoli,KM++greedy,29,0.5238308489127872,120.46798207375646,0.4578151114456693,0.5688312957258674,0.3731482896687711,13
Ecoli,KM++greedy,30,0.5238308489127872,121.35847087827709,0.44113406472205013,0.5643798809341484,0.3550853031283051,8
Ecoli,KM++greedy,31,0.5238308489127872,126.49453713170877,0.4348374762680566,0.5575626670120652,0.3683066838168137,9
Ecoli,KM++greedy,32,0.5238308489127872,125.17643050597682,0.41894080232398884,0.5491175404358559,0.3365030642732293,7
Ecoli,KM++greedy,33,0.5238308489127872,124.1063494068442,0.41942328551797114,0.5637775811973,0.3681722310770549,14
Ecoli,KM++greedy,34,0.5238308489127872,124.42553523220168,0.4306516092306895,0.5468519650409784,0.3510252882986631,9
Ecoli,KM++greedy,35,0.5238308489127872,136.29746777048013,0.4224529146042174,0.5851375569958375,0.3874833754896316,12
Ecoli,KM++greedy,36,0.5238308489127872,126.65170072464319,0.44272784445906516,0.558568326684405,0.3675460822723709,8
Ecoli,KM++greedy,37,0.5238308489127872,137.7572248447052,0.3879562509456008,0.5807149160208742,0.38299544033547905,8
Ecoli,KM++greedy,38,0.5238308489127872,120.46539654659402,0.45978197211038535,0.5689059930049338,0.37180603572232324,9
Ecoli,KM++greedy,39,0.5238308489127872,120.46798207375646,0.4578151114456693,0.5688312957258675,0.3731482896687711,9
Ecoli,KM++greedy,40,0.5238308489127872,121.5182589128392,0.4541034051546757,0.5725029971571466,0.35843199740403275,8
Ecoli,KM++greedy,41,0.5238308489127872,125.32648616474246,0.45797869983148803,0.5642370334561817,0.37535307399844114,7
Ecoli,KM++greedy,42,0.5238308489127872,124.10989587195931,0.47136977729073504,0.6001166240585808,0.390908023491132,5
Ecoli,KM++greedy,43,0.5238308489127872,124.28622155859331,0.4053706957151817,0.5562912003559055,0.3670770778593777,4
Ecoli,KM++greedy,44,0.5238308489127872,123.83649413528988,0.3679138379171321,0.5594221675983785,0.3500402852813186,14
Ecoli,KM++greedy,45,0.5238308489127872,120.46798207375646,0.4578151114456693,0.5688312957258675,0.3731482896687711,9
Ecoli,KM++greedy,46,0.5238308489127872,125.9719736371029,0.4511400850006278,0.5566785023868267,0.36856919623573653,12
Ecoli,KM++greedy,47,0.5238308489127872,120.49552998859028,0.45626765125400875,0.5672179039815787,0.3742303422048107,12
Ecoli,KM++greedy,48,0.5238308489127872,143.32335195676592,0.3256890408480271,0.5167583169523106,0.3160201395965243,11
Ecoli,KM++greedy,49,0.5238308489127872,123.43610182914546,0.37816357828770614,0.5568416368189625,0.35375948941555113,8
Ecoli,BF-refine,0,0.5238308489127872,125.27738363853236,0.4594522522261004,0.5761470486295259,0.3832491900847633,5
Ecoli,BF-refine,1,0.5238308489127872,125.9234746273554,0.449138782296029,0.5694029873645124,0.37951572691957786,5
Ecoli,BF-refine,2,0.5238308489127872,120.49552998859028,0.45626765125400875,0.5672179039815786,0.3742303422048107,9
Ecoli,BF-refine,3,0.5238308489127872,121.3233726994039,0.4490838393553764,0.5656607178078654,0.36298655483254416,6
Ecoli,BF-refine,4,0.5238308489127872,120.53743074736589,0.45815589551455466,0.5662781865475136,0.37104416840267807,12
Ecoli,BF-refine,5,0.5238308489127872,172.8864544531096,0.37529768293761917,0.5430997146246821,0.32331665459727515,8
Ecoli,BF-refine,6,0.5238308489127872,124.27159305750585,0.383267262361527,0.5703779158413226,0.3664388121384977,11
Ecoli,BF-refine,7,0.5238308489127872,124.12265021587521,0.388858611506713,0.5488698981666312,0.3504887407783117,6
Ecoli,BF-refine,8,0.5238308489127872,124.31522291962658,0.4115935448668818,0.5617399215197085,0.3648133610238455,9
Ecoli,BF-refine,9,0.5238308489127872,124.0776860112994,0.465162391476795,0.5881921850862515,0.3905388860593859,6
Ecoli,BF-refine,10,0.5238308489127872,125.88828691721321,0.44054441014456464,0.5658023809357945,0.379206339969556,11
Ecoli,BF-refine,11,0.5238308489127872,125.89727832919198,0.44970272404162337,0.5732724370200735,0.3793127462841565,4
Ecoli,BF-refine,12,0.5238308489127872,120.46798207375646,0.4578151114456693,0.5688312957258677,0.3731482896687711,11
Ecoli,BF-refine,13,0.5238308489127872,124.66695726641713,0.3658538197036651,0.5633692009309232,0.36653353428430907,12
Ecoli,BF-refine,14,0.5238308489127872,171.6917757184012,0.3614315496421228,0.5445108856487977,0.34710649480056976,8
Ecoli,BF-refine,15,0.5238308489127872,124.10099465300753,0.470371045307834,0.5994946144120282,0.3904177990307226,7
Ecoli,BF-refine,16,0.5238308489127872,171.67400251823392,0.3629178021208783,0.5460471126367277,0.3461752109070542,13
Ecoli,BF-refine,17,0.5238308489127872,120.47688329270822,0.4588225317885074,0.5694510607711403,0.3736360322801457,6
Ecoli,BF-refine,18,0.5238308489127872,123.666234933661,0.3686247065543605,0.5613444268800293,0.3520498896125248,10
Ecoli,BF-refine,19,0.5238308489127872,126.12761758613637,0.4446871378153841,0.5630756499670226,0.3673399270387552,3
Ecoli,BF-refine,20,0.5238308489127872,124.29445846282891,0.37340650709989004,0.5634400069238422,0.35193502436110086,8
Ecoli,BF-refine,21,0.5238308489127872,127.86965817872161,0.45158656113446694,0.5699240106740183,0.37238110397620466,8
Ecoli,BF-refine,22,0.5238308489127872,120.57855793362447,0.45951571729885055,0.5670318100870209,0.37120443977826695,10
Ecoli,BF-refine,23,0.5238308489127872,124.15181273738177,0.4673874334554534,0.587352204331771,0.3870267825391552,10
Ecoli,BF-refine,24,0.5238308489127872,123.91444505754963,0.36897719286263,0.5525062764627199,0.3645656777724283,8
Ecoli,BF-refine,25,0.5238308489127872,125.11916257936147,0.41940494161699654,0.5442765378674264,0.33681649733715413,11
Ecoli,BF-refine,26,0.5238308489127872,173.98876805724453,0.3548359631220107,0.5412024842912778,0.33640941983802336,6
Ecoli,BF-refine,27,0.5238308489127872,125.54015408661014,0.4519912337484436,0.5633228341623031,0.36924930935456374,7
Ecoli,BF-refine,28,0.5238308489127872,126.48475071624873,0.4248722626852353,0.5488800190897454,0.36476027371994574,8
Ecoli,BF-refine,29,0.5238308489127872,123.90364783337307,0.41078842183634745,0.5635671612786505,0.37245127425890684,8
Ecoli,BF-refine,30,0.5238308489127872,125.51100383086154,0.45109048038615457,0.569650502002791,0.3768119266733483,7
Ecoli,BF-refine,31,0.5238308489127872,172.78477909315535,0.37171717484300726,0.5495574744800424,0.3343298120224916,8
Ecoli,BF-refine,32,0.5238308489127872,125.90440070432949,0.44737740427838246,0.5681531743019593,0.3788975801348061,4
Ecoli,BF-refine,33,0.5238308489127872,125.9234746273554,0.449138782296029,0.5694029873645123,0.37951572691957786,4
Ecoli,BF-refine,34,0.5238308489127872,126.02841753637921,0.4472711010372328,0.5697136059574387,0.3692429536998187,5
Ecoli,BF-refine,35,0.5238308489127872,124.55091773960895,0.3871060093389887,0.5525593303752008,0.3530877862804475,9
Ecoli,BF-refine,36,0.5238308489127872,125.29003381162572,0.4605123438231455,0.5772839638069834,0.38234499218167645,7
Ecoli,BF-refine,37,0.5238308489127872,125.86921299418731,0.4387716866341655,0.5645575669796982,0.37857174419029055,5
Ecoli,BF-refine,38,0.5238308489127872,127.04858967725092,0.4231862771019222,0.5587431362805612,0.3613663660571175,5
Ecoli,BF-refine,39,0.5238308489127872,121.35847087827709,0.44113406472205013,0.5643798809341484,0.3550853031283051,8
Ecoli,BF-refine,40,0.5238308489127872,120.55695371634049,0.45823078333048234,0.5672941635543531,0.3728885949854367,6
Ecoli,BF-refine,41,0.5238308489127872,139.90192560908022,0.4230964105804449,0.5995519104547828,0.4036375718654863,18
Ecoli,BF-refine,42,0.5238308489127872,124.19516428950634,0.3686789324369536,0.5584602150596868,0.3520583051048222,9
Ecoli,BF-refine,43,0.5238308489127872,123.76375806683701,0.421201935849666,0.5658968048182195,0.37708437819233764,4
Ecoli,BF-refine,44,0.5238308489127872,125.8746523972799,0.4241829361389799,0.5542161703080054,0.34026483154760295,5
Ecoli,BF-refine,45,0.5238308489127872,120.49552998859028,0.45626765125400875,0.5672179039815786,0.3742303422048107,9
Ecoli,BF-refine,46,0.5238308489127872,123.7435978653146,0.3679214339014023,0.5556107991546995,0.3510895661291831,8
Ecoli,BF-refine,47,0.5238308489127872,124.06963988055911,0.37199791833266693,0.5581849636886437,0.34199568590096563,12
Ecoli,BF-refine,48,0.5238308489127872,124.15181273738177,0.4673874334554534,0.587352204331771,0.3870267825391552,7
Ecoli,BF-refine,49,0.5238308489127872,175.54453223879486,0.4374096886444165,0.5417474579632939,0.33847614699213235,5
Ecoli,KM-random,0,0.5238308489127872,174.61985081335402,0.35389824637032796,0.5453581498798027,0.33518299151998104,13
Ecoli,KM-random,1,0.5238308489127872,173.60717570967262,0.44601908806845103,0.5476213812855979,0.35285963934059705,16
Ecoli,KM-random,2,0.5238308489127872,171.76992711326824,0.35912551619823235,0.5408846942568751,0.3478837560998854,18
Ecoli,KM-random,3,0.5238308489127872,174.9858714443314,0.37738942394110236,0.5426150310736207,0.33142740439554025,15
Ecoli,KM-random,4,0.5238308489127872,121.34180691009902,0.4509078020415118,0.5657036927582489,0.36159773796003974,14
Ecoli,KM-random,5,0.5238308489127872,125.30051529975015,0.45767400527606994,0.5636552445418502,0.3763481420191059,11
Ecoli,KM-random,6,0.5238308489127872,183.266423605561,0.34157230817989703,0.5280307395631986,0.3274164951736113,14
Ecoli,KM-random,7,0.5238308489127872,125.52674102639514,0.4580592036767453,0.5654208848279788,0.3723456932874564,11
Ecoli,KM-random,8,0.5238308489127872,183.354762553711,0.31216261614762547,0.5257067375742911,0.34330791493930163,15
Ecoli,KM-random,9,0.5238308489127872,121.42044159976963,0.4488002750330614,0.5688945605318497,0.36304729220563,19
Ecoli,KM-random,10,0.5238308489127872,124.97316085949497,0.3844280200796249,0.5564191555789127,0.35411853360147516,13
Ecoli,KM-random,11,0.5238308489127872,175.67000598829526,0.4421477888920238,0.5579776617918838,0.3409893525637299,12
Ecoli,KM-random,12,0.5238308489127872,183.05159742717234,0.31518950753434744,0.5249878913402818,0.3460412264498816,21
Ecoli,KM-random,13,0.5238308489127872,174.55802313161925,0.4140224230375244,0.5427248028415464,0.3287380940783692,15
Ecoli,KM-random,14,0.5238308489127872,171.67400251823392,0.3629178021208783,0.5460471126367277,0.3461752109070542,24
Ecoli,KM-random,15,0.5238308489127872,172.83979796926894,0.36779871821945875,0.5438097902101781,0.33066061868192925,23
Ecoli,KM-random,16,0.5238308489127872,183.61729558312064,0.3906950542836494,0.5313550572572866,0.35615203256514527,18
Ecoli,KM-random,17,0.5238308489127872,184.7119118263743,0.3629400623683071,0.5379828908637069,0.33060976632913675,15
Ecoli,KM-random,18,0.5238308489127872,183.84348422706444,0.3080188723301595,0.5285907808015426,0.3393873262283365,24
Ecoli,KM-random,19,0.5238308489127872,183.84348422706444,0.3080188723301595,0.5285907808015426,0.3393873262283365,29
Ecoli,KM-random,20,0.5238308489127872,183.13213687280057,0.32542016476162405,0.5220081739997988,0.34261378485513394,10
Ecoli,KM-random,21,0.5238308489127872,176.46808848399837,0.35974452980625643,0.5511166307078104,0.3535268370574308,13
Ecoli,KM-random,22,0.5238308489127872,185.67581930252283,0.36967412577363,0.548037986922727,0.32187973695943134,14
Ecoli,KM-random,23,0.5238308489127872,183.03887552010653,0.3163989236337876,0.525324602487478,0.34731434002763173,20
Ecoli,KM-random,24,0.5238308489127872,183.39578428188878,0.3622872174932768,0.5497607836722685,0.35092823904550247,23
Ecoli,KM-random,25,0.5238308489127872,181.9283134070301,0.3409440033821795,0.5230335444531519,0.33185942629407006,15
Ecoli,KM-random,26,0.5238308489127872,184.09505487912963,0.31878329530213434,0.5377010903288937,0.3402757723197189,10
Ecoli,KM-random,27,0.5238308489127872,182.86214975203765,0.31702326610821524,0.5263847745912402,0.3459871616615135,25
Ecoli,KM-random,28,0.5238308489127872,185.57775472175612,0.3504436099697147,0.5138002955048496,0.3003875621130924,10
Ecoli,KM-random,29,0.5238308489127872,182.30846986632136,0.3365942153488932,0.5308324561922753,0.33436326338881484,21
Ecoli,KM-random,30,0.5238308489127872,183.1676832351559,0.31518950753434744,0.5249878913402818,0.346741795450455,28
Ecoli,KM-random,31,0.5238308489127872,186.43626401137735,0.4475605672158194,0.5631011553437999,0.36401474190645067,23
Ecoli,KM-random,32,0.5238308489127872,171.67400251823392,0.3629178021208783,0.5460471126367277,0.3461752109070542,19
Ecoli,KM-random,33,0.5238308489127872,124.32030575076313,0.410802224226767,0.5616432242650432,0.36093540648468303,14
Ecoli,KM-random,34,0.5238308489127872,185.7442568581515,0.30423002757543216,0.5271013512325177,0.34399876164660736,17
Ecoli,KM-random,35,0.5238308489127872,184.4457632947878,0.34520945265861436,0.5169208032293988,0.3029109962369739,22
Ecoli,KM-random,36,0.5238308489127872,183.72893831314522,0.36745869883885657,0.5503912324419618,0.35510164323864235,15
Ecoli,KM-random,37,0.5238308489127872,181.76496368357348,0.3504251253592077,0.5355030166159546,0.32978935013986627,15
Ecoli,KM-random,38,0.5238308489127872,182.59080306245727,0.3303994044234198,0.5300172384012473,0.3406294587470828,14
Ecoli,KM-random,39,0.5238308489127872,182.35035919475678,0.3769960290163732,0.5379984109542868,0.34356906192181325,8
Ecoli,KM-random,40,0.5238308489127872,186.764640685928,0.4405275823237534,0.5562169117824064,0.36081377576145857,13
Ecoli,KM-random,41,0.5238308489127872,125.3292796677021,0.4589189019172137,0.564831058308364,0.3747288551726238,14
Ecoli,KM-random,42,0.5238308489127872,184.2715541209688,0.37481707617855325,0.5363549435837833,0.32570948248337134,16
Ecoli,KM-random,43,0.5238308489127872,184.1044738499254,0.31847191362994665,0.537650985376432,0.3405561666691876,19
Ecoli,KM-random,44,0.5238308489127872,181.7870632202415,0.3353517707727708,0.5276964865743253,0.3453953902979199,16
Ecoli,KM-random,45,0.5238308489127872,187.6847525980917,0.4341541272824394,0.5544602108186921,0.3530333427768492,13
Ecoli,KM-random,46,0.5238308489127872,182.31121324466727,0.3360667746311523,0.5130698571740954,0.30906361236487856,14
Ecoli,KM-random,47,0.5238308489127872,181.73536171387477,0.34943856849725163,0.528083185134756,0.33772539785612415,24
Ecoli,KM-random,48,0.5238308489127872,175.34663810186177,0.44599190932333305,0.5520042847324677,0.34711115217505717,12
Ecoli,KM-random,49,0.5238308489127872,184.00611188167076,0.3804648086295691,0.5295945412358092,0.34459597963144273,19
Tetra,CCKM,-1,0.6768048765469326,182.059767787501,0.6940564227595907,0.721433823288579,0.41765181299410115,14
Tetra,Maxmin,-1,0.6768048765469326,181.72487695498495,0.7237481665572469,0.7433766834119726,0.4157137872166365,9
Tetra,KM++,0,0.6768048765469326,181.72487695498495,0.7237481665572469,0.7433766834119726,0.4157137872166365,8
Tetra,KM++,1,0.6768048765469326,182.00626654130951,0.7576003275548445,0.7677064903611819,0.4149877268220334,10
Tetra,KM++,2,0.6768048765469326,182.00626654130951,0.7576003275548445,0.7677064903611819,0.4149877268220334,7
Tetra,KM++,3,0.6768048765469326,182.50033654834556,0.736959590737053,0.7462497057518995,0.41407756255077915,27
Tetra,KM++,4,0.6768048765469326,182.50169167263414,0.740977132619799,0.7490055864953022,0.41400219650691583,7
Tetra,KM++,5,0.6768048765469326,182.50033654834556,0.736959590737053,0.7462497057518995,0.41407756255077915,19
Tetra,KM++,6,0.6768048765469326,182.00626654130951,0.7576003275548445,0.7677064903611819,0.4149877268220334,24
Tetra,KM++,7,0.6768048765469326,181.72067105659653,0.7275264968348671,0.7457541959002345,0.41589908441255363,17
Tetra,KM++,8,0.6768048765469326,181.72067105659653,0.7275264968348671,0.7457541959002345,0.41589908441255363,14
Tetra,KM++,9,0.6768048765469326,182.00626654130951,0.7576003275548445,0.7677064903611819,0.4149877268220334,11
Tetra,KM++,10,0.6768048765469326,182.00626654130951,0.7576003275548445,0.7677064903611818,0.4149877268220334,26
Tetra,KM++,11,0.6768048765469326,182.00626654130951,0.7576003275548445,0.7677064903611819,0.4149877268220334,12
Tetra,KM++,12,0.6768048765469326,181.72067105659653,0.7275264968348671,0.7457541959002345,0.41589908441255363,9
Tetra,KM++,13,0.6768048765469326,181.72067105659653,0.7275264968348671,0.7457541959002345,0.41589908441255363,16
Tetra,KM++,14,0.6768048765469326,182.50033654834556,0.736959590737053,0.7462497057518995,0.41407756255077915,13
Tetra,KM++,15,0.6768048765469326,181.8914279407504,0.7564093953800746,0.7657751229772465,0.41501716542024597,8
Tetra,KM++,16,0.6768048765469326,182.00626654130951,0.7576003275548445,0.7677064903611819,0.4149877268220334,25
Tetra,KM++,17,0.6768048765469326,181.72067105659653,0.7275264968348671,0.7457541959002345,0.41589908441255363,12
Tetra,KM++,18,0.6768048765469326,182.00626654130951,0.7576003275548445,0.7677064903611819,0.4149877268220334,10
Tetra,KM++,19,0.6768048765469326,182.00626654130951,0.7576003275548445,0.7677064903611819,0.4149877268220334,5
Tetra,KM++,20,0.6768048765469326,182.50033654834556,0.736959590737053,0.7462497057518995,0.41407756255077915,18
Tetra,KM++,21,0.6768048765469326,181.72487695498495,0.7237481665572469,0.7433766834119726,0.4157137872166365,9
Tetra,KM++,22,0.6768048765469326,181.72067105659653,0.7275264968348671,0.7457541959002344,0.41589908441255363,16
Tetra,KM++,23,0.6768048765469326,182.00626654130951,0.7576003275548445,0.7677064903611819,0.4149877268220334,9
Tetra,KM++,24,0.6768048765469326,182.00626654130951,0.7576003275548445,0.7677064903611819,0.4149877268220334,23
Tetra,KM++,25,0.6768048765469326,182.50033654834556,0.736959590737053,0.7462497057518995,0.41407756255077915,24
Tetra,KM++,26,0.6768048765469326,181.79352956205753,0.7192009114272845,0.7405007508728864,0.41680735998078333,6
Tetra,KM++,27,0.6768048765469326,182.00626654130951,0.7576003275548445,0.7677064903611819,0.4149877268220334,30
Tetra,KM++,28,0.6768048765469326,182.50169167263414,0.740977132619799,0.7490055864953022,0.41400219650691583,9
Tetra,KM++,29,0.6768048765469326,182.50033654834556,0.736959590737053,0.7462497057518995,0.41407756255077915,25
Tetra,KM++,30,0.6768048765469326,182.50033654834556,0.736959590737053,0.7462497057518995,0.41407756255077915,10
Tetra,KM++,31,0.6768048765469326,181.72067105659653,0.7275264968348671,0.7457541959002345,0.41589908441255363,21
Tetra,KM++,32,0.6768048765469326,182.50033654834556,0.736959590737053,0.7462497057518995,0.41407756255077915,19
Tetra,KM++,33,0.6768048765469326,181.72487695498495,0.7237481665572469,0.7433766834119726,0.4157137872166365,10
Tetra,KM++,34,0.6768048765469326,182.06544697274254,0.6907566100377428,0.7194502212526412,0.4173937947360173,7
Tetra,KM++,35,0.6768048765469326,182.00626654130951,0.7576003275548445,0.7677064903611819,0.4149877268220334,17
Tetra,KM++,36,0.6768048765469326,182.50033654834556,0.736959590737053,0.7462497057518995,0.41407756255077915,14
Tetra,KM++,37,0.6768048765469326,181.8914279407504,0.7564093953800746,0.7657751229772465,0.41501716542024597,8
Tetra,KM++,38,0.6768048765469326,182.00626654130951,0.7576003275548445,0.7677064903611819,0.4149877268220334,10
Tetra,KM++,39,0.6768048765469326,182.00626654130951,0.7576003275548445,0.7677064903611818,0.4149877268220334,8
Tetra,KM++,40,0.6768048765469326,182.059767787501,0.6940564227595907,0.721433823288579,0.41765181299410115,9
Tetra,KM++,41,0.6768048765469326,182.00626654130951,0.7576003275548445,0.7677064903611818,0.4149877268220334,20
Tetra,KM++,42,0.6768048765469326,182.50033654834556,0.736959590737053,0.7462497057518995,0.41407756255077915,9
Tetra,KM++,43,0.6768048765469326,181.7138317433167,0.731380532237521,0.7482226859213336,0.41617299891442644,9
Tetra,KM++,44,0.6768048765469326,182.059767787501,0.6940564227595907,0.721433823288579,0.41765181299410115,7
Tetra,KM++,45,0.6768048765469326,182.06544697274254,0.6907566100377428,0.719450221252641,0.4173937947360173,15
Tetra,KM++,46,0.6768048765469326,182.50033654834556,0.736959590737053,0.7462497057518995,0.41407756255077915,9
Tetra,KM++,47,0.6768048765469326,182.04617051120943,0.6945831319584741,0.7219161768390184,0.4169237138817963,14
Tetra,KM++,48,0.6768048765469326,181.71628522347447,0.7275264968348671,0.7457541959002344,0.4157181589695738,6
Tetra,KM++,49,0.6768048765469326,182.50033654834556,0.736959590737053,0.7462497057518995,0.41407756255077915,8
Tetra,KM++greedy,0,0.6768048765469326,181.72067105659653,0.7275264968348671,0.7457541959002344,0.41589908441255363,10
Tetra,KM++greedy,1,0.6768048765469326,182.50033654834556,0.736959590737053,0.7462497057518995,0.41407756255077915,17
Tetra,KM++greedy,2,0.6768048765469326,182.00626654130951,0.7576003275548445,0.7677064903611819,0.4149877268220334,10
Tetra,KM++greedy,3,0.6768048765469326,182.00626654130951,0.7576003275548445,0.7677064903611818,0.4149877268220334,18
Tetra,KM++greedy,4,0.6768048765469326,181.8914279407504,0.7564093953800746,0.7657751229772465,0.41501716542024597,7
Tetra,KM++greedy,5,0.6768048765469326,182.00626654130951,0.7576003275548445,0.7677064903611818,0.4149877268220334,10
Tetra,KM++greedy,6,0.6768048765469326,181.8914279407504,0.7564093953800746,0.7657751229772465,0.41501716542024597,8
Tetra,KM++greedy,7,0.6768048765469326,181.72067105659653,0.7275264968348671,0.7457541959002344,0.41589908441255363,12
Tetra,KM++greedy,8,0.6768048765469326,182.00626654130951,0.7576003275548445,0.7677064903611819,0.4149877268220334,25
Tetra,KM++greedy,9,0.6768048765469326,182.50033654834556,0.736959590737053,0.7462497057518995,0.41407756255077915,23
Tetra,KM++greedy,10,0.6768048765469326,182.50033654834556,0.736959590737053,0.7462497057518995,0.41407756255077915,9
Tetra,KM++greedy,11,0.6768048765469326,182.50033654834556,0.736959590737053,0.7462497057518995,0.41407756255077915,12
Tetra,KM++greedy,12,0.6768048765469326,182.50033654834556,0.736959590737053,0.7462497057518995,0.41407756255077915,14
Tetra,KM++greedy,13,0.6768048765469326,181.7138317433167,0.731380532237521,0.7482226859213333,0.41617299891442644,5
Tetra,KM++greedy,14,0.6768048765469326,182.50033654834556,0.736959590737053,0.7462497057518995,0.41407756255077915,22
Tetra,KM++greedy,15,0.6768048765469326,182.50033654834556,0.736959590737053,0.7462497057518995,0.41407756255077915,17
Tetra,KM++greedy,16,0.6768048765469326,181.8914279407504,0.7564093953800746,0.7657751229772465,0.41501716542024597,7
Tetra,KM++greedy,17,0.6768048765469326,182.00626654130951,0.7576003275548445,0.7677064903611819,0.4149877268220334,26
Tetra,KM++greedy,18,0.6768048765469326,182.00626654130951,0.7576003275548445,0.7677064903611819,0.4149877268220334,9
Tetra,KM++greedy,19,0.6768048765469326,182.059767787501,0.6940564227595907,0.721433823288579,0.41765181299410115,9
Tetra,KM++greedy,20,0.6768048765469326,182.00626654130951,0.7576003275548445,0.7677064903611819,0.4149877268220334,9
Tetra,KM++greedy,21,0.6768048765469326,181.72067105659653,0.7275264968348671,0.7457541959002344,0.41589908441255363,16
Tetra,KM++greedy,22,0.6768048765469326,181.8914279407504,0.7564093953800746,0.7657751229772465,0.41501716542024597,7
Tetra,KM++greedy,23,0.6768048765469326,182.00626654130951,0.7576003275548445,0.7677064903611819,0.4149877268220334,8
Tetra,KM++greedy,24,0.6768048765469326,182.00626654130951,0.7576003275548445,0.7677064903611819,0.4149877268220334,9
Tetra,KM++greedy,25,0.6768048765469326,182.04617051120943,0.6945831319584741,0.7219161768390184,0.4169237138817963,5
Tetra,KM++greedy,26,0.6768048765469326,182.50033654834556,0.736959590737053,0.7462497057518995,0.41407756255077915,9
Tetra,KM++greedy,27,0.6768048765469326,181.79352956205753,0.7192009114272845,0.7405007508728862,0.41680735998078333,8
Tetra,KM++greedy,28,0.6768048765469326,182.50033654834556,0.736959590737053,0.7462497057518995,0.41407756255077915,18
Tetra,KM++greedy,29,0.6768048765469326,182.06544697274254,0.6907566100377428,0.7194502212526411,0.4173937947360173,8
Tetra,KM++greedy,30,0.6768048765469326,182.06544697274254,0.6907566100377428,0.7194502212526412,0.4173937947360173,16
Tetra,KM++greedy,31,0.6768048765469326,182.50033654834556,0.736959590737053,0.7462497057518995,0.41407756255077915,16
Tetra,KM++greedy,32,0.6768048765469326,181.71628522347447,0.7275264968348671,0.7457541959002345,0.4157181589695738,8
Tetra,KM++greedy,33,0.6768048765469326,182.50033654834556,0.736959590737053,0.7462497057518995,0.41407756255077915,10
Tetra,KM++greedy,34,0.6768048765469326,181.72067105659653,0.7275264968348671,0.7457541959002344,0.41589908441255363,18
Tetra,KM++greedy,35,0.6768048765469326,182.50033654834556,0.736959590737053,0.7462497057518995,0.41407756255077915,24
Tetra,KM++greedy,36,0.6768048765469326,182.059767787501,0.6940564227595907,0.721433823288579,0.41765181299410115,7
Tetra,KM++greedy,37,0.6768048765469326,181.72067105659653,0.7275264968348671,0.7457541959002344,0.41589908441255363,13
Tetra,KM++greedy,38,0.6768048765469326,182.00626654130951,0.7576003275548445,0.7677064903611819,0.4149877268220334,24
Tetra,KM++greedy,39,0.6768048765469326,181.72067105659653,0.7275264968348671,0.7457541959002345,0.41589908441255363,20
Tetra,KM++greedy,40,0.6768048765469326,182.06544697274254,0.6907566100377428,0.7194502212526411,0.4173937947360173,10
Tetra,KM++greedy,41,0.6768048765469326,181.8914279407504,0.7564093953800746,0.7657751229772463,0.41501716542024597,4
Tetra,KM++greedy,42,0.6768048765469326,182.04617051120943,0.6945831319584741,0.7219161768390184,0.4169237138817963,12
Tetra,KM++greedy,43,0.6768048765469326,182.06544697274254,0.6907566100377428,0.7194502212526414,0.4173937947360173,9
Tetra,KM++greedy,44,0.6768048765469326,182.50033654834556,0.736959590737053,0.7462497057518995,0.41407756255077915,28
Tetra,KM++greedy,45,0.6768048765469326,182.059767787501,0.6940564227595907,0.721433823288579,0.41765181299410115,7
Tetra,KM++greedy,46,0.6768048765469326,182.50033654834556,0.736959590737053,0.7462497057518995,0.41407756255077915,17
Tetra,KM++greedy,47,0.6768048765469326,181.72067105659653,0.7275264968348671,0.7457541959002344,0.41589908441255363,12
Tetra,KM++greedy,48,0.6768048765469326,182.50033654834556,0.736959590737053,0.7462497057518995,0.41407756255077915,20
Tetra,KM++greedy,49,0.6768048765469326,181.72067105659653,0.7275264968348671,0.7457541959002344,0.41589908441255363,14
Tetra,BF-refine,0,0.6768048765469326,182.06544697274254,0.6907566100377428,0.7194502212526414,0.4173937947360173,4
Tetra,BF-refine,1,0.6768048765469326,182.50033654834556,0.736959590737053,0.7462497057518995,0.41407756255077915,7
Tetra,BF-refine,2,0.6768048765469326,181.8914279407504,0.7564093953800746,0.7657751229772463,0.41501716542024597,6
Tetra,BF-refine,3,0.6768048765469326,181.71628522347447,0.7275264968348671,0.7457541959002344,0.4157181589695738,5
Tetra,BF-refine,4,0.6768048765469326,181.72487695498495,0.7237481665572469,0.7433766834119726,0.4157137872166365,3
Tetra,BF-refine,5,0.6768048765469326,182.00626654130951,0.7576003275548445,0.7677064903611819,0.4149877268220334,13
Tetra,BF-refine,6,0.6768048765469326,181.71088644242792,0.7353098587817608,0.7507867552034341,0.4161195828425035,4
Tetra,BF-refine,7,0.6768048765469326,181.71628522347447,0.7275264968348671,0.7457541959002344,0.4157181589695738,4
Tetra,BF-refine,8,0.6768048765469326,182.04617051120943,0.6945831319584741,0.7219161768390182,0.4169237138817963,10
Tetra,BF-refine,9,0.6768048765469326,181.71088644242792,0.7353098587817608,0.7507867552034341,0.4161195828425035,8
Tetra,BF-refine,10,0.6768048765469326,182.00626654130951,0.7576003275548445,0.7677064903611818,0.4149877268220334,6
Tetra,BF-refine,11,0.6768048765469326,182.00626654130951,0.7576003275548445,0.7677064903611819,0.4149877268220334,8
Tetra,BF-refine,12,0.6768048765469326,181.72067105659653,0.7275264968348671,0.7457541959002344,0.41589908441255363,10
Tetra,BF-refine,13,0.6768048765469326,182.04617051120943,0.6945831319584741,0.7219161768390181,0.4169237138817963,7
Tetra,BF-refine,14,0.6768048765469326,182.00626654130951,0.7576003275548445,0.7677064903611819,0.4149877268220334,11
Tetra,BF-refine,15,0.6768048765469326,181.72067105659653,0.7275264968348671,0.7457541959002345,0.41589908441255363,13
Tetra,BF-refine,16,0.6768048765469326,181.8914279407504,0.7564093953800746,0.7657751229772465,0.41501716542024597,4
Tetra,BF-refine,17,0.6768048765469326,182.00626654130951,0.7576003275548445,0.7677064903611819,0.4149877268220334,15
Tetra,BF-refine,18,0.6768048765469326,181.8914279407504,0.7564093953800746,0.7657751229772463,0.41501716542024597,6
Tetra,BF-refine,19,0.6768048765469326,182.00626654130951,0.7576003275548445,0.7677064903611818,0.4149877268220334,14
Tetra,BF-refine,20,0.6768048765469326,181.72487695498495,0.7237481665572469,0.7433766834119726,0.4157137872166365,6
Tetra,BF-refine,21,0.6768048765469326,181.71628522347447,0.7275264968348671,0.7457541959002345,0.4157181589695738,7
Tetra,BF-refine,22,0.6768048765469326,181.79352956205753,0.7192009114272845,0.7405007508728862,0.41680735998078333,9
Tetra,BF-refine,23,0.6768048765469326,181.72487695498495,0.7237481665572469,0.7433766834119724,0.4157137872166365,7
Tetra,BF-refine,24,0.6768048765469326,181.8914279407504,0.7564093953800746,0.7657751229772463,0.41501716542024597,5
Tetra,BF-refine,25,0.6768048765469326,181.71088644242792,0.7353098587817608,0.7507867552034341,0.4161195828425035,4
Tetra,BF-refine,26,0.6768048765469326,182.06544697274254,0.6907566100377428,0.7194502212526414,0.4173937947360173,5
Tetra,BF-refine,27,0.6768048765469326,182.50033654834556,0.736959590737053,0.7462497057518995,0.41407756255077915,8
Tetra,BF-refine,28,0.6768048765469326,182.00626654130951,0.7576003275548445,0.7677064903611819,0.4149877268220334,7
Tetra,BF-refine,29,0.6768048765469326,182.50169167263414,0.740977132619799,0.7490055864953024,0.41400219650691583,6
Tetra,BF-refine,30,0.6768048765469326,182.06544697274254,0.6907566100377428,0.7194502212526414,0.4173937947360173,14
Tetra,BF-refine,31,0.6768048765469326,182.06544697274254,0.6907566100377428,0.7194502212526414,0.4173937947360173,13
Tetra,BF-refine,32,0.6768048765469326,181.71628522347447,0.7275264968348671,0.7457541959002344,0.4157181589695738,4
Tetra,BF-refine,33,0.6768048765469326,182.059767787501,0.6940564227595907,0.721433823288579,0.41765181299410115,5
Tetra,BF-refine,34,0.6768048765469326,181.72487695498495,0.7237481665572469,0.7433766834119724,0.4157137872166365,8
Tetra,BF-refine,35,0.6768048765469326,182.00626654130951,0.7576003275548445,0.7677064903611819,0.4149877268220334,6
Tetra,BF-refine,36,0.6768048765469326,181.72487695498495,0.7237481665572469,0.7433766834119726,0.4157137872166365,3
Tetra,BF-refine,37,0.6768048765469326,182.50033654834556,0.736959590737053,0.7462497057518995,0.41407756255077915,15
Tetra,BF-refine,38,0.6768048765469326,182.00626654130951,0.7576003275548445,0.7677064903611818,0.4149877268220334,19
Tetra,BF-refine,39,0.6768048765469326,182.50033654834556,0.736959590737053,0.7462497057518995,0.41407756255077915,7
Tetra,BF-refine,40,0.6768048765469326,181.8914279407504,0.7564093953800746,0.7657751229772463,0.41501716542024597,4
Tetra,BF-refine,41,0.6768048765469326,182.50033654834556,0.736959590737053,0.7462497057518995,0.41407756255077915,11
Tetra,BF-refine,42,0.6768048765469326,181.72487695498495,0.7237481665572469,0.7433766834119726,0.4157137872166365,8
Tetra,BF-refine,43,0.6768048765469326,181.9429744630275,0.7552005090047896,0.7654070265993561,0.41484852590850146,3
Tetra,BF-refine,44,0.6768048765469326,181.79352956205753,0.7192009114272845,0.7405007508728864,0.41680735998078333,3
Tetra,BF-refine,45,0.6768048765469326,182.50033654834556,0.736959590737053,0.7462497057518995,0.41407756255077915,10
Tetra,BF-refine,46,0.6768048765469326,181.72067105659653,0.7275264968348671,0.7457541959002344,0.41589908441255363,4
Tetra,BF-refine,47,0.6768048765469326,181.8914279407504,0.7564093953800746,0.7657751229772463,0.41501716542024597,3
Tetra,BF-refine,48,0.6768048765469326,182.50033654834556,0.736959590737053,0.7462497057518995,0.41407756255077915,5
Tetra,BF-refine,49,0.6768048765469326,182.00626654130951,0.7576003275548445,0.7677064903611818,0.4149877268220334,15
Tetra,KM-random,0,0.6768048765469326,181.72067105659653,0.7275264968348671,0.7457541959002344,0.41589908441255363,19
Tetra,KM-random,1,0.6768048765469326,182.059767787501,0.6940564227595907,0.7214338232885789,0.41765181299410115,10
Tetra,KM-random,2,0.6768048765469326,182.50033654834556,0.736959590737053,0.7462497057518995,0.41407756255077915,20
Tetra,KM-random,3,0.6768048765469326,181.79352956205753,0.7192009114272845,0.7405007508728862,0.41680735998078333,9
Tetra,KM-random,4,0.6768048765469326,182.50033654834556,0.736959590737053,0.7462497057518995,0.41407756255077915,15
Tetra,KM-random,5,0.6768048765469326,181.79352956205753,0.7192009114272845,0.7405007508728862,0.41680735998078333,8
Tetra,KM-random,6,0.6768048765469326,182.00626654130951,0.7576003275548445,0.7677064903611819,0.4149877268220334,27
Tetra,KM-random,7,0.6768048765469326,182.00626654130951,0.7576003275548445,0.7677064903611818,0.4149877268220334,26
Tetra,KM-random,8,0.6768048765469326,182.50033654834556,0.736959590737053,0.7462497057518995,0.41407756255077915,11
Tetra,KM-random,9,0.6768048765469326,181.8914279407504,0.7564093953800746,0.7657751229772465,0.41501716542024597,9
Tetra,KM-random,10,0.6768048765469326,182.00626654130951,0.7576003275548445,0.7677064903611819,0.4149877268220334,5
Tetra,KM-random,11,0.6768048765469326,181.72067105659653,0.7275264968348671,0.7457541959002345,0.41589908441255363,22
Tetra,KM-random,12,0.6768048765469326,181.72067105659653,0.7275264968348671,0.7457541959002345,0.41589908441255363,15
Tetra,KM-random,13,0.6768048765469326,182.00626654130951,0.7576003275548445,0.7677064903611818,0.4149877268220334,9
Tetra,KM-random,14,0.6768048765469326,181.72487695498495,0.7237481665572469,0.7433766834119726,0.4157137872166365,12
Tetra,KM-random,15,0.6768048765469326,182.50033654834556,0.736959590737053,0.7462497057518995,0.41407756255077915,25
Tetra,KM-random,16,0.6768048765469326,181.72067105659653,0.7275264968348671,0.7457541959002345,0.41589908441255363,18
Tetra,KM-random,17,0.6768048765469326,181.72067105659653,0.7275264968348671,0.7457541959002344,0.41589908441255363,16
Tetra,KM-random,18,0.6768048765469326,182.00626654130951,0.7576003275548445,0.7677064903611819,0.4149877268220334,11
Tetra,KM-random,19,0.6768048765469326,182.50033654834556,0.736959590737053,0.7462497057518995,0.41407756255077915,18
Tetra,KM-random,20,0.6768048765469326,182.50033654834556,0.736959590737053,0.7462497057518995,0.41407756255077915,16
Tetra,KM-random,21,0.6768048765469326,182.50033654834556,0.736959590737053,0.7462497057518995,0.41407756255077915,17
Tetra,KM-random,22,0.6768048765469326,181.71628522347447,0.7275264968348671,0.7457541959002344,0.4157181589695738,7
Tetra,KM-random,23,0.6768048765469326,181.72067105659653,0.7275264968348671,0.7457541959002344,0.41589908441255363,21
Tetra,KM-random,24,0.6768048765469326,182.50033654834556,0.736959590737053,0.7462497057518995,0.41407756255077915,19
Tetra,KM-random,25,0.6768048765469326,181.72487695498495,0.7237481665572469,0.7433766834119723,0.4157137872166365,12
Tetra,KM-random,26,0.6768048765469326,182.50033654834556,0.736959590737053,0.7462497057518995,0.41407756255077915,14
Tetra,KM-random,27,0.6768048765469326,182.00626654130951,0.7576003275548445,0.7677064903611818,0.4149877268220334,11
Tetra,KM-random,28,0.6768048765469326,182.06544697274254,0.6907566100377428,0.7194502212526412,0.4173937947360173,8
Tetra,KM-random,29,0.6768048765469326,181.72067105659653,0.7275264968348671,0.7457541959002344,0.41589908441255363,20
Tetra,KM-random,30,0.6768048765469326,181.8914279407504,0.7564093953800746,0.7657751229772465,0.41501716542024597,7
Tetra,KM-random,31,0.6768048765469326,182.059767787501,0.6940564227595907,0.7214338232885789,0.41765181299410115,10
Tetra,KM-random,32,0.6768048765469326,181.71088644242792,0.7353098587817608,0.7507867552034341,0.4161195828425035,8
Tetra,KM-random,33,0.6768048765469326,182.50033654834556,0.736959590737053,0.7462497057518995,0.41407756255077915,20
Tetra,KM-random,34,0.6768048765469326,182.00626654130951,0.7576003275548445,0.7677064903611819,0.4149877268220334,9
Tetra,KM-random,35,0.6768048765469326,182.50033654834556,0.736959590737053,0.7462497057518995,0.41407756255077915,17
Tetra,KM-random,36,0.6768048765469326,182.00626654130951,0.7576003275548445,0.7677064903611819,0.4149877268220334,31
Tetra,KM-random,37,0.6768048765469326,181.72067105659653,0.7275264968348671,0.7457541959002345,0.41589908441255363,21
Tetra,KM-random,38,0.6768048765469326,182.50033654834556,0.736959590737053,0.7462497057518995,0.41407756255077915,20
Tetra,KM-random,39,0.6768048765469326,181.72067105659653,0.7275264968348671,0.7457541959002344,0.41589908441255363,13
Tetra,KM-random,40,0.6768048765469326,181.72487695498495,0.7237481665572469,0.7433766834119726,0.4157137872166365,12
Tetra,KM-random,41,0.6768048765469326,182.06544697274254,0.6907566100377428,0.7194502212526412,0.4173937947360173,15
Tetra,KM-random,42,0.6768048765469326,182.50033654834556,0.736959590737053,0.7462497057518995,0.41407756255077915,8
Tetra,KM-random,43,0.6768048765469326,181.72067105659653,0.7275264968348671,0.7457541959002345,0.41589908441255363,22
Tetra,KM-random,44,0.6768048765469326,182.50033654834556,0.736959590737053,0.7462497057518995,0.41407756255077915,13
Tetra,KM-random,45,0.6768048765469326,181.72067105659653,0.7275264968348671,0.7457541959002345,0.41589908441255363,19
Tetra,KM-random,46,0.6768048765469326,182.50033654834556,0.736959590737053,0.7462497057518995,0.41407756255077915,12
Tetra,KM-random,47,0.6768048765469326,182.06544697274254,0.6907566100377428,0.7194502212526414,0.4173937947360173,15
Tetra,KM-random,48,0.6768048765469326,182.50033654834556,0.736959590737053,0.7462497057518995,0.41407756255077915,21
Tetra,KM-random,49,0.6768048765469326,181.79352956205753,0.7192009114272845,0.7405007508728864,0.41680735998078333,6
Chainlink,CCKM,-1,0.6742166326752697,1298.399803665056,0.2147357788273407,0.3181092207752965,0.38790141211646867,4
Chainlink,Maxmin,-1,0.6742166326752697,1298.4570464836636,0.21659542736905124,0.3195073639107958,0.38743292483903835,6
Chainlink,KM++,0,0.6742166326752697,1273.1758451249104,0.06982492734098458,0.05166191775101815,0.3591339295039546,8
Chainlink,KM++,1,0.6742166326752697,1270.742713549219,0.06983536606195083,0.05249742268491857,0.35935853652371524,5
Chainlink,KM++,2,0.6742166326752697,1273.1760069475747,0.06982489751573187,0.05165956377357966,0.3592177819022335,9
Chainlink,KM++,3,0.6742166326752697,1217.4853507441699,0.0023653707320025223,0.0024279886559561022,0.39739130738790707,11
Chainlink,KM++,4,0.6742166326752697,1217.4919038976977,0.0017047214155555684,0.0019514462383348017,0.3978874098004897,7
Chainlink,KM++,5,0.6742166326752697,1217.572371819202,0.001704769429754265,0.0019515739123611344,0.39813628715540417,7
Chainlink,KM++,6,0.6742166326752697,1321.9651321679041,0.23953677002616852,0.33650337074842057,0.3614208688950854,5
Chainlink,KM++,7,0.6742166326752697,1217.5092068108836,0.0019169538386669958,0.0021045761151562994,0.39813233273886295,8
Chainlink,KM++,8,0.6742166326752697,1217.572371819202,0.001704769429754265,0.0019515739123611344,0.39813628715540417,5
Chainlink,KM++,9,0.6742166326752697,1217.506283920793,0.002601619196767628,0.002598468127896449,0.3971420051221524,6
Chainlink,KM++,10,0.6742166326752697,1217.5673539114264,0.0015006010520439827,0.001804366844052819,0.3984010907453351,4
Chainlink,KM++,11,0.6742166326752697,1217.4853507441699,0.0023653707320025223,0.0024279886559561022,0.39739130738790707,8
Chainlink,KM++,12,0.6742166326752697,1217.506283920793,0.002601619196767628,0.002598468127896449,0.3971420051221524,6
Chainlink,KM++,13,0.6742166326752697,1298.417302721174,0.20374630678265324,0.3097755491227446,0.39102824003925624,5
Chainlink,KM++,14,0.6742166326752697,1321.9592996380445,0.23953677002616852,0.33650337074842057,0.3614208688950854,3
Chainlink,KM++,15,0.6742166326752697,1298.399803665056,0.2147357788273407,0.3181092207752965,0.38790141211646867,5
Chainlink,KM++,16,0.6742166326752697,1273.1760069475747,0.06982489751573187,0.05165956377357966,0.3592177819022335,8
Chainlink,KM++,17,0.6742166326752697,1217.4815085613013,0.0023653707320025223,0.0024279886559561022,0.39739130738790707,7
Chainlink,KM++,18,0.6742166326752697,1298.417302721174,0.20374630678265324,0.3097755491227446,0.39102824003925624,4
Chainlink,KM++,19,0.6742166326752697,1298.399803665056,0.2147357788273407,0.3181092207752965,0.38790141211646867,7
Chainlink,KM++,20,0.6742166326752697,1217.5673539114264,0.0015006010520439827,0.001804366844052819,0.3984010907453351,5
Chainlink,KM++,21,0.6742166326752697,1273.1758451249104,0.06982492734098458,0.05166191775101815,0.3591339295039546,4
Chainlink,KM++,22,0.6742166326752697,1217.485248469013,0.0023653707320025223,0.0024279886559561022,0.39739130738790707,6
Chainlink,KM++,23,0.6742166326752697,1217.5242342321153,0.001704769429754265,0.0019515739123611344,0.3982761191204462,4
Chainlink,KM++,24,0.6742166326752697,1321.9592996380445,0.23953677002616852,0.33650337074842057,0.3614208688950854,5
Chainlink,KM++,25,0.6742166326752697,1217.4853507441699,0.0023653707320025223,0.0024279886559561022,0.39739130738790707,7
Chainlink,KM++,26,0.6742166326752697,1321.9592996380445,0.23953677002616852,0.33650337074842057,0.3614208688950854,9
Chainlink,KM++,27,0.6742166326752697,1217.4815085613013,0.0023653707320025223,0.0024279886559561022,0.39739130738790707,8
Chainlink,KM++,28,0.6742166326752697,1217.485248469013,0.0023653707320025223,0.0024279886559561022,0.39739130738790707,6
Chainlink,KM++,29,0.6742166326752697,1270.742713549219,0.06983536606195083,0.05249742268491857,0.35935853652371524,8
Chainlink,KM++,30,0.6742166326752697,1321.9651321679041,0.23953677002616852,0.33650337074842057,0.3614208688950854,3
Chainlink,KM++,31,0.6742166326752697,1217.4815085613013,0.0023653707320025223,0.0024279886559561022,0.39739130738790707,8
Chainlink,KM++,32,0.6742166326752697,1270.7597214173036,0.06877471524220582,0.05173266723706737,0.35934888607389043,6
Chainlink,KM++,33,0.6742166326752697,1273.1118077018773,0.07089396392785571,0.05244880125825734,0.359208407098837,3
Chainlink,KM++,34,0.6742166326752697,1217.5242342321153,0.001704769429754265,0.0019515739123611344,0.3982761191204462,3
Chainlink,KM++,35,0.6742166326752697,1217.4815085613013,0.0023653707320025223,0.0024279886559561022,0.39739130738790707,8
Chainlink,KM++,36,0.6742166326752697,1217.4815085613013,0.0023653707320025223,0.0024279886559561022,0.39739130738790707,9
Chainlink,KM++,37,0.6742166326752697,1298.4166749446645,0.21288415026053306,0.31671374991566537,0.3883857082363152,3
Chainlink,KM++,38,0.6742166326752697,1217.4853507441699,0.0023653707320025223,0.0024279886559561022,0.39739130738790707,9
Chainlink,KM++,39,0.6742166326752697,1270.7597214173036,0.06877471524220582,0.05173266723706737,0.35934888607389043,14
Chainlink,KM++,40,0.6742166326752697,1298.417302721174,0.20374630678265324,0.3097755491227446,0.39102824003925624,4
Chainlink,KM++,41,0.6742166326752697,1217.485248469013,0.0023653707320025223,0.0024279886559561022,0.39739130738790707,7
Chainlink,KM++,42,0.6742166326752697,1217.4815085613013,0.0023653707320025223,0.0024279886559561022,0.39739130738790707,9
Chainlink,KM++,43,0.6742166326752697,1270.7597214173036,0.06877471524220582,0.05173266723706737,0.35934888607389043,5
Chainlink,KM++,44,0.6742166326752697,1217.49415536931,0.002601619196767628,0.002598468127896449,0.3971420051221524,5
Chainlink,KM++,45,0.6742166326752697,1273.1760069475747,0.06982489751573187,0.05165956377357966,0.3592177819022335,8
Chainlink,KM++,46,0.6742166326752697,1321.9592996380445,0.23953677002616852,0.33650337074842057,0.3614208688950854,4
Chainlink,KM++,47,0.6742166326752697,1298.417302721174,0.20374630678265324,0.3097755491227446,0.39102824003925624,4
Chainlink,KM++,48,0.6742166326752697,1217.49415536931,0.002601619196767628,0.002598468127896449,0.3971420051221524,6
Chainlink,KM++,49,0.6742166326752697,1217.4815085613013,0.0023653707320025223,0.0024279886559561022,0.39739130738790707,7
Chainlink,KM++greedy,0,0.6742166326752697,1273.1760069475747,0.06982489751573187,0.05165956377357966,0.3592177819022335,9
Chainlink,KM++greedy,1,0.6742166326752697,1217.4815085613013,0.0023653707320025223,0.0024279886559561022,0.39739130738790707,11
Chainlink,KM++greedy,2,0.6742166326752697,1217.506283920793,0.002601619196767628,0.002598468127896449,0.3971420051221524,5
Chainlink,KM++greedy,3,0.6742166326752697,1298.417302721174,0.20374630678265324,0.3097755491227446,0.39102824003925624,4
Chainlink,KM++greedy,4,0.6742166326752697,1217.485248469013,0.0023653707320025223,0.0024279886559561022,0.39739130738790707,5
Chainlink,KM++greedy,5,0.6742166326752697,1217.4815085613013,0.0023653707320025223,0.0024279886559561022,0.39739130738790707,9
Chainlink,KM++greedy,6,0.6742166326752697,1217.5242342321153,0.001704769429754265,0.0019515739123611344,0.3982761191204462,6
Chainlink,KM++greedy,7,0.6742166326752697,1321.9592996380445,0.23953677002616852,0.33650337074842057,0.3614208688950854,3
Chainlink,KM++greedy,8,0.6742166326752697,1270.7597214173036,0.06877471524220582,0.05173266723706737,0.35934888607389043,4
Chainlink,KM++greedy,9,0.6742166326752697,1217.4815085613013,0.0023653707320025223,0.0024279886559561022,0.39739130738790707,11
Chainlink,KM++greedy,10,0.6742166326752697,1321.9592996380445,0.23953677002616852,0.33650337074842057,0.3614208688950854,9
Chainlink,KM++greedy,11,0.6742166326752697,1298.399803665056,0.2147357788273407,0.3181092207752965,0.38790141211646867,5
Chainlink,KM++greedy,12,0.6742166326752697,1217.485248469013,0.0023653707320025223,0.0024279886559561022,0.39739130738790707,6
Chainlink,KM++greedy,13,0.6742166326752697,1270.742713549219,0.06983536606195083,0.05249742268491857,0.35935853652371524,7
Chainlink,KM++greedy,14,0.6742166326752697,1217.5242342321153,0.001704769429754265,0.0019515739123611344,0.3982761191204462,6
Chainlink,KM++greedy,15,0.6742166326752697,1273.1760069475747,0.06982489751573187,0.05165956377357966,0.3592177819022335,9
Chainlink,KM++greedy,16,0.6742166326752697,1321.9592996380445,0.23953677002616852,0.33650337074842057,0.3614208688950854,5
Chainlink,KM++greedy,17,0.6742166326752697,1217.4815085613013,0.0023653707320025223,0.0024279886559561022,0.39739130738790707,12
Chainlink,KM++greedy,18,0.6742166326752697,1217.49415536931,0.002601619196767628,0.002598468127896449,0.3971420051221524,4
Chainlink,KM++greedy,19,0.6742166326752697,1217.4815085613013,0.0023653707320025223,0.0024279886559561022,0.39739130738790707,8
Chainlink,KM++greedy,20,0.6742166326752697,1298.417302721174,0.20374630678265324,0.3097755491227446,0.39102824003925624,4
Chainlink,KM++greedy,21,0.6742166326752697,1333.6739156683095,0.20180112934837133,0.18833097523683734,0.33134260874889937,5
Chainlink,KM++greedy,22,0.6742166326752697,1217.4815085613013,0.0023653707320025223,0.0024279886559561022,0.39739130738790707,5
Chainlink,KM++greedy,23,0.6742166326752697,1217.5673539114264,0.0015006010520439827,0.001804366844052819,0.3984010907453351,5
Chainlink,KM++greedy,24,0.6742166326752697,1217.572371819202,0.001704769429754265,0.0019515739123611344,0.39813628715540417,6
Chainlink,KM++greedy,25,0.6742166326752697,1298.399803665056,0.2147357788273407,0.3181092207752965,0.38790141211646867,7
Chainlink,KM++greedy,26,0.6742166326752697,1321.9592996380445,0.23953677002616852,0.33650337074842057,0.3614208688950854,7
Chainlink,KM++greedy,27,0.6742166326752697,1321.9592996380445,0.23953677002616852,0.33650337074842057,0.3614208688950854,5
Chainlink,KM++greedy,28,0.6742166326752697,1217.5092068108836,0.0019169538386669958,0.0021045761151562994,0.39813233273886295,6
Chainlink,KM++greedy,29,0.6742166326752697,1298.417302721174,0.20374630678265324,0.3097755491227446,0.39102824003925624,3
Chainlink,KM++greedy,30,0.6742166326752697,1217.4815085613013,0.0023653707320025223,0.0024279886559561022,0.39739130738790707,9
Chainlink,KM++greedy,31,0.6742166326752697,1270.7304401909971,0.06983312921289607,0.05231641509639369,0.35925493404477243,4
Chainlink,KM++greedy,32,0.6742166326752697,1217.4815085613013,0.0023653707320025223,0.0024279886559561022,0.39739130738790707,7
Chainlink,KM++greedy,33,0.6742166326752697,1321.9651321679041,0.23953677002616852,0.33650337074842057,0.3614208688950854,4
Chainlink,KM++greedy,34,0.6742166326752697,1321.9592996380445,0.23953677002616852,0.33650337074842057,0.3614208688950854,5
Chainlink,KM++greedy,35,0.6742166326752697,1321.9592996380445,0.23953677002616852,0.33650337074842057,0.3614208688950854,4
Chainlink,KM++greedy,36,0.6742166326752697,1298.399803665056,0.2147357788273407,0.3181092207752965,0.38790141211646867,5
Chainlink,KM++greedy,37,0.6742166326752697,1217.4815085613013,0.0023653707320025223,0.0024279886559561022,0.39739130738790707,7
Chainlink,KM++greedy,38,0.6742166326752697,1217.485248469013,0.0023653707320025223,0.0024279886559561022,0.39739130738790707,6
Chainlink,KM++greedy,39,0.6742166326752697,1217.49415536931,0.002601619196767628,0.002598468127896449,0.3971420051221524,5
Chainlink,KM++greedy,40,0.6742166326752697,1217.5092068108836,0.0019169538386669958,0.0021045761151562994,0.39813233273886295,6
Chainlink,KM++greedy,41,0.6742166326752697,1273.1760069475747,0.06982489751573187,0.05165956377357966,0.3592177819022335,7
Chainlink,KM++greedy,42,0.6742166326752697,1298.399803665056,0.2147357788273407,0.3181092207752965,0.38790141211646867,4
Chainlink,KM++greedy,43,0.6742166326752697,1321.9592996380445,0.23953677002616852,0.33650337074842057,0.3614208688950854,5
Chainlink,KM++greedy,44,0.6742166326752697,1270.7615510176154,0.0709048226113718,0.053333307260471495,0.35944824864024727,3
Chainlink,KM++greedy,45,0.6742166326752697,1270.7597214173036,0.06877471524220582,0.05173266723706737,0.35934888607389043,3
Chainlink,KM++greedy,46,0.6742166326752697,1321.9592996380445,0.23953677002616852,0.33650337074842057,0.3614208688950854,12
Chainlink,KM++greedy,47,0.6742166326752697,1217.5092068108836,0.0019169538386669958,0.0021045761151562994,0.39813233273886295,8
Chainlink,KM++greedy,48,0.6742166326752697,1217.4853507441699,0.0023653707320025223,0.0024279886559561022,0.39739130738790707,7
Chainlink,KM++greedy,49,0.6742166326752697,1217.4815085613013,0.0023653707320025223,0.0024279886559561022,0.39739130738790707,8
Chainlink,BF-refine,0,0.6742166326752697,1217.4815085613013,0.0023653707320025223,0.0024279886559561022,0.39739130738790707,4
Chainlink,BF-refine,1,0.6742166326752697,1217.5092068108836,0.0019169538386669958,0.0021045761151562994,0.39813233273886295,8
Chainlink,BF-refine,2,0.6742166326752697,1217.5092068108836,0.0019169538386669958,0.0021045761151562994,0.39813233273886295,7
Chainlink,BF-refine,3,0.6742166326752697,1321.9592996380445,0.23953677002616852,0.33650337074842057,0.3614208688950854,5
Chainlink,BF-refine,4,0.6742166326752697,1217.4815085613013,0.0023653707320025223,0.0024279886559561022,0.39739130738790707,8
Chainlink,BF-refine,5,0.6742166326752697,1298.4132064091666,0.20555783559146776,0.3111580569926741,0.3904111202683258,3
Chainlink,BF-refine,6,0.6742166326752697,1217.5092068108836,0.0019169538386669958,0.0021045761151562994,0.39813233273886295,9
Chainlink,BF-refine,7,0.6742166326752697,1217.5092068108836,0.0019169538386669958,0.0021045761151562994,0.39813233273886295,6
Chainlink,BF-refine,8,0.6742166326752697,1217.5092068108836,0.0019169538386669958,0.0021045761151562994,0.39813233273886295,7
Chainlink,BF-refine,9,0.6742166326752697,1217.5673539114264,0.0015006010520439827,0.001804366844052819,0.3984010907453351,2
Chainlink,BF-refine,10,0.6742166326752697,1273.1760069475747,0.06982489751573187,0.05165956377357966,0.3592177819022335,6
Chainlink,BF-refine,11,0.6742166326752697,1217.4815085613013,0.0023653707320025223,0.0024279886559561022,0.39739130738790707,10
Chainlink,BF-refine,12,0.6742166326752697,1217.5092068108836,0.0019169538386669958,0.0021045761151562994,0.39813233273886295,6
Chainlink,BF-refine,13,0.6742166326752697,1217.572371819202,0.001704769429754265,0.0019515739123611344,0.39813628715540417,5
Chainlink,BF-refine,14,0.6742166326752697,1217.597050655657,0.0015006010520439827,0.001804366844052819,0.3984010907453351,6
Chainlink,BF-refine,15,0.6742166326752697,1273.1760069475747,0.06982489751573187,0.05165956377357966,0.3592177819022335,8
Chainlink,BF-refine,16,0.6742166326752697,1217.4815085613013,0.0023653707320025223,0.0024279886559561022,0.39739130738790707,4
Chainlink,BF-refine,17,0.6742166326752697,1217.5673539114264,0.0015006010520439827,0.001804366844052819,0.3984010907453351,4
Chainlink,BF-refine,18,0.6742166326752697,1217.597050655657,0.0015006010520439827,0.001804366844052819,0.3984010907453351,5
Chainlink,BF-refine,19,0.6742166326752697,1217.572371819202,0.001704769429754265,0.0019515739123611344,0.39813628715540417,7
Chainlink,BF-refine,20,0.6742166326752697,1273.1760069475747,0.06982489751573187,0.05165956377357966,0.3592177819022335,5
Chainlink,BF-refine,21,0.6742166326752697,1217.597050655657,0.0015006010520439827,0.001804366844052819,0.3984010907453351,6
Chainlink,BF-refine,22,0.6742166326752697,1273.1760069475747,0.06982489751573187,0.05165956377357966,0.3592177819022335,10
Chainlink,BF-refine,23,0.6742166326752697,1217.5242342321153,0.001704769429754265,0.0019515739123611344,0.3982761191204462,4
Chainlink,BF-refine,24,0.6742166326752697,1217.4903037437057,0.0019169218360043214,0.002104484314826988,0.3977707863595474,5
Chainlink,BF-refine,25,0.6742166326752697,1217.5673539114264,0.0015006010520439827,0.001804366844052819,0.3984010907453351,4
Chainlink,BF-refine,26,0.6742166326752697,1217.4815085613013,0.0023653707320025223,0.0024279886559561022,0.39739130738790707,5
Chainlink,BF-refine,27,0.6742166326752697,1298.399803665056,0.2147357788273407,0.3181092207752965,0.38790141211646867,8
Chainlink,BF-refine,28,0.6742166326752697,1270.7597214173036,0.06877471524220582,0.05173266723706737,0.35934888607389043,12
Chainlink,BF-refine,29,0.6742166326752697,1217.4815085613013,0.0023653707320025223,0.0024279886559561022,0.39739130738790707,5
Chainlink,BF-refine,30,0.6742166326752697,1217.4815085613013,0.0023653707320025223,0.0024279886559561022,0.39739130738790707,8
Chainlink,BF-refine,31,0.6742166326752697,1217.5092068108836,0.0019169538386669958,0.0021045761151562994,0.39813233273886295,9
Chainlink,BF-refine,32,0.6742166326752697,1298.417302721174,0.20374630678265324,0.3097755491227446,0.39102824003925624,3
Chainlink,BF-refine,33,0.6742166326752697,1217.5092068108836,0.0019169538386669958,0.0021045761151562994,0.39813233273886295,7
Chainlink,BF-refine,34,0.6742166326752697,1217.5242342321153,0.001704769429754265,0.0019515739123611344,0.3982761191204462,4
Chainlink,BF-refine,35,0.6742166326752697,1270.7482179755652,0.06983536606195083,0.05249742268491857,0.35935853652371524,3
Chainlink,BF-refine,36,0.6742166326752697,1217.572371819202,0.001704769429754265,0.0019515739123611344,0.39813628715540417,7
Chainlink,BF-refine,37,0.6742166326752697,1217.5092068108836,0.0019169538386669958,0.0021045761151562994,0.39813233273886295,6
Chainlink,BF-refine,38,0.6742166326752697,1217.4815085613013,0.0023653707320025223,0.0024279886559561022,0.39739130738790707,9
Chainlink,BF-refine,39,0.6742166326752697,1217.4815085613013,0.0023653707320025223,0.0024279886559561022,0.39739130738790707,7
Chainlink,BF-refine,40,0.6742166326752697,1217.4903037437057,0.0019169218360043214,0.002104484314826988,0.3977707863595474,5
Chainlink,BF-refine,41,0.6742166326752697,1298.399803665056,0.2147357788273407,0.3181092207752965,0.38790141211646867,7
Chainlink,BF-refine,42,0.6742166326752697,1298.399803665056,0.2147357788273407,0.3181092207752965,0.38790141211646867,7
Chainlink,BF-refine,43,0.6742166326752697,1298.399803665056,0.2147357788273407,0.3181092207752965,0.38790141211646867,5
Chainlink,BF-refine,44,0.6742166326752697,1273.1760069475747,0.06982489751573187,0.05165956377357966,0.3592177819022335,8
Chainlink,BF-refine,45,0.6742166326752697,1298.399803665056,0.2147357788273407,0.3181092207752965,0.38790141211646867,4
Chainlink,BF-refine,46,0.6742166326752697,1270.7597214173036,0.06877471524220582,0.05173266723706737,0.35934888607389043,8
Chainlink,BF-refine,47,0.6742166326752697,1217.5448806444067,0.0015006010520439827,0.001804366844052819,0.3984010907453351,6
Chainlink,BF-refine,48,0.6742166326752697,1217.5448806444067,0.0015006010520439827,0.001804366844052819,0.3984010907453351,4
Chainlink,BF-refine,49,0.6742166326752697,1217.4815085613013,0.0023653707320025223,0.0024279886559561022,0.39739130738790707,6
Chainlink,KM-random,0,0.6742166326752697,1270.7597214173036,0.06877471524220582,0.05173266723706737,0.35934888607389043,9
Chainlink,KM-random,1,0.6742166326752697,1270.7597214173036,0.06877471524220582,0.05173266723706737,0.35934888607389043,9
Chainlink,KM-random,2,0.6742166326752697,1217.4815085613013,0.0023653707320025223,0.0024279886559561022,0.39739130738790707,5
Chainlink,KM-random,3,0.6742166326752697,1217.4815085613013,0.0023653707320025223,0.0024279886559561022,0.39739130738790707,7
Chainlink,KM-random,4,0.6742166326752697,1217.597050655657,0.0015006010520439827,0.001804366844052819,0.3984010907453351,7
Chainlink,KM-random,5,0.6742166326752697,1217.5092068108836,0.0019169538386669958,0.0021045761151562994,0.39813233273886295,7
Chainlink,KM-random,6,0.6742166326752697,1298.399803665056,0.2147357788273407,0.3181092207752965,0.38790141211646867,6
Chainlink,KM-random,7,0.6742166326752697,1217.485248469013,0.0023653707320025223,0.0024279886559561022,0.39739130738790707,7
Chainlink,KM-random,8,0.6742166326752697,1217.4815085613013,0.0023653707320025223,0.0024279886559561022,0.39739130738790707,6
Chainlink,KM-random,9,0.6742166326752697,1217.4915422920894,0.0019169218360043214,0.002104484314826988,0.3976343279946807,7
Chainlink,KM-random,10,0.6742166326752697,1270.7597214173036,0.06877471524220582,0.05173266723706737,0.35934888607389043,8
Chainlink,KM-random,11,0.6742166326752697,1217.4853507441699,0.0023653707320025223,0.0024279886559561022,0.39739130738790707,10
Chainlink,KM-random,12,0.6742166326752697,1270.7389738883644,0.06983312921289607,0.05231641509639369,0.35925493404477243,7
Chainlink,KM-random,13,0.6742166326752697,1298.417302721174,0.20374630678265324,0.3097755491227446,0.39102824003925624,5
Chainlink,KM-random,14,0.6742166326752697,1298.417302721174,0.20374630678265324,0.3097755491227446,0.39102824003925624,4
Chainlink,KM-random,15,0.6742166326752697,1298.417302721174,0.20374630678265324,0.3097755491227446,0.39102824003925624,5
Chainlink,KM-random,16,0.6742166326752697,1217.5242342321153,0.001704769429754265,0.0019515739123611344,0.3982761191204462,5
Chainlink,KM-random,17,0.6742166326752697,1298.399803665056,0.2147357788273407,0.3181092207752965,0.38790141211646867,4
Chainlink,KM-random,18,0.6742166326752697,1270.742713549219,0.06983536606195083,0.05249742268491857,0.35935853652371524,6
Chainlink,KM-random,19,0.6742166326752697,1298.399803665056,0.2147357788273407,0.3181092207752965,0.38790141211646867,6
Chainlink,KM-random,20,0.6742166326752697,1217.485248469013,0.0023653707320025223,0.0024279886559561022,0.39739130738790707,5
Chainlink,KM-random,21,0.6742166326752697,1273.1118077018773,0.07089396392785571,0.05244880125825734,0.359208407098837,3
Chainlink,KM-random,22,0.6742166326752697,1217.485248469013,0.0023653707320025223,0.0024279886559561022,0.39739130738790707,6
Chainlink,KM-random,23,0.6742166326752697,1217.5673539114264,0.0015006010520439827,0.001804366844052819,0.3984010907453351,5
Chainlink,KM-random,24,0.6742166326752697,1217.4815085613013,0.0023653707320025223,0.0024279886559561022,0.39739130738790707,10
Chainlink,KM-random,25,0.6742166326752697,1217.5092068108836,0.0019169538386669958,0.0021045761151562994,0.39813233273886295,8
Chainlink,KM-random,26,0.6742166326752697,1217.485248469013,0.0023653707320025223,0.0024279886559561022,0.39739130738790707,4
Chainlink,KM-random,27,0.6742166326752697,1298.399803665056,0.2147357788273407,0.3181092207752965,0.38790141211646867,5
Chainlink,KM-random,28,0.6742166326752697,1217.5092068108836,0.0019169538386669958,0.0021045761151562994,0.39813233273886295,6
Chainlink,KM-random,29,0.6742166326752697,1217.49415536931,0.002601619196767628,0.002598468127896449,0.3971420051221524,6
Chainlink,KM-random,30,0.6742166326752697,1321.9651321679041,0.23953677002616852,0.33650337074842057,0.3614208688950854,3
Chainlink,KM-random,31,0.6742166326752697,1217.4815085613013,0.0023653707320025223,0.0024279886559561022,0.39739130738790707,8
Chainlink,KM-random,32,0.6742166326752697,1273.1183375593996,0.07089396392785571,0.05244880125825734,0.359208407098837,6
Chainlink,KM-random,33,0.6742166326752697,1217.5092068108836,0.0019169538386669958,0.0021045761151562994,0.39813233273886295,9
Chainlink,KM-random,34,0.6742166326752697,1273.130027640783,0.0708940235098021,0.052453584750056625,0.3589772068483778,5
Chainlink,KM-random,35,0.6742166326752697,1217.485248469013,0.0023653707320025223,0.0024279886559561022,0.39739130738790707,7
Chainlink,KM-random,36,0.6742166326752697,1273.1758451249104,0.06982492734098458,0.05166191775101815,0.3591339295039546,5
Chainlink,KM-random,37,0.6742166326752697,1270.742713549219,0.06983536606195083,0.05249742268491857,0.35935853652371524,7
Chainlink,KM-random,38,0.6742166326752697,1321.9592996380445,0.23953677002616852,0.33650337074842057,0.3614208688950854,5
Chainlink,KM-random,39,0.6742166326752697,1217.485248469013,0.0023653707320025223,0.0024279886559561022,0.39739130738790707,7
Chainlink,KM-random,40,0.6742166326752697,1217.4815085613013,0.0023653707320025223,0.0024279886559561022,0.39739130738790707,6
Chainlink,KM-random,41,0.6742166326752697,1298.399803665056,0.2147357788273407,0.3181092207752965,0.38790141211646867,6
Chainlink,KM-random,42,0.6742166326752697,1217.485248469013,0.0023653707320025223,0.0024279886559561022,0.39739130738790707,8
Chainlink,KM-random,43,0.6742166326752697,1217.506283920793,0.002601619196767628,0.002598468127896449,0.3971420051221524,6
Chainlink,KM-random,44,0.6742166326752697,1217.485248469013,0.0023653707320025223,0.0024279886559561022,0.39739130738790707,8
Chainlink,KM-random,45,0.6742166326752697,1298.399803665056,0.2147357788273407,0.3181092207752965,0.38790141211646867,4
Chainlink,KM-random,46,0.6742166326752697,1271.7994515840273,0.06358224808601037,0.047309930462328446,0.3587879316302904,6
Chainlink,KM-random,47,0.6742166326752697,1270.8040107625582,0.06877172937483224,0.0514951436927852,0.35923990285553137,7
Chainlink,KM-random,48,0.6742166326752697,1217.5242342321153,0.001704769429754265,0.0019515739123611344,0.3982761191204462,5
Chainlink,KM-random,49,0.6742166326752697,1321.9651321679041,0.23953677002616852,0.33650337074842057,0.3614208688950854,4
Flame,CCKM,-1,1.0,296.78818191205306,0.4202316411346328,0.41045472976273145,0.36870377099880325,8
Flame,Maxmin,-1,1.0,292.35260491141565,0.40944024485706926,0.3700478781497281,0.3733173841508354,8
Flame,KM++,0,1.0,296.78818191205306,0.4202316411346328,0.41045472976273145,0.36870377099880325,6
Flame,KM++,1,1.0,292.35260491141565,0.40944024485706926,0.3700478781497281,0.3733173841508354,7
Flame,KM++,2,1.0,296.83164477355893,0.46487207541607295,0.4534562664173641,0.36977688872053754,8
Flame,KM++,3,1.0,292.35260491141565,0.40944024485706926,0.3700478781497281,0.3733173841508354,7
Flame,KM++,4,1.0,296.76740560467783,0.43115732354232095,0.43198223156102294,0.3693510264874822,4
Flame,KM++,5,1.0,292.36447278468563,0.39875873895443403,0.35427136269980297,0.37263016345453026,6
Flame,KM++,6,1.0,292.35583062074573,0.42025484355915355,0.397888986276093,0.3736248417997556,11
Flame,KM++,7,1.0,292.35583062074573,0.42025484355915355,0.397888986276093,0.3736248417997556,9
Flame,KM++,8,1.0,292.35260491141565,0.40944024485706926,0.3700478781497281,0.3733173841508354,12
Flame,KM++,9,1.0,296.78818191205306,0.4202316411346328,0.41045472976273145,0.36870377099880325,12
Flame,KM++,10,1.0,296.83164477355893,0.46487207541607295,0.4534562664173641,0.36977688872053754,10
Flame,KM++,11,1.0,296.78818191205306,0.4202316411346328,0.41045472976273145,0.36870377099880325,8
Flame,KM++,12,1.0,292.35583062074573,0.42025484355915355,0.397888986276093,0.3736248417997556,9
Flame,KM++,13,1.0,292.35583062074573,0.42025484355915355,0.397888986276093,0.3736248417997556,6
Flame,KM++,14,1.0,296.78818191205306,0.4202316411346328,0.41045472976273145,0.36870377099880325,14
Flame,KM++,15,1.0,292.35583062074573,0.42025484355915355,0.397888986276093,0.3736248417997556,9
Flame,KM++,16,1.0,296.78818191205306,0.4202316411346328,0.41045472976273145,0.36870377099880325,8
Flame,KM++,17,1.0,296.78818191205306,0.4202316411346328,0.41045472976273145,0.36870377099880325,8
Flame,KM++,18,1.0,292.35260491141565,0.40944024485706926,0.3700478781497281,0.3733173841508354,10
Flame,KM++,19,1.0,292.35583062074573,0.42025484355915355,0.397888986276093,0.3736248417997556,9
Flame,KM++,20,1.0,296.83164477355893,0.46487207541607295,0.4534562664173641,0.36977688872053754,10
Flame,KM++,21,1.0,292.35260491141565,0.40944024485706926,0.3700478781497281,0.3733173841508354,7
Flame,KM++,22,1.0,305.0536342290136,0.4879557881626009,0.44204779980920933,0.35957154812853126,3
Flame,KM++,23,1.0,292.35583062074573,0.42025484355915355,0.397888986276093,0.3736248417997556,11
Flame,KM++,24,1.0,296.83164477355893,0.46487207541607295,0.45345626641736414,0.36977688872053754,6
Flame,KM++,25,1.0,292.36447278468563,0.39875873895443403,0.35427136269980297,0.37263016345453026,6
Flame,KM++,26,1.0,296.78818191205306,0.4202316411346328,0.41045472976273145,0.36870377099880325,6
Flame,KM++,27,1.0,292.35260491141565,0.40944024485706926,0.3700478781497281,0.3733173841508354,8
Flame,KM++,28,1.0,296.83164477355893,0.46487207541607295,0.45345626641736414,0.36977688872053754,12
Flame,KM++,29,1.0,292.3371187435248,0.4312028536684043,0.4048847815372904,0.3739559584038838,3
Flame,KM++,30,1.0,296.78818191205306,0.4202316411346328,0.41045472976273145,0.36870377099880325,10
Flame,KM++,31,1.0,292.35583062074573,0.42025484355915355,0.397888986276093,0.3736248417997556,12
Flame,KM++,32,1.0,296.83164477355893,0.46487207541607295,0.4534562664173641,0.36977688872053754,12
Flame,KM++,33,1.0,296.83164477355893,0.46487207541607295,0.4534562664173641,0.36977688872053754,9
Flame,KM++,34,1.0,296.78818191205306,0.4202316411346328,0.41045472976273145,0.36870377099880325,8
Flame,KM++,35,1.0,296.78818191205306,0.4202316411346328,0.41045472976273145,0.36870377099880325,11
Flame,KM++,36,1.0,296.83164477355893,0.46487207541607295,0.45345626641736414,0.36977688872053754,6
Flame,KM++,37,1.0,296.76740560467783,0.43115732354232095,0.43198223156102294,0.3693510264874822,4
Flame,KM++,38,1.0,296.78818191205306,0.4202316411346328,0.41045472976273145,0.36870377099880325,7
Flame,KM++,39,1.0,305.01131812192574,0.4879557881626009,0.44204779980920933,0.35993393157601417,5
Flame,KM++,40,1.0,292.35583062074573,0.42025484355915355,0.397888986276093,0.3736248417997556,14
Flame,KM++,41,1.0,292.35583062074573,0.42025484355915355,0.397888986276093,0.3736248417997556,7
Flame,KM++,42,1.0,327.1497651379353,-0.0021598961373661975,0.0011041409736093934,0.2928521657360831,3
Flame,KM++,43,1.0,292.35583062074573,0.42025484355915355,0.397888986276093,0.3736248417997556,8
Flame,KM++,44,1.0,296.78818191205306,0.4202316411346328,0.41045472976273145,0.36870377099880325,8
Flame,KM++,45,1.0,292.35260491141565,0.40944024485706926,0.3700478781497281,0.3733173841508354,9
Flame,KM++,46,1.0,292.35583062074573,0.42025484355915355,0.397888986276093,0.3736248417997556,10
Flame,KM++,47,1.0,296.78818191205306,0.4202316411346328,0.41045472976273145,0.36870377099880325,7
Flame,KM++,48,1.0,296.78818191205306,0.4202316411346328,0.41045472976273145,0.36870377099880325,6
Flame,KM++,49,1.0,327.6074445731442,-0.003275343673936483,0.0007029118377723725,0.2913054618008089,2
Flame,KM++greedy,0,1.0,292.35583062074573,0.42025484355915355,0.397888986276093,0.3736248417997556,10
Flame,KM++greedy,1,1.0,292.35260491141565,0.40944024485706926,0.3700478781497281,0.3733173841508354,10
Flame,KM++greedy,2,1.0,292.35583062074573,0.42025484355915355,0.397888986276093,0.3736248417997556,8
Flame,KM++greedy,3,1.0,296.78818191205306,0.4202316411346328,0.41045472976273145,0.36870377099880325,8
Flame,KM++greedy,4,1.0,292.35260491141565,0.40944024485706926,0.3700478781497281,0.3733173841508354,10
Flame,KM++greedy,5,1.0,304.9442721259586,0.45350042255159556,0.4192963388308115,0.35919802840706094,3
Flame,KM++greedy,6,1.0,296.83164477355893,0.46487207541607295,0.4534562664173641,0.36977688872053754,4
Flame,KM++greedy,7,1.0,292.35583062074573,0.42025484355915355,0.397888986276093,0.3736248417997556,13
Flame,KM++greedy,8,1.0,292.35583062074573,0.42025484355915355,0.397888986276093,0.3736248417997556,15
Flame,KM++greedy,9,1.0,292.35583062074573,0.42025484355915355,0.397888986276093,0.3736248417997556,8
Flame,KM++greedy,10,1.0,292.35583062074573,0.42025484355915355,0.397888986276093,0.3736248417997556,4
Flame,KM++greedy,11,1.0,296.78818191205306,0.4202316411346328,0.41045472976273145,0.36870377099880325,8
Flame,KM++greedy,12,1.0,292.35583062074573,0.42025484355915355,0.397888986276093,0.3736248417997556,12
Flame,KM++greedy,13,1.0,296.83164477355893,0.46487207541607295,0.4534562664173641,0.36977688872053754,9
Flame,KM++greedy,14,1.0,292.36447278468563,0.39875873895443403,0.35427136269980297,0.37263016345453026,5
Flame,KM++greedy,15,1.0,296.78818191205306,0.4202316411346328,0.41045472976273145,0.36870377099880325,6
Flame,KM++greedy,16,1.0,296.76740560467783,0.43115732354232095,0.43198223156102294,0.3693510264874822,5
Flame,KM++greedy,17,1.0,292.35260491141565,0.40944024485706926,0.3700478781497281,0.3733173841508354,9
Flame,KM++greedy,18,1.0,296.83164477355893,0.46487207541607295,0.45345626641736414,0.36977688872053754,9
Flame,KM++greedy,19,1.0,296.78818191205306,0.4202316411346328,0.41045472976273145,0.36870377099880325,8
Flame,KM++greedy,20,1.0,292.35583062074573,0.42025484355915355,0.397888986276093,0.3736248417997556,8
Flame,KM++greedy,21,1.0,292.35583062074573,0.42025484355915355,0.397888986276093,0.3736248417997556,6
Flame,KM++greedy,22,1.0,296.78818191205306,0.4202316411346328,0.41045472976273145,0.36870377099880325,7
Flame,KM++greedy,23,1.0,292.36447278468563,0.39875873895443403,0.35427136269980297,0.37263016345453026,6
Flame,KM++greedy,24,1.0,292.35260491141565,0.40944024485706926,0.3700478781497281,0.3733173841508354,7
Flame,KM++greedy,25,1.0,296.78818191205306,0.4202316411346328,0.41045472976273145,0.36870377099880325,5
Flame,KM++greedy,26,1.0,296.83164477355893,0.46487207541607295,0.45345626641736414,0.36977688872053754,10
Flame,KM++greedy,27,1.0,292.35260491141565,0.40944024485706926,0.3700478781497281,0.3733173841508354,11
Flame,KM++greedy,28,1.0,296.78818191205306,0.4202316411346328,0.41045472976273145,0.36870377099880325,16
Flame,KM++greedy,29,1.0,296.76740560467783,0.43115732354232095,0.43198223156102294,0.3693510264874822,5
Flame,KM++greedy,30,1.0,292.35583062074573,0.42025484355915355,0.397888986276093,0.3736248417997556,9
Flame,KM++greedy,31,1.0,296.83164477355893,0.46487207541607295,0.45345626641736414,0.36977688872053754,14
Flame,KM++greedy,32,1.0,296.779071698807,0.45350042255159556,0.4461610743123011,0.3696975375974649,2
Flame,KM++greedy,33,1.0,296.78818191205306,0.4202316411346328,0.41045472976273145,0.36870377099880325,6
Flame,KM++greedy,34,1.0,292.35583062074573,0.42025484355915355,0.397888986276093,0.3736248417997556,11
Flame,KM++greedy,35,1.0,296.78818191205306,0.4202316411346328,0.41045472976273145,0.36870377099880325,11
Flame,KM++greedy,36,1.0,296.83164477355893,0.46487207541607295,0.4534562664173641,0.36977688872053754,9
Flame,KM++greedy,37,1.0,292.35260491141565,0.40944024485706926,0.3700478781497281,0.3733173841508354,7
Flame,KM++greedy,38,1.0,292.3371187435248,0.4312028536684043,0.4048847815372904,0.3739559584038838,3
Flame,KM++greedy,39,1.0,292.35583062074573,0.42025484355915355,0.397888986276093,0.3736248417997556,7
Flame,KM++greedy,40,1.0,292.35260491141565,0.40944024485706926,0.3700478781497281,0.3733173841508354,10
Flame,KM++greedy,41,1.0,296.83164477355893,0.46487207541607295,0.45345626641736414,0.36977688872053754,10
Flame,KM++greedy,42,1.0,296.83164477355893,0.46487207541607295,0.45345626641736414,0.36977688872053754,12
Flame,KM++greedy,43,1.0,296.78818191205306,0.4202316411346328,0.41045472976273145,0.36870377099880325,7
Flame,KM++greedy,44,1.0,296.83164477355893,0.46487207541607295,0.4534562664173641,0.36977688872053754,8
Flame,KM++greedy,45,1.0,292.35260491141565,0.40944024485706926,0.3700478781497281,0.3733173841508354,9
Flame,KM++greedy,46,1.0,296.76740560467783,0.43115732354232095,0.43198223156102294,0.3693510264874822,3
Flame,KM++greedy,47,1.0,296.76740560467783,0.43115732354232095,0.43198223156102294,0.3693510264874822,4
Flame,KM++greedy,48,1.0,296.78818191205306,0.4202316411346328,0.41045472976273145,0.36870377099880325,11
Flame,KM++greedy,49,1.0,304.792771452547,0.4879557881626009,0.44204779980920933,0.3600869482931429,4
Flame,BF-refine,0,1.0,304.792771452547,0.4879557881626009,0.44204779980920933,0.3600869482931429,4
Flame,BF-refine,1,1.0,292.35260491141565,0.40944024485706926,0.3700478781497281,0.3733173841508354,8
Flame,BF-refine,2,1.0,292.35260491141565,0.40944024485706926,0.3700478781497281,0.3733173841508354,6
Flame,BF-refine,3,1.0,296.78818191205306,0.4202316411346328,0.41045472976273145,0.36870377099880325,10
Flame,BF-refine,4,1.0,292.35260491141565,0.40944024485706926,0.3700478781497281,0.3733173841508354,8
Flame,BF-refine,5,1.0,292.35260491141565,0.40944024485706926,0.3700478781497281,0.3733173841508354,8
Flame,BF-refine,6,1.0,292.35583062074573,0.42025484355915355,0.397888986276093,0.3736248417997556,6
Flame,BF-refine,7,1.0,296.779071698807,0.45350042255159556,0.4461610743123011,0.3696975375974649,4
Flame,BF-refine,8,1.0,292.35583062074573,0.42025484355915355,0.397888986276093,0.3736248417997556,5
Flame,BF-refine,9,1.0,292.35583062074573,0.42025484355915355,0.397888986276093,0.3736248417997556,2
Flame,BF-refine,10,1.0,292.35260491141565,0.40944024485706926,0.3700478781497281,0.3733173841508354,11
Flame,BF-refine,11,1.0,296.83164477355893,0.46487207541607295,0.45345626641736414,0.36977688872053754,8
Flame,BF-refine,12,1.0,292.35260491141565,0.40944024485706926,0.3700478781497281,0.3733173841508354,6
Flame,BF-refine,13,1.0,304.792771452547,0.4879557881626009,0.44204779980920933,0.3600869482931429,6
Flame,BF-refine,14,1.0,292.35260491141565,0.40944024485706926,0.3700478781497281,0.3733173841508354,8
Flame,BF-refine,15,1.0,304.792771452547,0.4879557881626009,0.44204779980920933,0.3600869482931429,4
Flame,BF-refine,16,1.0,304.792771452547,0.4879557881626009,0.44204779980920933,0.3600869482931429,5
Flame,BF-refine,17,1.0,292.3371187435248,0.4312028536684043,0.4048847815372904,0.3739559584038838,3
Flame,BF-refine,18,1.0,292.35260491141565,0.40944024485706926,0.3700478781497281,0.3733173841508354,7
Flame,BF-refine,19,1.0,304.792771452547,0.4879557881626009,0.44204779980920933,0.3600869482931429,3
Flame,BF-refine,20,1.0,296.83164477355893,0.46487207541607295,0.45345626641736414,0.36977688872053754,7
Flame,BF-refine,21,1.0,292.35583062074573,0.42025484355915355,0.397888986276093,0.3736248417997556,6
Flame,BF-refine,22,1.0,304.792771452547,0.4879557881626009,0.44204779980920933,0.3600869482931429,3
Flame,BF-refine,23,1.0,296.83164477355893,0.46487207541607295,0.45345626641736414,0.36977688872053754,7
Flame,BF-refine,24,1.0,296.78818191205306,0.4202316411346328,0.41045472976273145,0.36870377099880325,10
Flame,BF-refine,25,1.0,296.76740560467783,0.43115732354232095,0.43198223156102294,0.3693510264874822,3
Flame,BF-refine,26,1.0,292.35583062074573,0.42025484355915355,0.397888986276093,0.3736248417997556,6
Flame,BF-refine,27,1.0,296.83164477355893,0.46487207541607295,0.4534562664173641,0.36977688872053754,8
Flame,BF-refine,28,1.0,292.35583062074573,0.42025484355915355,0.397888986276093,0.3736248417997556,6
Flame,BF-refine,29,1.0,296.78818191205306,0.4202316411346328,0.41045472976273145,0.36870377099880325,4
Flame,BF-refine,30,1.0,296.779071698807,0.45350042255159556,0.4461610743123011,0.3696975375974649,4
Flame,BF-refine,31,1.0,292.36447278468563,0.39875873895443403,0.35427136269980297,0.37263016345453026,2
Flame,BF-refine,32,1.0,292.35260491141565,0.40944024485706926,0.3700478781497281,0.3733173841508354,8
Flame,BF-refine,33,1.0,296.78818191205306,0.4202316411346328,0.41045472976273145,0.36870377099880325,3
Flame,BF-refine,34,1.0,296.83164477355893,0.46487207541607295,0.4534562664173641,0.36977688872053754,10
Flame,BF-refine,35,1.0,304.792771452547,0.4879557881626009,0.44204779980920933,0.3600869482931429,4
Flame,BF-refine,36,1.0,296.83164477355893,0.46487207541607295,0.45345626641736414,0.36977688872053754,13
Flame,BF-refine,37,1.0,304.95238836813587,0.464850658651929,0.4267229994760591,0.359614561912765,4
Flame,BF-refine,38,1.0,296.78818191205306,0.4202316411346328,0.41045472976273145,0.36870377099880325,6
Flame,BF-refine,39,1.0,296.83164477355893,0.46487207541607295,0.45345626641736414,0.36977688872053754,7
Flame,BF-refine,40,1.0,292.35260491141565,0.40944024485706926,0.3700478781497281,0.3733173841508354,4
Flame,BF-refine,41,1.0,305.0026879495594,0.464850658651929,0.4267229994760591,0.35939194161937993,2
Flame,BF-refine,42,1.0,292.35260491141565,0.40944024485706926,0.3700478781497281,0.3733173841508354,7
Flame,BF-refine,43,1.0,296.78818191205306,0.4202316411346328,0.41045472976273145,0.36870377099880325,10
Flame,BF-refine,44,1.0,304.9442721259586,0.45350042255159556,0.4192963388308115,0.35919802840706094,2
Flame,BF-refine,45,1.0,296.83164477355893,0.46487207541607295,0.45345626641736414,0.36977688872053754,8
Flame,BF-refine,46,1.0,292.35583062074573,0.42025484355915355,0.397888986276093,0.3736248417997556,4
Flame,BF-refine,47,1.0,296.78818191205306,0.4202316411346328,0.41045472976273145,0.36870377099880325,4
Flame,BF-refine,48,1.0,292.35583062074573,0.42025484355915355,0.397888986276093,0.3736248417997556,4
Flame,BF-refine,49,1.0,292.35583062074573,0.42025484355915355,0.397888986276093,0.3736248417997556,4
Flame,KM-random,0,1.0,296.83164477355893,0.46487207541607295,0.4534562664173641,0.36977688872053754,9
Flame,KM-random,1,1.0,296.78818191205306,0.4202316411346328,0.41045472976273145,0.36870377099880325,11
Flame,KM-random,2,1.0,296.83164477355893,0.46487207541607295,0.45345626641736414,0.36977688872053754,12
Flame,KM-random,3,1.0,296.78818191205306,0.4202316411346328,0.41045472976273145,0.36870377099880325,7
Flame,KM-random,4,1.0,292.35260491141565,0.40944024485706926,0.3700478781497281,0.3733173841508354,7
Flame,KM-random,5,1.0,296.83164477355893,0.46487207541607295,0.4534562664173641,0.36977688872053754,15
Flame,KM-random,6,1.0,296.83164477355893,0.46487207541607295,0.45345626641736414,0.36977688872053754,6
Flame,KM-random,7,1.0,292.35260491141565,0.40944024485706926,0.3700478781497281,0.3733173841508354,9
Flame,KM-random,8,1.0,296.83164477355893,0.46487207541607295,0.45345626641736414,0.36977688872053754,16
Flame,KM-random,9,1.0,292.35260491141565,0.40944024485706926,0.3700478781497281,0.3733173841508354,11
Flame,KM-random,10,1.0,296.78818191205306,0.4202316411346328,0.41045472976273145,0.36870377099880325,7
Flame,KM-random,11,1.0,296.78818191205306,0.4202316411346328,0.41045472976273145,0.36870377099880325,7
Flame,KM-random,12,1.0,296.78818191205306,0.4202316411346328,0.41045472976273145,0.36870377099880325,8
Flame,KM-random,13,1.0,292.35260491141565,0.40944024485706926,0.3700478781497281,0.3733173841508354,10
Flame,KM-random,14,1.0,296.83164477355893,0.46487207541607295,0.45345626641736414,0.36977688872053754,9
Flame,KM-random,15,1.0,292.35260491141565,0.40944024485706926,0.3700478781497281,0.3733173841508354,10
Flame,KM-random,16,1.0,296.78818191205306,0.4202316411346328,0.41045472976273145,0.36870377099880325,10
Flame,KM-random,17,1.0,296.83164477355893,0.46487207541607295,0.4534562664173641,0.36977688872053754,12
Flame,KM-random,18,1.0,292.35260491141565,0.40944024485706926,0.3700478781497281,0.3733173841508354,10
Flame,KM-random,19,1.0,296.83164477355893,0.46487207541607295,0.45345626641736414,0.36977688872053754,8
Flame,KM-random,20,1.0,296.83164477355893,0.46487207541607295,0.45345626641736414,0.36977688872053754,9
Flame,KM-random,21,1.0,304.792771452547,0.4879557881626009,0.44204779980920933,0.3600869482931429,5
Flame,KM-random,22,1.0,292.35260491141565,0.40944024485706926,0.3700478781497281,0.3733173841508354,4
Flame,KM-random,23,1.0,292.35583062074573,0.42025484355915355,0.397888986276093,0.3736248417997556,12
Flame,KM-random,24,1.0,296.83164477355893,0.46487207541607295,0.4534562664173641,0.36977688872053754,6
Flame,KM-random,25,1.0,296.78818191205306,0.4202316411346328,0.41045472976273145,0.36870377099880325,9
Flame,KM-random,26,1.0,292.35260491141565,0.40944024485706926,0.3700478781497281,0.3733173841508354,7
Flame,KM-random,27,1.0,292.35260491141565,0.40944024485706926,0.3700478781497281,0.3733173841508354,9
Flame,KM-random,28,1.0,296.83164477355893,0.46487207541607295,0.4534562664173641,0.36977688872053754,9
Flame,KM-random,29,1.0,296.83164477355893,0.46487207541607295,0.4534562664173641,0.36977688872053754,6
Flame,KM-random,30,1.0,292.35583062074573,0.42025484355915355,0.397888986276093,0.3736248417997556,5
Flame,KM-random,31,1.0,292.35583062074573,0.42025484355915355,0.397888986276093,0.3736248417997556,6
Flame,KM-random,32,1.0,296.78818191205306,0.4202316411346328,0.41045472976273145,0.36870377099880325,4
Flame,KM-random,33,1.0,292.35260491141565,0.40944024485706926,0.3700478781497281,0.3733173841508354,9
Flame,KM-random,34,1.0,296.83164477355893,0.46487207541607295,0.4534562664173641,0.36977688872053754,18
Flame,KM-random,35,1.0,292.35583062074573,0.42025484355915355,0.397888986276093,0.3736248417997556,6
Flame,KM-random,36,1.0,292.35583062074573,0.42025484355915355,0.397888986276093,0.3736248417997556,8
Flame,KM-random,37,1.0,296.83164477355893,0.46487207541607295,0.45345626641736414,0.36977688872053754,13
Flame,KM-random,38,1.0,296.78818191205306,0.4202316411346328,0.41045472976273145,0.36870377099880325,8
Flame,KM-random,39,1.0,292.35260491141565,0.40944024485706926,0.3700478781497281,0.3733173841508354,8
Flame,KM-random,40,1.0,292.35583062074573,0.42025484355915355,0.397888986276093,0.3736248417997556,10
Flame,KM-random,41,1.0,292.35260491141565,0.40944024485706926,0.3700478781497281,0.3733173841508354,7
Flame,KM-random,42,1.0,296.78818191205306,0.4202316411346328,0.41045472976273145,0.36870377099880325,6
Flame,KM-random,43,1.0,292.35583062074573,0.42025484355915355,0.397888986276093,0.3736248417997556,9
Flame,KM-random,44,1.0,296.78818191205306,0.4202316411346328,0.41045472976273145,0.36870377099880325,8
Flame,KM-random,45,1.0,292.35583062074573,0.42025484355915355,0.397888986276093,0.3736248417997556,9
Flame,KM-random,46,1.0,292.35260491141565,0.40944024485706926,0.3700478781497281,0.3733173841508354,6
Flame,KM-random,47,1.0,296.78818191205306,0.4202316411346328,0.41045472976273145,0.36870377099880325,7
Flame,KM-random,48,1.0,292.35583062074573,0.42025484355915355,0.397888986276093,0.3736248417997556,8
Flame,KM-random,49,1.0,292.36447278468563,0.39875873895443403,0.3542713626998029,0.37263016345453026,6
Pathbased,CCKM,-1,1.0,196.65421087245778,0.4797415258613849,0.5606538556651895,0.5092065033223901,6
Pathbased,Maxmin,-1,1.0,196.65421087245778,0.4797415258613849,0.5606538556651895,0.5092065033223901,7
Pathbased,KM++,0,1.0,196.65421087245778,0.4797415258613849,0.5606538556651895,0.5092065033223901,14
Pathbased,KM++,1,1.0,196.65421087245778,0.4797415258613849,0.5606538556651895,0.5092065033223901,9
Pathbased,KM++,2,1.0,196.65421087245778,0.4797415258613849,0.5606538556651895,0.5092065033223901,5
Pathbased,KM++,3,1.0,196.65421087245778,0.4797415258613849,0.5606538556651895,0.5092065033223901,6
Pathbased,KM++,4,1.0,196.65421087245778,0.4797415258613849,0.5606538556651895,0.5092065033223901,7
Pathbased,KM++,5,1.0,196.65421087245778,0.4797415258613849,0.5606538556651895,0.5092065033223901,5
Pathbased,KM++,6,1.0,196.65421087245778,0.4797415258613849,0.5606538556651895,0.5092065033223901,11
Pathbased,KM++,7,1.0,196.65421087245778,0.4797415258613849,0.5606538556651895,0.5092065033223901,10
Pathbased,KM++,8,1.0,196.65421087245778,0.4797415258613849,0.5606538556651895,0.5092065033223901,10
Pathbased,KM++,9,1.0,196.65421087245778,0.4797415258613849,0.5606538556651895,0.5092065033223901,4
Pathbased,KM++,10,1.0,196.65421087245778,0.4797415258613849,0.5606538556651895,0.5092065033223901,6
Pathbased,KM++,11,1.0,196.65421087245778,0.4797415258613849,0.5606538556651895,0.5092065033223901,4
Pathbased,KM++,12,1.0,196.65421087245778,0.4797415258613849,0.5606538556651895,0.5092065033223901,9
Pathbased,KM++,13,1.0,196.65421087245778,0.4797415258613849,0.5606538556651895,0.5092065033223901,9
Pathbased,KM++,14,1.0,196.65421087245778,0.4797415258613849,0.5606538556651895,0.5092065033223901,5
Pathbased,KM++,15,1.0,196.65421087245778,0.4797415258613849,0.5606538556651895,0.5092065033223901,3
Pathbased,KM++,16,1.0,196.65421087245778,0.4797415258613849,0.5606538556651895,0.5092065033223901,5
Pathbased,KM++,17,1.0,196.65421087245778,0.4797415258613849,0.5606538556651895,0.5092065033223901,3
Pathbased,KM++,18,1.0,196.65421087245778,0.4797415258613849,0.5606538556651895,0.5092065033223901,7
Pathbased,KM++,19,1.0,196.65421087245778,0.4797415258613849,0.5606538556651895,0.5092065033223901,4
Pathbased,KM++,20,1.0,196.65421087245778,0.4797415258613849,0.5606538556651895,0.5092065033223901,6
Pathbased,KM++,21,1.0,196.65421087245778,0.4797415258613849,0.5606538556651895,0.5092065033223901,10
Pathbased,KM++,22,1.0,196.65421087245778,0.4797415258613849,0.5606538556651895,0.5092065033223901,8
Pathbased,KM++,23,1.0,196.65421087245778,0.4797415258613849,0.5606538556651895,0.5092065033223901,7
Pathbased,KM++,24,1.0,196.65421087245778,0.4797415258613849,0.5606538556651895,0.5092065033223901,4
Pathbased,KM++,25,1.0,196.65421087245778,0.4797415258613849,0.5606538556651895,0.5092065033223901,8
Pathbased,KM++,26,1.0,196.65421087245778,0.4797415258613849,0.5606538556651895,0.5092065033223901,8
Pathbased,KM++,27,1.0,196.65421087245778,0.4797415258613849,0.5606538556651895,0.5092065033223901,12
Pathbased,KM++,28,1.0,196.65421087245778,0.4797415258613849,0.5606538556651895,0.5092065033223901,8
Pathbased,KM++,29,1.0,196.65421087245778,0.4797415258613849,0.5606538556651895,0.5092065033223901,10
Pathbased,KM++,30,1.0,196.65421087245778,0.4797415258613849,0.5606538556651895,0.5092065033223901,9
Pathbased,KM++,31,1.0,196.65421087245778,0.4797415258613849,0.5606538556651895,0.5092065033223901,13
Pathbased,KM++,32,1.0,196.65421087245778,0.4797415258613849,0.5606538556651895,0.5092065033223901,5
Pathbased,KM++,33,1.0,196.65421087245778,0.4797415258613849,0.5606538556651895,0.5092065033223901,8
Pathbased,KM++,34,1.0,196.65421087245778,0.4797415258613849,0.5606538556651895,0.5092065033223901,4
Pathbased,KM++,35,1.0,196.65421087245778,0.4797415258613849,0.5606538556651895,0.5092065033223901,6
Pathbased,KM++,36,1.0,196.65421087245778,0.4797415258613849,0.5606538556651895,0.5092065033223901,5
Pathbased,KM++,37,1.0,196.65421087245778,0.4797415258613849,0.5606538556651895,0.5092065033223901,6
Pathbased,KM++,38,1.0,196.65421087245778,0.4797415258613849,0.5606538556651895,0.5092065033223901,7
Pathbased,KM++,39,1.0,196.65421087245778,0.4797415258613849,0.5606538556651895,0.5092065033223901,10
Pathbased,KM++,40,1.0,196.65421087245778,0.4797415258613849,0.5606538556651895,0.5092065033223901,9
Pathbased,KM++,41,1.0,196.65421087245778,0.4797415258613849,0.5606538556651895,0.5092065033223901,8
Pathbased,KM++,42,1.0,196.65421087245778,0.4797415258613849,0.5606538556651895,0.5092065033223901,7
Pathbased,KM++,43,1.0,196.65421087245778,0.4797415258613849,0.5606538556651895,0.5092065033223901,13
Pathbased,KM++,44,1.0,196.65421087245778,0.4797415258613849,0.5606538556651895,0.5092065033223901,7
Pathbased,KM++,45,1.0,196.65421087245778,0.4797415258613849,0.5606538556651895,0.5092065033223901,9
Pathbased,KM++,46,1.0,196.65421087245778,0.4797415258613849,0.5606538556651895,0.5092065033223901,6
Pathbased,KM++,47,1.0,196.65421087245778,0.4797415258613849,0.5606538556651895,0.5092065033223901,16
Pathbased,KM++,48,1.0,196.65421087245778,0.4797415258613849,0.5606538556651895,0.5092065033223901,7
Pathbased,KM++,49,1.0,196.65421087245778,0.4797415258613849,0.5606538556651895,0.5092065033223901,5
Pathbased,KM++greedy,0,1.0,196.65421087245778,0.4797415258613849,0.5606538556651895,0.5092065033223901,3
Pathbased,KM++greedy,1,1.0,196.65421087245778,0.4797415258613849,0.5606538556651895,0.5092065033223901,5
Pathbased,KM++greedy,2,1.0,196.65421087245778,0.4797415258613849,0.5606538556651895,0.5092065033223901,5
Pathbased,KM++greedy,3,1.0,196.65421087245778,0.4797415258613849,0.5606538556651895,0.5092065033223901,7
Pathbased,KM++greedy,4,1.0,196.65421087245778,0.4797415258613849,0.5606538556651895,0.5092065033223901,6
Pathbased,KM++greedy,5,1.0,196.65421087245778,0.4797415258613849,0.5606538556651895,0.5092065033223901,6
Pathbased,KM++greedy,6,1.0,196.65421087245778,0.4797415258613849,0.5606538556651895,0.5092065033223901,11
Pathbased,KM++greedy,7,1.0,196.65421087245778,0.4797415258613849,0.5606538556651895,0.5092065033223901,6
Pathbased,KM++greedy,8,1.0,196.65421087245778,0.4797415258613849,0.5606538556651895,0.5092065033223901,5
Pathbased,KM++greedy,9,1.0,196.65421087245778,0.4797415258613849,0.5606538556651895,0.5092065033223901,7
Pathbased,KM++greedy,10,1.0,196.65421087245778,0.4797415258613849,0.5606538556651895,0.5092065033223901,6
Pathbased,KM++greedy,11,1.0,196.65421087245778,0.4797415258613849,0.5606538556651895,0.5092065033223901,6
Pathbased,KM++greedy,12,1.0,196.65421087245778,0.4797415258613849,0.5606538556651895,0.5092065033223901,5
Pathbased,KM++greedy,13,1.0,284.7499210858737,0.2723049244253076,0.32143752227461336,0.34175685973800135,9
Pathbased,KM++greedy,14,1.0,196.65421087245778,0.4797415258613849,0.5606538556651895,0.5092065033223901,3
Pathbased,KM++greedy,15,1.0,196.65421087245778,0.4797415258613849,0.5606538556651895,0.5092065033223901,11
Pathbased,KM++greedy,16,1.0,196.65421087245778,0.4797415258613849,0.5606538556651895,0.5092065033223901,6
Pathbased,KM++greedy,17,1.0,196.65421087245778,0.4797415258613849,0.5606538556651895,0.5092065033223901,12
Pathbased,KM++greedy,18,1.0,196.65421087245778,0.4797415258613849,0.5606538556651895,0.5092065033223901,8
Pathbased,KM++greedy,19,1.0,196.65421087245778,0.4797415258613849,0.5606538556651895,0.5092065033223901,8
Pathbased,KM++greedy,20,1.0,196.65421087245778,0.4797415258613849,0.5606538556651895,0.5092065033223901,8
Pathbased,KM++greedy,21,1.0,196.65421087245778,0.4797415258613849,0.5606538556651895,0.5092065033223901,5
Pathbased,KM++greedy,22,1.0,196.65421087245778,0.4797415258613849,0.5606538556651895,0.5092065033223901,5
Pathbased,KM++greedy,23,1.0,196.65421087245778,0.4797415258613849,0.5606538556651895,0.5092065033223901,6
Pathbased,KM++greedy,24,1.0,196.65421087245778,0.4797415258613849,0.5606538556651895,0.5092065033223901,4
Pathbased,KM++greedy,25,1.0,196.65421087245778,0.4797415258613849,0.5606538556651895,0.5092065033223901,5
Pathbased,KM++greedy,26,1.0,196.65421087245778,0.4797415258613849,0.5606538556651895,0.5092065033223901,10
Pathbased,KM++greedy,27,1.0,196.65421087245778,0.4797415258613849,0.5606538556651895,0.5092065033223901,5
Pathbased,KM++greedy,28,1.0,196.65421087245778,0.4797415258613849,0.5606538556651895,0.5092065033223901,6
Pathbased,KM++greedy,29,1.0,196.65421087245778,0.4797415258613849,0.5606538556651895,0.5092065033223901,5
Pathbased,KM++greedy,30,1.0,196.65421087245778,0.4797415258613849,0.5606538556651895,0.5092065033223901,4
Pathbased,KM++greedy,31,1.0,196.65421087245778,0.4797415258613849,0.5606538556651895,0.5092065033223901,9
Pathbased,KM++greedy,32,1.0,196.65421087245778,0.4797415258613849,0.5606538556651895,0.5092065033223901,10
Pathbased,KM++greedy,33,1.0,196.65421087245778,0.4797415258613849,0.5606538556651895,0.5092065033223901,7
Pathbased,KM++greedy,34,1.0,196.65421087245778,0.4797415258613849,0.5606538556651895,0.5092065033223901,12
Pathbased,KM++greedy,35,1.0,196.65421087245778,0.4797415258613849,0.5606538556651895,0.5092065033223901,7
Pathbased,KM++greedy,36,1.0,196.65421087245778,0.4797415258613849,0.5606538556651895,0.5092065033223901,3
Pathbased,KM++greedy,37,1.0,196.65421087245778,0.4797415258613849,0.5606538556651895,0.5092065033223901,13
Pathbased,KM++greedy,38,1.0,196.65421087245778,0.4797415258613849,0.5606538556651895,0.5092065033223901,6
Pathbased,KM++greedy,39,1.0,196.65421087245778,0.4797415258613849,0.5606538556651895,0.5092065033223901,3
Pathbased,KM++greedy,40,1.0,196.65421087245778,0.4797415258613849,0.5606538556651895,0.5092065033223901,5
Pathbased,KM++greedy,41,1.0,196.65421087245778,0.4797415258613849,0.5606538556651895,0.5092065033223901,6
Pathbased,KM++greedy,42,1.0,196.65421087245778,0.4797415258613849,0.5606538556651895,0.5092065033223901,10
Pathbased,KM++greedy,43,1.0,196.65421087245778,0.4797415258613849,0.5606538556651895,0.5092065033223901,6
Pathbased,KM++greedy,44,1.0,196.65421087245778,0.4797415258613849,0.5606538556651895,0.5092065033223901,3
Pathbased,KM++greedy,45,1.0,196.65421087245778,0.4797415258613849,0.5606538556651895,0.5092065033223901,5
Pathbased,KM++greedy,46,1.0,196.65421087245778,0.4797415258613849,0.5606538556651895,0.5092065033223901,5
Pathbased,KM++greedy,47,1.0,196.65421087245778,0.4797415258613849,0.5606538556651895,0.5092065033223901,6
Pathbased,KM++greedy,48,1.0,196.65421087245778,0.4797415258613849,0.5606538556651895,0.5092065033223901,15
Pathbased,KM++greedy,49,1.0,196.65421087245778,0.4797415258613849,0.5606538556651895,0.5092065033223901,11
Pathbased,BF-refine,0,1.0,196.65421087245778,0.4797415258613849,0.5606538556651895,0.5092065033223901,4
Pathbased,BF-refine,1,1.0,196.65421087245778,0.4797415258613849,0.5606538556651895,0.5092065033223901,5
Pathbased,BF-refine,2,1.0,196.65421087245778,0.4797415258613849,0.5606538556651895,0.5092065033223901,4
Pathbased,BF-refine,3,1.0,196.65421087245778,0.4797415258613849,0.5606538556651895,0.5092065033223901,4
Pathbased,BF-refine,4,1.0,196.65421087245778,0.4797415258613849,0.5606538556651895,0.5092065033223901,5
Pathbased,BF-refine,5,1.0,196.65421087245778,0.4797415258613849,0.5606538556651895,0.5092065033223901,4
Pathbased,BF-refine,6,1.0,196.65421087245778,0.4797415258613849,0.5606538556651895,0.5092065033223901,3
Pathbased,BF-refine,7,1.0,196.65421087245778,0.4797415258613849,0.5606538556651895,0.5092065033223901,3
Pathbased,BF-refine,8,1.0,196.65421087245778,0.4797415258613849,0.5606538556651895,0.5092065033223901,4
Pathbased,BF-refine,9,1.0,196.65421087245778,0.4797415258613849,0.5606538556651895,0.5092065033223901,5
Pathbased,BF-refine,10,1.0,196.65421087245778,0.4797415258613849,0.5606538556651895,0.5092065033223901,3
Pathbased,BF-refine,11,1.0,196.65421087245778,0.4797415258613849,0.5606538556651895,0.5092065033223901,2
Pathbased,BF-refine,12,1.0,196.65421087245778,0.4797415258613849,0.5606538556651895,0.5092065033223901,4
Pathbased,BF-refine,13,1.0,196.65421087245778,0.4797415258613849,0.5606538556651895,0.5092065033223901,4
Pathbased,BF-refine,14,1.0,196.65421087245778,0.4797415258613849,0.5606538556651895,0.5092065033223901,4
Pathbased,BF-refine,15,1.0,196.65421087245778,0.4797415258613849,0.5606538556651895,0.5092065033223901,4
Pathbased,BF-refine,16,1.0,196.65421087245778,0.4797415258613849,0.5606538556651895,0.5092065033223901,3
Pathbased,BF-refine,17,1.0,196.65421087245778,0.4797415258613849,0.5606538556651895,0.5092065033223901,3
Pathbased,BF-refine,18,1.0,196.65421087245778,0.4797415258613849,0.5606538556651895,0.5092065033223901,2
Pathbased,BF-refine,19,1.0,196.65421087245778,0.4797415258613849,0.5606538556651895,0.5092065033223901,3
Pathbased,BF-refine,20,1.0,196.65421087245778,0.4797415258613849,0.5606538556651895,0.5092065033223901,3
Pathbased,BF-refine,21,1.0,196.65421087245778,0.4797415258613849,0.5606538556651895,0.5092065033223901,4
Pathbased,BF-refine,22,1.0,196.65421087245778,0.4797415258613849,0.5606538556651895,0.5092065033223901,4
Pathbased,BF-refine,23,1.0,196.65421087245778,0.4797415258613849,0.5606538556651895,0.5092065033223901,4
Pathbased,BF-refine,24,1.0,196.65421087245778,0.4797415258613849,0.5606538556651895,0.5092065033223901,5
Pathbased,BF-refine,25,1.0,196.65421087245778,0.4797415258613849,0.5606538556651895,0.5092065033223901,3
Pathbased,BF-refine,26,1.0,196.65421087245778,0.4797415258613849,0.5606538556651895,0.5092065033223901,3
Pathbased,BF-refine,27,1.0,196.65421087245778,0.4797415258613849,0.5606538556651895,0.5092065033223901,4
Pathbased,BF-refine,28,1.0,196.65421087245778,0.4797415258613849,0.5606538556651895,0.5092065033223901,5
Pathbased,BF-refine,29,1.0,196.65421087245778,0.4797415258613849,0.5606538556651895,0.5092065033223901,4
Pathbased,BF-refine,30,1.0,196.65421087245778,0.4797415258613849,0.5606538556651895,0.5092065033223901,4
Pathbased,BF-refine,31,1.0,196.65421087245778,0.4797415258613849,0.5606538556651895,0.5092065033223901,2
Pathbased,BF-refine,32,1.0,196.65421087245778,0.4797415258613849,0.5606538556651895,0.5092065033223901,4
Pathbased,BF-refine,33,1.0,196.65421087245778,0.4797415258613849,0.5606538556651895,0.5092065033223901,4
Pathbased,BF-refine,34,1.0,196.65421087245778,0.4797415258613849,0.5606538556651895,0.5092065033223901,4
Pathbased,BF-refine,35,1.0,196.65421087245778,0.4797415258613849,0.5606538556651895,0.5092065033223901,4
Pathbased,BF-refine,36,1.0,196.65421087245778,0.4797415258613849,0.5606538556651895,0.5092065033223901,2
Pathbased,BF-refine,37,1.0,196.65421087245778,0.4797415258613849,0.5606538556651895,0.5092065033223901,6
Pathbased,BF-refine,38,1.0,196.65421087245778,0.4797415258613849,0.5606538556651895,0.5092065033223901,5
Pathbased,BF-refine,39,1.0,196.65421087245778,0.4797415258613849,0.5606538556651895,0.5092065033223901,3
Pathbased,BF-refine,40,1.0,196.65421087245778,0.4797415258613849,0.5606538556651895,0.5092065033223901,4
Pathbased,BF-refine,41,1.0,196.65421087245778,0.4797415258613849,0.5606538556651895,0.5092065033223901,4
Pathbased,BF-refine,42,1.0,196.65421087245778,0.4797415258613849,0.5606538556651895,0.5092065033223901,4
Pathbased,BF-refine,43,1.0,196.65421087245778,0.4797415258613849,0.5606538556651895,0.5092065033223901,3
Pathbased,BF-refine,44,1.0,196.65421087245778,0.4797415258613849,0.5606538556651895,0.5092065033223901,2
Pathbased,BF-refine,45,1.0,196.65421087245778,0.4797415258613849,0.5606538556651895,0.5092065033223901,4
Pathbased,BF-refine,46,1.0,196.65421087245778,0.4797415258613849,0.5606538556651895,0.5092065033223901,3
Pathbased,BF-refine,47,1.0,196.65421087245778,0.4797415258613849,0.5606538556651895,0.5092065033223901,2
Pathbased,BF-refine,48,1.0,196.65421087245778,0.4797415258613849,0.5606538556651895,0.5092065033223901,3
Pathbased,BF-refine,49,1.0,196.65421087245778,0.4797415258613849,0.5606538556651895,0.5092065033223901,4
Pathbased,KM-random,0,1.0,196.65421087245778,0.4797415258613849,0.5606538556651895,0.5092065033223901,7
Pathbased,KM-random,1,1.0,196.65421087245778,0.4797415258613849,0.5606538556651895,0.5092065033223901,10
Pathbased,KM-random,2,1.0,196.65421087245778,0.4797415258613849,0.5606538556651895,0.5092065033223901,7
Pathbased,KM-random,3,1.0,196.65421087245778,0.4797415258613849,0.5606538556651895,0.5092065033223901,8
Pathbased,KM-random,4,1.0,196.65421087245778,0.4797415258613849,0.5606538556651895,0.5092065033223901,10
Pathbased,KM-random,5,1.0,196.65421087245778,0.4797415258613849,0.5606538556651895,0.5092065033223901,19
Pathbased,KM-random,6,1.0,196.65421087245778,0.4797415258613849,0.5606538556651895,0.5092065033223901,13
Pathbased,KM-random,7,1.0,196.65421087245778,0.4797415258613849,0.5606538556651895,0.5092065033223901,8
Pathbased,KM-random,8,1.0,196.65421087245778,0.4797415258613849,0.5606538556651895,0.5092065033223901,10
Pathbased,KM-random,9,1.0,196.65421087245778,0.4797415258613849,0.5606538556651895,0.5092065033223901,9
Pathbased,KM-random,10,1.0,196.65421087245778,0.4797415258613849,0.5606538556651895,0.5092065033223901,11
Pathbased,KM-random,11,1.0,196.65421087245778,0.4797415258613849,0.5606538556651895,0.5092065033223901,12
Pathbased,KM-random,12,1.0,196.65421087245778,0.4797415258613849,0.5606538556651895,0.5092065033223901,7
Pathbased,KM-random,13,1.0,196.65421087245778,0.4797415258613849,0.5606538556651895,0.5092065033223901,6
Pathbased,KM-random,14,1.0,196.65421087245778,0.4797415258613849,0.5606538556651895,0.5092065033223901,5
Pathbased,KM-random,15,1.0,196.65421087245778,0.4797415258613849,0.5606538556651895,0.5092065033223901,15
Pathbased,KM-random,16,1.0,196.65421087245778,0.4797415258613849,0.5606538556651895,0.5092065033223901,7
Pathbased,KM-random,17,1.0,196.65421087245778,0.4797415258613849,0.5606538556651895,0.5092065033223901,5
Pathbased,KM-random,18,1.0,196.65421087245778,0.4797415258613849,0.5606538556651895,0.5092065033223901,7
Pathbased,KM-random,19,1.0,196.65421087245778,0.4797415258613849,0.5606538556651895,0.5092065033223901,8
Pathbased,KM-random,20,1.0,196.65421087245778,0.4797415258613849,0.5606538556651895,0.5092065033223901,9
Pathbased,KM-random,21,1.0,196.65421087245778,0.4797415258613849,0.5606538556651895,0.5092065033223901,12
Pathbased,KM-random,22,1.0,196.65421087245778,0.4797415258613849,0.5606538556651895,0.5092065033223901,8
Pathbased,KM-random,23,1.0,196.65421087245778,0.4797415258613849,0.5606538556651895,0.5092065033223901,12
Pathbased,KM-random,24,1.0,196.65421087245778,0.4797415258613849,0.5606538556651895,0.5092065033223901,14
Pathbased,KM-random,25,1.0,196.65421087245778,0.4797415258613849,0.5606538556651895,0.5092065033223901,3
Pathbased,KM-random,26,1.0,196.65421087245778,0.4797415258613849,0.5606538556651895,0.5092065033223901,9
Pathbased,KM-random,27,1.0,196.65421087245778,0.4797415258613849,0.5606538556651895,0.5092065033223901,12
Pathbased,KM-random,28,1.0,196.65421087245778,0.4797415258613849,0.5606538556651895,0.5092065033223901,6
Pathbased,KM-random,29,1.0,196.65421087245778,0.4797415258613849,0.5606538556651895,0.5092065033223901,10
Pathbased,KM-random,30,1.0,196.65421087245778,0.4797415258613849,0.5606538556651895,0.5092065033223901,8
Pathbased,KM-random,31,1.0,196.65421087245778,0.4797415258613849,0.5606538556651895,0.5092065033223901,14
Pathbased,KM-random,32,1.0,196.65421087245778,0.4797415258613849,0.5606538556651895,0.5092065033223901,8
Pathbased,KM-random,33,1.0,196.65421087245778,0.4797415258613849,0.5606538556651895,0.5092065033223901,13
Pathbased,KM-random,34,1.0,196.65421087245778,0.4797415258613849,0.5606538556651895,0.5092065033223901,8
Pathbased,KM-random,35,1.0,196.65421087245778,0.4797415258613849,0.5606538556651895,0.5092065033223901,7
Pathbased,KM-random,36,1.0,196.65421087245778,0.4797415258613849,0.5606538556651895,0.5092065033223901,6
Pathbased,KM-random,37,1.0,196.65421087245778,0.4797415258613849,0.5606538556651895,0.5092065033223901,4
Pathbased,KM-random,38,1.0,196.65421087245778,0.4797415258613849,0.5606538556651895,0.5092065033223901,10
Pathbased,KM-random,39,1.0,196.65421087245778,0.4797415258613849,0.5606538556651895,0.5092065033223901,6
Pathbased,KM-random,40,1.0,196.65421087245778,0.4797415258613849,0.5606538556651895,0.5092065033223901,15
Pathbased,KM-random,41,1.0,196.65421087245778,0.4797415258613849,0.5606538556651895,0.5092065033223901,11
Pathbased,KM-random,42,1.0,196.65421087245778,0.4797415258613849,0.5606538556651895,0.5092065033223901,10
Pathbased,KM-random,43,1.0,196.65421087245778,0.4797415258613849,0.5606538556651895,0.5092065033223901,13
Pathbased,KM-random,44,1.0,196.65421087245778,0.4797415258613849,0.5606538556651895,0.5092065033223901,7
Pathbased,KM-random,45,1.0,196.65421087245778,0.4797415258613849,0.5606538556651895,0.5092065033223901,8
Pathbased,KM-random,46,1.0,196.65421087245778,0.4797415258613849,0.5606538556651895,0.5092065033223901,7
Pathbased,KM-random,47,1.0,196.65421087245778,0.4797415258613849,0.5606538556651895,0.5092065033223901,7
Pathbased,KM-random,48,1.0,196.65421087245778,0.4797415258613849,0.5606538556651895,0.5092065033223901,7
Pathbased,KM-random,49,1.0,196.65421087245778,0.4797415258613849,0.5606538556651895,0.5092065033223901,10
Aggregation,CCKM,-1,1.0,165.2722759393852,0.603550798250474,0.7692868893340714,0.4484977983207327,12
Aggregation,Maxmin,-1,1.0,153.841004811763,0.74736751359786,0.8480978334355308,0.46083156555541294,9
Aggregation,KM++,0,1.0,145.49090686778368,0.7158753045445485,0.8455250261027654,0.4623568720241972,10
Aggregation,KM++,1,1.0,150.33740676771376,0.7616002959041577,0.879077645595703,0.44694966522813867,7
Aggregation,KM++,2,1.0,145.63510603031148,0.7250146018747596,0.8480746633536448,0.4631957690651944,8
Aggregation,KM++,3,1.0,158.2559197442491,0.7543923836341822,0.8433473649744563,0.44769588415102834,10
Aggregation,KM++,4,1.0,144.38712387684336,0.7393599121379325,0.843595434148606,0.47363910832475264,8
Aggregation,KM++,5,1.0,158.03429781340873,0.7493153668712264,0.8348640965574322,0.44489039204029673,25
Aggregation,KM++,6,1.0,144.16930296498947,0.7292996870911392,0.8362924043732842,0.4732015795461964,22
Aggregation,KM++,7,1.0,145.6732422502323,0.7418440852542375,0.8529171553892274,0.46483211177427247,7
Aggregation,KM++,8,1.0,144.50773208207207,0.7302737588637188,0.8406390935319513,0.47305214779788196,9
Aggregation,KM++,9,1.0,153.9767073196213,0.7614532806008868,0.8562631690043075,0.4646714046122775,7
Aggregation,KM++,10,1.0,145.6037505573656,0.7120473420269944,0.8415487075718194,0.4602139468162994,10
Aggregation,KM++,11,1.0,144.96034404912317,0.73533894795144,0.8376895750646732,0.46909547802614787,10
Aggregation,KM++,12,1.0,144.45788666005154,0.7352454235530215,0.8384809051711067,0.47158920588253533,14
Aggregation,KM++,13,1.0,157.78994720284538,0.7404641394607889,0.8293565189191661,0.4435398318808383,10
Aggregation,KM++,14,1.0,153.84228200850376,0.7476885635944516,0.8522594851767475,0.4619968529058661,9
Aggregation,KM++,15,1.0,183.05317287872427,0.7755621632925815,0.8392552810276774,0.447445222121382,10
Aggregation,KM++,16,1.0,153.85005016358866,0.7520228687710432,0.8534928824165957,0.46229789222321105,21
Aggregation,KM++,17,1.0,178.6091534675713,0.6632545087180806,0.790376898119673,0.4126690960300223,12
Aggregation,KM++,18,1.0,153.82346280526795,0.7478779905579827,0.8482864322864965,0.4625898620880369,11
Aggregation,KM++,19,1.0,182.68581008273364,0.7612852679973922,0.832626484687078,0.4397085031085109,12
Aggregation,KM++,20,1.0,144.91773449973041,0.719484063475157,0.8333282104485529,0.46798020063879703,16
Aggregation,KM++,21,1.0,168.18468202125925,0.6366058273662698,0.7846501461859089,0.4630536624361294,10
Aggregation,KM++,22,1.0,144.4220020255315,0.7430723097168778,0.8474685354293486,0.47422992375505196,5
Aggregation,KM++,23,1.0,145.49077248841283,0.7136458559115012,0.8449107809586461,0.46213660392037426,12
Aggregation,KM++,24,1.0,144.205131556411,0.7154728338240792,0.8319923834794789,0.4717578157549336,20
Aggregation,KM++,25,1.0,165.2722759393852,0.603550798250474,0.7692868893340714,0.4484977983207327,7
Aggregation,KM++,26,1.0,154.005017398462,0.7750713994759234,0.8580764824124562,0.4637069933751217,7
Aggregation,KM++,27,1.0,144.96034404912317,0.73533894795144,0.8376895750646732,0.46909547802614787,19
Aggregation,KM++,28,1.0,183.06013364981814,0.7758936473509328,0.8393947811262602,0.44833418794424806,10
Aggregation,KM++,29,1.0,144.91808263988122,0.719484063475157,0.8333282104485529,0.4680486001607906,10
Aggregation,KM++,30,1.0,145.49927853507046,0.7136458559115012,0.8449107809586461,0.4621730013648802,17
Aggregation,KM++,31,1.0,153.97291278136422,0.761419076516901,0.8522058446001474,0.46343094992606165,16
Aggregation,KM++,32,1.0,150.27019211771713,0.7614862952454886,0.8802495332493676,0.4493852287532962,8
Aggregation,KM++,33,1.0,153.82630839175604,0.7435358013463619,0.8470552788726927,0.46228702835433483,6
Aggregation,KM++,34,1.0,153.8233284258969,0.7456960567166766,0.847666314160949,0.46244882680867616,5
Aggregation,KM++,35,1.0,144.40917967971473,0.7391803728170004,0.8460290131973313,0.47350625281897524,15
Aggregation,KM++,36,1.0,150.24874184111238,0.7697983700555046,0.8870278959190169,0.4501536725071172,10
Aggregation,KM++,37,1.0,167.67231829682092,0.6292851825931012,0.7752219591531891,0.46562747215631795,6
Aggregation,KM++,38,1.0,153.8362334429611,0.74736751359786,0.8480978334355308,0.46083156555541294,9
Aggregation,KM++,39,1.0,145.6037505573656,0.7120473420269944,0.8415487075718194,0.4602139468162994,12
Aggregation,KM++,40,1.0,144.16930296498947,0.7292996870911392,0.8362924043732842,0.4732015795461964,5
Aggregation,KM++,41,1.0,173.01134386772114,0.6365179169533923,0.752948222869592,0.4242271839606933,11
Aggregation,KM++,42,1.0,144.2300055431105,0.7112817227798832,0.828522380067463,0.47159863038576993,10
Aggregation,KM++,43,1.0,153.82318155543095,0.7435358013463619,0.8470552788726926,0.46228702835433483,10
Aggregation,KM++,44,1.0,165.3059615117109,0.602463401926642,0.7688040156737926,0.447952772873517,9
Aggregation,KM++,45,1.0,158.3110510946179,0.7625664950181066,0.8489677894435546,0.44923916907994615,19
Aggregation,KM++,46,1.0,173.59314115861918,0.6238535105419606,0.7520848682583833,0.3869541316502462,11
Aggregation,KM++,47,1.0,144.20665619218508,0.7300086688413308,0.8362453400923583,0.47322835828619614,24
Aggregation,KM++,48,1.0,150.28854819608037,0.7653058602044245,0.8823652241912746,0.44854522274703257,8
Aggregation,KM++,49,1.0,153.82318155543095,0.7435358013463619,0.8470552788726927,0.46228702835433483,12
Aggregation,KM++greedy,0,1.0,153.85005016358866,0.7520228687710432,0.8534928824165956,0.46229789222321105,9
Aggregation,KM++greedy,1,1.0,163.67168445028196,0.5735565752497884,0.7632892593857009,0.4214497405411116,11
Aggregation,KM++greedy,2,1.0,145.67691157179783,0.7369288398801368,0.8514816109663089,0.4643456525328589,6
Aggregation,KM++greedy,3,1.0,147.63972954753393,0.7061676159243843,0.8454352208304272,0.4642275323845184,11
Aggregation,KM++greedy,4,1.0,144.22613641354832,0.7323137321223424,0.8390684472172822,0.47285505881396406,18
Aggregation,KM++greedy,5,1.0,144.91853135504329,0.7178349550806347,0.832885066048954,0.4678851675337531,9
Aggregation,KM++greedy,6,1.0,153.81934762066214,0.7431758695494245,0.8469176005081573,0.46148413605012656,5
Aggregation,KM++greedy,7,1.0,144.34933918970452,0.7332371615786487,0.8394280346665685,0.47332064201250396,17
Aggregation,KM++greedy,8,1.0,167.04744900075445,0.6039701561267675,0.7584410197880125,0.45700003264619443,7
Aggregation,KM++greedy,9,1.0,144.19623243872928,0.7150821868859835,0.8298548043176035,0.47181117483312285,10
Aggregation,KM++greedy,10,1.0,144.91853135504329,0.7178349550806347,0.832885066048954,0.4678851675337531,9
Aggregation,KM++greedy,11,1.0,145.50142860643248,0.71340433240943,0.8418833655707197,0.4617406887901773,12
Aggregation,KM++greedy,12,1.0,147.66135808536308,0.709265313383541,0.8472371676649847,0.4643643563228221,5
Aggregation,KM++greedy,13,1.0,144.4220020255315,0.7430723097168778,0.8474685354293487,0.47422992375505196,17
Aggregation,KM++greedy,14,1.0,144.19623243872928,0.7150821868859835,0.8298548043176033,0.47181117483312285,9
Aggregation,KM++greedy,15,1.0,177.0021171444204,0.6079345564629354,0.7906445041380238,0.4149168268117589,9
Aggregation,KM++greedy,16,1.0,147.58032797903942,0.7015763331933791,0.8464597748064095,0.4647291722776797,16
Aggregation,KM++greedy,17,1.0,147.43466702199353,0.6963335961741982,0.8423767692476066,0.4650426175316495,9
Aggregation,KM++greedy,18,1.0,144.7695306794389,0.7154241193808448,0.8313516699694561,0.46865385404670135,8
Aggregation,KM++greedy,19,1.0,145.49090686778368,0.7158753045445485,0.8455250261027653,0.4623568720241972,12
Aggregation,KM++greedy,20,1.0,145.6037505573656,0.7120473420269944,0.8415487075718193,0.4602139468162994,16
Aggregation,KM++greedy,21,1.0,144.34933918970452,0.7332371615786487,0.8394280346665681,0.47332064201250396,17
Aggregation,KM++greedy,22,1.0,144.3563918441735,0.7314365292657174,0.8388752217343219,0.4735097159311236,13
Aggregation,KM++greedy,23,1.0,144.50773208207207,0.7302737588637188,0.8406390935319512,0.47305214779788196,9
Aggregation,KM++greedy,24,1.0,150.3141110216017,0.7699055248792066,0.8870491891847226,0.44914246852105494,8
Aggregation,KM++greedy,25,1.0,144.17403692648875,0.7274640747581059,0.8356980701440501,0.4730193207648623,9
Aggregation,KM++greedy,26,1.0,147.58785570578337,0.6981552790172979,0.8400525486528624,0.4645379062444655,13
Aggregation,KM++greedy,27,1.0,144.34621911942176,0.7389045984086899,0.8413667603619197,0.4739873247713791,30
Aggregation,KM++greedy,28,1.0,144.4318557625005,0.7215740631707387,0.8345230266523376,0.47266258299013764,7
Aggregation,KM++greedy,29,1.0,151.10811296047632,0.7428665119761211,0.8653282234734309,0.44296763605933503,7
Aggregation,KM++greedy,30,1.0,147.65798086787623,0.7003399907382423,0.8408801861542818,0.46403712520613377,6
Aggregation,KM++greedy,31,1.0,144.2300055431105,0.7112817227798832,0.828522380067463,0.47159863038576993,9
Aggregation,KM++greedy,32,1.0,147.44422565972965,0.6938844667671805,0.8399180066408051,0.4650388054383575,9
Aggregation,KM++greedy,33,1.0,147.6506614646943,0.705919939072788,0.8453841571182293,0.46410362239409375,11
Aggregation,KM++greedy,34,1.0,144.91853135504329,0.7178349550806347,0.8328850660489538,0.4678851675337531,8
Aggregation,KM++greedy,35,1.0,147.65798086787623,0.7003399907382423,0.8408801861542816,0.46403712520613377,11
Aggregation,KM++greedy,36,1.0,173.62327406317445,0.624984534379946,0.7531027814239241,0.38928105441348576,9
Aggregation,KM++greedy,37,1.0,150.20385471971838,0.7426967727530395,0.86529460455207,0.44550514648326056,5
Aggregation,KM++greedy,38,1.0,144.2829695834989,0.7224038362947416,0.8361170023351616,0.4713773657856147,8
Aggregation,KM++greedy,39,1.0,168.09914989758408,0.6354125532060307,0.7821215861010768,0.462167705982979,13
Aggregation,KM++greedy,40,1.0,145.6732422502323,0.7418440852542375,0.8529171553892272,0.46483211177427247,6
Aggregation,KM++greedy,41,1.0,144.2829695834989,0.7224038362947416,0.8361170023351616,0.4713773657856147,19
Aggregation,KM++greedy,42,1.0,144.19623243872928,0.7150821868859835,0.8298548043176035,0.47181117483312285,9
Aggregation,KM++greedy,43,1.0,145.52629423531215,0.7134699523946031,0.8419072899852533,0.461362140431617,12
Aggregation,KM++greedy,44,1.0,144.4220020255315,0.7430723097168778,0.8474685354293486,0.47422992375505196,8
Aggregation,KM++greedy,45,1.0,144.37160042866603,0.7319665418141247,0.8411257652325403,0.47317681686145646,11
Aggregation,KM++greedy,46,1.0,145.49362240422982,0.7158753045445485,0.8455250261027654,0.4623568720241972,16
Aggregation,KM++greedy,47,1.0,145.50231873578744,0.7114387704411796,0.8443055248094202,0.46195032278646625,8
Aggregation,KM++greedy,48,1.0,145.49062561794673,0.7114387704411796,0.8443055248094203,0.46195032278646625,7
Aggregation,KM++greedy,49,1.0,144.91853135504329,0.7178349550806347,0.8328850660489538,0.4678851675337531,18
Aggregation,BF-refine,0,1.0,144.35134833765383,0.7412226214765688,0.844199029796446,0.47367588589554455,4
Aggregation,BF-refine,1,1.0,144.15989617580072,0.7270159840772903,0.8334748056456183,0.4731203503387717,5
Aggregation,BF-refine,2,1.0,145.51729652237054,0.71340433240943,0.8418833655707196,0.4617406887901773,8
Aggregation,BF-refine,3,1.0,144.1618451547524,0.7253236724097004,0.8329731387257858,0.47273025490780135,7
Aggregation,BF-refine,4,1.0,144.915645869563,0.7211559318268481,0.8337793271961004,0.46814272869175055,5
Aggregation,BF-refine,5,1.0,144.4736282796425,0.7327348235965495,0.8330124945182642,0.47201071351748775,6
Aggregation,BF-refine,6,1.0,145.49077248841283,0.7136458559115012,0.8449107809586461,0.46213660392037426,6
Aggregation,BF-refine,7,1.0,144.22643142885403,0.7342369874918653,0.8397162458461206,0.47290860595951933,5
Aggregation,BF-refine,8,1.0,145.6037505573656,0.7120473420269944,0.8415487075718194,0.4602139468162994,5
Aggregation,BF-refine,9,1.0,145.6037505573656,0.7120473420269944,0.8415487075718195,0.4602139468162994,8
Aggregation,BF-refine,10,1.0,144.22077368190978,0.7291435816105046,0.8342457982200391,0.4729713763748518,5
Aggregation,BF-refine,11,1.0,144.42496721633273,0.7290015313806651,0.8362528814856771,0.47137003544565786,7
Aggregation,BF-refine,12,1.0,144.15989617580072,0.7270159840772903,0.8334748056456183,0.4731203503387717,7
Aggregation,BF-refine,13,1.0,144.4041831641351,0.7352786416537005,0.8402578293025615,0.47410674123056384,7
Aggregation,BF-refine,14,1.0,144.1646301373,0.7251778992946419,0.8328814785306523,0.4729380915574376,5
Aggregation,BF-refine,15,1.0,144.22613641354832,0.7323137321223424,0.8390684472172822,0.47285505881396406,9
Aggregation,BF-refine,16,1.0,145.51729652237054,0.71340433240943,0.8418833655707196,0.4617406887901773,9
Aggregation,BF-refine,17,1.0,145.52629423531215,0.7134699523946031,0.8419072899852533,0.461362140431617,10
Aggregation,BF-refine,18,1.0,144.36657383991897,0.7430861105731499,0.8447759004312583,0.4734425744216928,6
Aggregation,BF-refine,19,1.0,144.34621911942176,0.7389045984086899,0.8413667603619197,0.4739873247713791,8
Aggregation,BF-refine,20,1.0,145.52629423531215,0.7134699523946031,0.8419072899852534,0.461362140431617,8
Aggregation,BF-refine,21,1.0,144.2374129732238,0.7352572768758481,0.8363921276908766,0.47278813104504824,5
Aggregation,BF-refine,22,1.0,147.0348093806262,0.7237829789122856,0.8329289869813079,0.45729803510968825,6
Aggregation,BF-refine,23,1.0,144.17125194394114,0.7276098468186927,0.8357896903997222,0.4728102390710155,5
Aggregation,BF-refine,24,1.0,144.92065405971675,0.7212661414756226,0.8347661818471825,0.46789197683017725,5
Aggregation,BF-refine,25,1.0,145.6037505573656,0.7120473420269944,0.8415487075718195,0.4602139468162994,7
Aggregation,BF-refine,26,1.0,144.23018047109852,0.7314248137239642,0.8370643149218616,0.4730502761680126,5
Aggregation,BF-refine,27,1.0,144.55156712621314,0.7247667250385627,0.8369762239527809,0.4733969725452697,6
Aggregation,BF-refine,28,1.0,145.6037505573656,0.7120473420269944,0.8415487075718195,0.4602139468162994,11
Aggregation,BF-refine,29,1.0,144.34621911942176,0.7389045984086899,0.8413667603619197,0.4739873247713791,9
Aggregation,BF-refine,30,1.0,144.35134833765383,0.7412226214765688,0.844199029796446,0.47367588589554455,5
Aggregation,BF-refine,31,1.0,144.37160042866603,0.7319665418141247,0.8411257652325405,0.47317681686145646,8
Aggregation,BF-refine,32,1.0,145.6037505573656,0.7120473420269944,0.8415487075718194,0.4602139468162994,10
Aggregation,BF-refine,33,1.0,144.22613641354832,0.7323137321223424,0.8390684472172822,0.47285505881396406,8
Aggregation,BF-refine,34,1.0,144.45788666005154,0.7352454235530215,0.8384809051711067,0.47158920588253533,9
Aggregation,BF-refine,35,1.0,144.22077368190978,0.7291435816105046,0.8342457982200391,0.4729713763748518,6
Aggregation,BF-refine,36,1.0,144.22643142885403,0.7342369874918653,0.8397162458461203,0.47290860595951933,5
Aggregation,BF-refine,37,1.0,145.49362240422982,0.7158753045445485,0.8455250261027655,0.4623568720241972,8
Aggregation,BF-refine,38,1.0,144.17399954977452,0.7274640747581059,0.8356980701440501,0.4730193207648623,6
Aggregation,BF-refine,39,1.0,144.4220020255315,0.7430723097168778,0.8474685354293489,0.47422992375505196,7
Aggregation,BF-refine,40,1.0,145.6037505573656,0.7120473420269944,0.8415487075718195,0.4602139468162994,11
Aggregation,BF-refine,41,1.0,144.30123889456766,0.7172962654468391,0.8307326294792243,0.4714595610002266,5
Aggregation,BF-refine,42,1.0,144.19572476722226,0.7131706114576327,0.8291821448392722,0.47167783159171955,5
Aggregation,BF-refine,43,1.0,145.6037505573656,0.7120473420269944,0.8415487075718195,0.4602139468162994,14
Aggregation,BF-refine,44,1.0,144.396649247127,0.7450141160960561,0.8454401755521365,0.4738119665855823,5
Aggregation,BF-refine,45,1.0,144.45788666005154,0.7352454235530215,0.8384809051711067,0.47158920588253533,7
Aggregation,BF-refine,46,1.0,144.19623243872928,0.7150821868859835,0.8298548043176035,0.47181117483312285,7
Aggregation,BF-refine,47,1.0,144.45483336777733,0.7285330866849893,0.8400906080843488,0.4729136958886384,5
Aggregation,BF-refine,48,1.0,144.16930296498947,0.7292996870911392,0.8362924043732844,0.4732015795461964,6
Aggregation,BF-refine,49,1.0,145.6037505573656,0.7120473420269944,0.8415487075718195,0.4602139468162994,9
Aggregation,KM-random,0,1.0,144.2300055431105,0.7112817227798832,0.828522380067463,0.47159863038576993,10
Aggregation,KM-random,1,1.0,182.69532247370816,0.764010894937979,0.833896592752236,0.44016388000093853,21
Aggregation,KM-random,2,1.0,144.16931276439786,0.7274640747581059,0.8356980701440501,0.4730193207648623,10
Aggregation,KM-random,3,1.0,145.6732422502323,0.7418440852542375,0.8529171553892272,0.46483211177427247,11
Aggregation,KM-random,4,1.0,144.4220020255315,0.7430723097168778,0.8474685354293487,0.47422992375505196,9
Aggregation,KM-random,5,1.0,158.31389668110597,0.7582714156187864,0.8477288797631866,0.44902301127882194,8
Aggregation,KM-random,6,1.0,172.88718784856454,0.6136890144110241,0.7727715911209444,0.458727322229564,18
Aggregation,KM-random,7,1.0,153.82680485526703,0.7453459919307535,0.8493771197590799,0.46131322136244385,14
Aggregation,KM-random,8,1.0,165.27362608702992,0.6022940506485577,0.7687728063463676,0.44831547498845065,10
Aggregation,KM-random,9,1.0,144.2781349554037,0.7184498810957191,0.8346679826676339,0.4713813985819927,9
Aggregation,KM-random,10,1.0,153.83222690725663,0.748198617816583,0.8524494882828828,0.46375294689179886,8
Aggregation,KM-random,11,1.0,165.57970439484708,0.5923686356332496,0.761674655487917,0.4491082287726849,11
Aggregation,KM-random,12,1.0,162.13047701689138,0.6042990828780997,0.7621415827606118,0.43552664838796024,11
Aggregation,KM-random,13,1.0,221.75362183517643,0.756716903699079,0.8337581190255567,0.47312629658395505,10
Aggregation,KM-random,14,1.0,175.91037501391975,0.6186345449724824,0.7393372733112746,0.38397656130224983,9
Aggregation,KM-random,15,1.0,147.58032797903942,0.7015763331933791,0.8464597748064094,0.4647291722776797,15
Aggregation,KM-random,16,1.0,144.93443514140705,0.7233667198294729,0.8353350800646665,0.46802445634167056,14
Aggregation,KM-random,17,1.0,144.91853135504329,0.7178349550806347,0.832885066048954,0.4678851675337531,23
Aggregation,KM-random,18,1.0,144.43733336924777,0.726707650887603,0.8394554990228763,0.47275677689949513,8
Aggregation,KM-random,19,1.0,168.19618925544376,0.6373457624646641,0.7851239392650825,0.46220233234397257,8
Aggregation,KM-random,20,1.0,147.56172398947763,0.6991078116564093,0.8436354193390188,0.4648933946194727,10
Aggregation,KM-random,21,1.0,173.0017781062693,0.6097731507995416,0.7697640832778266,0.45852879549341463,9
Aggregation,KM-random,22,1.0,145.49122260647562,0.7136458559115012,0.8449107809586461,0.4621730013648802,13
Aggregation,KM-random,23,1.0,158.3293738343427,0.7605864945147975,0.8506277614836294,0.44900170125613303,9
Aggregation,KM-random,24,1.0,167.85924685329212,0.6218054456660144,0.7724461472089378,0.46587316319703315,11
Aggregation,KM-random,25,1.0,144.19623243872928,0.7150821868859835,0.8298548043176035,0.47181117483312285,12
Aggregation,KM-random,26,1.0,165.51165437090043,0.5978981718921166,0.7639887638283297,0.44980601693474936,16
Aggregation,KM-random,27,1.0,165.26394099774956,0.5975904826572526,0.7667395727024315,0.44675210348342165,29
Aggregation,KM-random,28,1.0,153.82318155543095,0.7435358013463619,0.8470552788726927,0.46228702835433483,9
Aggregation,KM-random,29,1.0,174.91457737879733,0.6406106363563177,0.7995885108440968,0.4620144887119683,8
Aggregation,KM-random,30,1.0,163.66195530352172,0.5712799270230463,0.7607046790883316,0.42121460107808895,21
Aggregation,KM-random,31,1.0,147.46515423467588,0.6938221614344732,0.839904882958842,0.46499268576164443,11
Aggregation,KM-random,32,1.0,144.3823373902095,0.7301909703070155,0.8405586554004472,0.4730231051008201,11
Aggregation,KM-random,33,1.0,144.4220020255315,0.7430723097168778,0.8474685354293487,0.47422992375505196,12
Aggregation,KM-random,34,1.0,145.6732422502323,0.7418440852542375,0.8529171553892274,0.46483211177427247,13
Aggregation,KM-random,35,1.0,144.45788666005154,0.7352454235530215,0.8384809051711068,0.47158920588253533,15
Aggregation,KM-random,36,1.0,144.50773208207207,0.7302737588637188,0.8406390935319513,0.47305214779788196,10
Aggregation,KM-random,37,1.0,145.49062561794673,0.7114387704411796,0.8443055248094202,0.46195032278646625,10
Aggregation,KM-random,38,1.0,147.50920334634765,0.7011791742612022,0.843209635324766,0.46527868617710444,9
Aggregation,KM-random,39,1.0,167.07589701215628,0.6107554758585525,0.7612133418382464,0.4587140791634279,18
Aggregation,KM-random,40,1.0,145.49062561794673,0.7114387704411796,0.8443055248094203,0.46195032278646625,12
Aggregation,KM-random,41,1.0,153.82839297248785,0.7478401605829867,0.8523106120004379,0.4629466770868562,9
Aggregation,KM-random,42,1.0,145.49062561794673,0.7114387704411796,0.8443055248094202,0.46195032278646625,10
Aggregation,KM-random,43,1.0,167.36464882044183,0.6071204244940328,0.759361853592691,0.4587240917437405,11
Aggregation,KM-random,44,1.0,173.63158572604183,0.6264424612384163,0.753400411715423,0.3892304288701807,7
Aggregation,KM-random,45,1.0,172.83897725105265,0.6172893904591163,0.7410821899475711,0.4197784384982247,9
Aggregation,KM-random,46,1.0,165.3034986984178,0.5981787222543159,0.7668472863232824,0.4460143332939149,17
Aggregation,KM-random,47,1.0,161.39051519372953,0.6049664776260113,0.7677301437959303,0.4345646119067002,15
Aggregation,KM-random,48,1.0,163.67168445028196,0.5735565752497884,0.7632892593857009,0.4214497405411116,17
Aggregation,KM-random,49,1.0,150.32006860914302,0.7592124860282832,0.876594497970376,0.44703277636914635,19
R15,CCKM,-1,1.0,15.712343353047691,0.8951993827453719,0.9564100986619063,0.6748947461642084,8
R15,Maxmin,-1,1.0,10.204808867138706,0.9927781994136302,0.9942285075104653,0.7527351144186861,4
R15,KM++,0,1.0,20.666830346358974,0.8057138701989301,0.9196991541992606,0.6106538297042484,9
R15,KM++,1,1.0,15.398024928931283,0.8970162549199059,0.9583573831366906,0.6789457553569296,5
R15,KM++,2,1.0,14.792689001722767,0.8848542386711808,0.9509392483624015,0.6768320017656606,5
R15,KM++,3,1.0,17.331910551725553,0.879451803435884,0.9423525299371298,0.6543248444616292,6
R15,KM++,4,1.0,21.339441138972084,0.7777467025511284,0.9034063423328466,0.5925676287881936,5
R15,KM++,5,1.0,21.315655145747023,0.812293669222057,0.9263957561563174,0.5949621007968022,8
R15,KM++,6,1.0,20.08146796933137,0.8101335876672255,0.9283660787688666,0.6165983167174687,7
R15,KM++,7,1.0,15.699289483823714,0.9013043077659824,0.9567877026379286,0.6836743626365775,5
R15,KM++,8,1.0,15.398024928931283,0.8970162549199059,0.9583573831366903,0.6789457553569296,11
R15,KM++,9,1.0,15.491108218380733,0.8916868104080772,0.9548467774262018,0.6760694888176271,5
R15,KM++,10,1.0,14.828753903050353,0.8955193189499046,0.9573973690774037,0.6780142166749383,6
R15,KM++,11,1.0,10.204808867138706,0.9927781994136302,0.9942285075104654,0.7527351144186861,5
R15,KM++,12,1.0,10.204808867138706,0.9927781994136302,0.9942285075104654,0.7527351144186861,4
R15,KM++,13,1.0,20.272388459497044,0.7954195291767318,0.9124246725562057,0.6107096658065834,7
R15,KM++,14,1.0,10.204808867138706,0.9927781994136302,0.9942285075104654,0.7527351144186861,6
R15,KM++,15,1.0,14.770756232607106,0.8945567629181794,0.9570939263237032,0.6838635770801549,9
R15,KM++,16,1.0,15.31385050915773,0.89563950117631,0.9569898556503105,0.6760130208000215,5
R15,KM++,17,1.0,20.275426551219063,0.8051193592610562,0.9228624294912501,0.6094992277565797,6
R15,KM++,18,1.0,33.25246130123088,0.6397981344413939,0.8602691856776503,0.5349880461271037,11
R15,KM++,19,1.0,14.729906893160717,0.8939785197883459,0.9569144660161764,0.6862072942654838,7
R15,KM++,20,1.0,15.317772570722116,0.8969670280211951,0.9565409360765449,0.6922396320351175,9
R15,KM++,21,1.0,21.40615480776578,0.8066256298706143,0.9211409039433625,0.6102256036499324,5
R15,KM++,22,1.0,15.513755601745716,0.8955430877252833,0.9526950418201329,0.6900171936313536,5
R15,KM++,23,1.0,10.204808867138706,0.9927781994136302,0.9942285075104654,0.7527351144186861,3
R15,KM++,24,1.0,20.423473948459204,0.8026271440454893,0.919433716872926,0.5993063431969101,5
R15,KM++,25,1.0,15.337938639123646,0.89869305514326,0.9588858627853555,0.6816164781182202,7
R15,KM++,26,1.0,15.38425512681131,0.8993147239089608,0.9590865356621068,0.6786563969699496,5
R15,KM++,27,1.0,20.24670214987965,0.7975939511442078,0.9155420475499053,0.6078507266472568,5
R15,KM++,28,1.0,20.118720741289764,0.8132733085364339,0.9249602117741597,0.6194433835572046,5
R15,KM++,29,1.0,26.369577945552468,0.7448140496576604,0.9033751417799775,0.5586313621017667,8
R15,KM++,30,1.0,21.314820679210722,0.8117699026595124,0.922270310364695,0.6097475235369268,7
R15,KM++,31,1.0,15.322644061577245,0.8942682198606697,0.9558148498068982,0.6778892488452165,8
R15,KM++,32,1.0,16.010428724266674,0.9021311860673291,0.9623032882442425,0.6671420382885132,7
R15,KM++,33,1.0,15.53243568907398,0.8951194495877172,0.9563948690669721,0.6777690119722362,8
R15,KM++,34,1.0,21.69373663998263,0.7677995628675279,0.9138360204358106,0.5962175627584207,8
R15,KM++,35,1.0,19.95355205727075,0.8120877869626197,0.924553487556017,0.6217729788292288,8
R15,KM++,36,1.0,20.372818194595357,0.8164300406428449,0.9226373600097973,0.6450594759256422,6
R15,KM++,37,1.0,15.317173895164176,0.8970964313298817,0.9583733318933009,0.6823106771199224,7
R15,KM++,38,1.0,10.204808867138706,0.9927781994136302,0.9942285075104654,0.7527351144186861,3
R15,KM++,39,1.0,10.204808867138706,0.9927781994136302,0.9942285075104654,0.7527351144186861,3
R15,KM++,40,1.0,15.29085314094181,0.8920378650035241,0.9523568745941012,0.6910653924996591,17
R15,KM++,41,1.0,16.519365993162538,0.8894730352186123,0.954460617691407,0.6567708077695307,7
R15,KM++,42,1.0,16.446186182319074,0.8896671598245446,0.9545198459346494,0.6624947682358575,5
R15,KM++,43,1.0,22.171558891210505,0.784089874150022,0.9024792449750968,0.5989031144235172,5
R15,KM++,44,1.0,26.743763977502844,0.7126891197800976,0.8751672971102986,0.5688343970760671,9
R15,KM++,45,1.0,21.211400647204727,0.7789538351164379,0.9037993303356024,0.5960352928356538,9
R15,KM++,46,1.0,14.83962643113744,0.8945567629181794,0.9570939263237032,0.6773840410408627,8
R15,KM++,47,1.0,21.39434931213459,0.7699520417649474,0.897900372536435,0.5975160175572111,10
R15,KM++,48,1.0,15.487538198671084,0.8936180274693281,0.9554986778382806,0.6868936403915702,3
R15,KM++,49,1.0,26.427594497671375,0.7486643500387272,0.9070292679070558,0.5568708019762275,8
R15,KM++greedy,0,1.0,10.204808867138706,0.9927781994136302,0.9942285075104653,0.7527351144186861,9
R15,KM++greedy,1,1.0,10.204808867138706,0.9927781994136302,0.9942285075104654,0.7527351144186861,4
R15,KM++greedy,2,1.0,10.204808867138706,0.9927781994136302,0.9942285075104654,0.7527351144186861,3
R15,KM++greedy,3,1.0,10.204808867138706,0.9927781994136302,0.9942285075104654,0.7527351144186861,3
R15,KM++greedy,4,1.0,10.204808867138706,0.9927781994136302,0.9942285075104654,0.7527351144186861,5
R15,KM++greedy,5,1.0,10.204808867138706,0.9927781994136302,0.9942285075104654,0.7527351144186861,4
R15,KM++greedy,6,1.0,10.204808867138706,0.9927781994136302,0.9942285075104653,0.7527351144186861,4
R15,KM++greedy,7,1.0,10.204808867138706,0.9927781994136302,0.9942285075104654,0.7527351144186861,2
R15,KM++greedy,8,1.0,15.372879132051175,0.8987025428264086,0.958820941673846,0.6820717315429954,8
R15,KM++greedy,9,1.0,10.204808867138706,0.9927781994136302,0.9942285075104653,0.7527351144186861,3
R15,KM++greedy,10,1.0,10.204808867138706,0.9927781994136302,0.9942285075104654,0.7527351144186861,4
R15,KM++greedy,11,1.0,14.774879395397043,0.887179080807688,0.9520071121536718,0.6805336760501683,6
R15,KM++greedy,12,1.0,10.204808867138706,0.9927781994136302,0.9942285075104654,0.7527351144186861,4
R15,KM++greedy,13,1.0,10.204808867138706,0.9927781994136302,0.9942285075104654,0.7527351144186861,3
R15,KM++greedy,14,1.0,10.204808867138706,0.9927781994136302,0.9942285075104653,0.7527351144186861,4
R15,KM++greedy,15,1.0,10.204808867138706,0.9927781994136302,0.9942285075104654,0.7527351144186861,4
R15,KM++greedy,16,1.0,10.204808867138706,0.9927781994136302,0.9942285075104653,0.7527351144186861,5
R15,KM++greedy,17,1.0,10.204808867138706,0.9927781994136302,0.9942285075104654,0.7527351144186861,3
R15,KM++greedy,18,1.0,15.710685435354325,0.8873557657012625,0.9514836729908144,0.6730298649958982,6
R15,KM++greedy,19,1.0,15.324793705869194,0.89877325249081,0.9589018122405659,0.6812907942285608,4
R15,KM++greedy,20,1.0,14.761794693632476,0.8961441890809658,0.9575976599158912,0.684136128327614,4
R15,KM++greedy,21,1.0,10.204808867138706,0.9927781994136302,0.9942285075104653,0.7527351144186861,13
R15,KM++greedy,22,1.0,10.208495769672908,0.9927781994136302,0.9942285075104654,0.7527351144186861,3
R15,KM++greedy,23,1.0,10.204808867138706,0.9927781994136302,0.9942285075104653,0.7527351144186861,5
R15,KM++greedy,24,1.0,10.204808867138706,0.9927781994136302,0.9942285075104654,0.7527351144186861,4
R15,KM++greedy,25,1.0,15.484288177238126,0.8885589299992774,0.9507189839157976,0.6839516790099007,5
R15,KM++greedy,26,1.0,10.204808867138706,0.9927781994136302,0.9942285075104654,0.7527351144186861,6
R15,KM++greedy,27,1.0,10.204808867138706,0.9927781994136302,0.9942285075104654,0.7527351144186861,4
R15,KM++greedy,28,1.0,14.747367265578472,0.8815549563121979,0.9480739746614166,0.6806272400702721,9
R15,KM++greedy,29,1.0,14.806390181470853,0.8838984560677579,0.9488044749993917,0.6767351413091534,7
R15,KM++greedy,30,1.0,14.668522452889109,0.8809677249003687,0.9478963354483585,0.6809886543750756,5
R15,KM++greedy,31,1.0,10.204808867138706,0.9927781994136302,0.9942285075104654,0.7527351144186861,4
R15,KM++greedy,32,1.0,10.204808867138706,0.9927781994136302,0.9942285075104653,0.7527351144186861,4
R15,KM++greedy,33,1.0,10.204808867138706,0.9927781994136302,0.9942285075104654,0.7527351144186861,3
R15,KM++greedy,34,1.0,10.204808867138706,0.9927781994136302,0.9942285075104654,0.7527351144186861,6
R15,KM++greedy,35,1.0,10.204808867138706,0.9927781994136302,0.9942285075104654,0.7527351144186861,3
R15,KM++greedy,36,1.0,10.204808867138706,0.9927781994136302,0.9942285075104654,0.7527351144186861,5
R15,KM++greedy,37,1.0,10.204808867138706,0.9927781994136302,0.9942285075104654,0.7527351144186861,4
R15,KM++greedy,38,1.0,10.204808867138706,0.9927781994136302,0.9942285075104654,0.7527351144186861,5
R15,KM++greedy,39,1.0,10.204808867138706,0.9927781994136302,0.9942285075104654,0.7527351144186861,4
R15,KM++greedy,40,1.0,17.29816769340382,0.8797944736082369,0.9424557746886042,0.6573909804713657,5
R15,KM++greedy,41,1.0,10.204808867138706,0.9927781994136302,0.9942285075104654,0.7527351144186861,5
R15,KM++greedy,42,1.0,14.77356568778632,0.8955193189499046,0.9573973690774035,0.6850595282550617,3
R15,KM++greedy,43,1.0,10.204808867138706,0.9927781994136302,0.9942285075104654,0.7527351144186861,4
R15,KM++greedy,44,1.0,15.321415597583867,0.9008423564348034,0.959591542694207,0.6829743816168714,4
R15,KM++greedy,45,1.0,10.204808867138706,0.9927781994136302,0.9942285075104654,0.7527351144186861,3
R15,KM++greedy,46,1.0,10.204808867138706,0.9927781994136302,0.9942285075104654,0.7527351144186861,3
R15,KM++greedy,47,1.0,10.204808867138706,0.9927781994136302,0.9942285075104654,0.7527351144186861,5
R15,KM++greedy,48,1.0,10.204808867138706,0.9927781994136302,0.9942285075104654,0.7527351144186861,5
R15,KM++greedy,49,1.0,10.204808867138706,0.9927781994136302,0.9942285075104654,0.7527351144186861,4
R15,BF-refine,0,1.0,10.204808867138706,0.9927781994136302,0.9942285075104653,0.7527351144186861,2
R15,BF-refine,1,1.0,10.204808867138706,0.9927781994136302,0.9942285075104654,0.7527351144186861,2
R15,BF-refine,2,1.0,10.204808867138706,0.9927781994136302,0.9942285075104654,0.7527351144186861,3
R15,BF-refine,3,1.0,10.204808867138706,0.9927781994136302,0.9942285075104654,0.7527351144186861,2
R15,BF-refine,4,1.0,10.204808867138706,0.9927781994136302,0.9942285075104654,0.7527351144186861,3
R15,BF-refine,5,1.0,10.204808867138706,0.9927781994136302,0.9942285075104654,0.7527351144186861,2
R15,BF-refine,6,1.0,10.204808867138706,0.9927781994136302,0.9942285075104654,0.7527351144186861,2
R15,BF-refine,7,1.0,10.204808867138706,0.9927781994136302,0.9942285075104654,0.7527351144186861,3
R15,BF-refine,8,1.0,10.204808867138706,0.9927781994136302,0.9942285075104653,0.7527351144186861,3
R15,BF-refine,9,1.0,10.204808867138706,0.9927781994136302,0.9942285075104653,0.7527351144186861,4
R15,BF-refine,10,1.0,10.204808867138706,0.9927781994136302,0.9942285075104654,0.7527351144186861,3
R15,BF-refine,11,1.0,10.204808867138706,0.9927781994136302,0.9942285075104654,0.7527351144186861,3
R15,BF-refine,12,1.0,10.204808867138706,0.9927781994136302,0.9942285075104654,0.7527351144186861,2
R15,BF-refine,13,1.0,10.204808867138706,0.9927781994136302,0.9942285075104654,0.7527351144186861,2
R15,BF-refine,14,1.0,10.204808867138706,0.9927781994136302,0.9942285075104654,0.7527351144186861,4
R15,BF-refine,15,1.0,10.204808867138706,0.9927781994136302,0.9942285075104654,0.7527351144186861,3
R15,BF-refine,16,1.0,10.204808867138706,0.9927781994136302,0.9942285075104653,0.7527351144186861,2
R15,BF-refine,17,1.0,10.204808867138706,0.9927781994136302,0.9942285075104654,0.7527351144186861,2
R15,BF-refine,18,1.0,10.204808867138706,0.9927781994136302,0.9942285075104654,0.7527351144186861,2
R15,BF-refine,19,1.0,10.204808867138706,0.9927781994136302,0.9942285075104654,0.7527351144186861,3
R15,BF-refine,20,1.0,10.204808867138706,0.9927781994136302,0.9942285075104654,0.7527351144186861,3
R15,BF-refine,21,1.0,10.204808867138706,0.9927781994136302,0.9942285075104654,0.7527351144186861,3
R15,BF-refine,22,1.0,10.204808867138706,0.9927781994136302,0.9942285075104654,0.7527351144186861,3
R15,BF-refine,23,1.0,10.204808867138706,0.9927781994136302,0.9942285075104654,0.7527351144186861,3
R15,BF-refine,24,1.0,10.204808867138706,0.9927781994136302,0.9942285075104654,0.7527351144186861,2
R15,BF-refine,25,1.0,10.204808867138706,0.9927781994136302,0.9942285075104654,0.7527351144186861,3
R15,BF-refine,26,1.0,10.204808867138706,0.9927781994136302,0.9942285075104654,0.7527351144186861,2
R15,BF-refine,27,1.0,10.204808867138706,0.9927781994136302,0.9942285075104653,0.7527351144186861,4
R15,BF-refine,28,1.0,10.204808867138706,0.9927781994136302,0.9942285075104654,0.7527351144186861,3
R15,BF-refine,29,1.0,10.204808867138706,0.9927781994136302,0.9942285075104654,0.7527351144186861,3
R15,BF-refine,30,1.0,10.204808867138706,0.9927781994136302,0.9942285075104654,0.7527351144186861,2
R15,BF-refine,31,1.0,10.204808867138706,0.9927781994136302,0.9942285075104654,0.7527351144186861,3
R15,BF-refine,32,1.0,10.204808867138706,0.9927781994136302,0.9942285075104654,0.7527351144186861,3
R15,BF-refine,33,1.0,10.204808867138706,0.9927781994136302,0.9942285075104654,0.7527351144186861,2
R15,BF-refine,34,1.0,10.204808867138706,0.9927781994136302,0.9942285075104654,0.7527351144186861,2
R15,BF-refine,35,1.0,10.204808867138706,0.9927781994136302,0.9942285075104654,0.7527351144186861,2
R15,BF-refine,36,1.0,10.204808867138706,0.9927781994136302,0.9942285075104654,0.7527351144186861,2
R15,BF-refine,37,1.0,10.204808867138706,0.9927781994136302,0.9942285075104654,0.7527351144186861,2
R15,BF-refine,38,1.0,10.204808867138706,0.9927781994136302,0.9942285075104654,0.7527351144186861,3
R15,BF-refine,39,1.0,10.204808867138706,0.9927781994136302,0.9942285075104653,0.7527351144186861,2
R15,BF-refine,40,1.0,10.204808867138706,0.9927781994136302,0.9942285075104654,0.7527351144186861,3
R15,BF-refine,41,1.0,10.204808867138706,0.9927781994136302,0.9942285075104654,0.7527351144186861,2
R15,BF-refine,42,1.0,10.204808867138706,0.9927781994136302,0.9942285075104654,0.7527351144186861,3
R15,BF-refine,43,1.0,10.204808867138706,0.9927781994136302,0.9942285075104653,0.7527351144186861,2
R15,BF-refine,44,1.0,10.204808867138706,0.9927781994136302,0.9942285075104654,0.7527351144186861,3
R15,BF-refine,45,1.0,10.204808867138706,0.9927781994136302,0.9942285075104654,0.7527351144186861,3
R15,BF-refine,46,1.0,10.204808867138706,0.9927781994136302,0.9942285075104653,0.7527351144186861,3
R15,BF-refine,47,1.0,10.204808867138706,0.9927781994136302,0.9942285075104654,0.7527351144186861,2
R15,BF-refine,48,1.0,10.204808867138706,0.9927781994136302,0.9942285075104654,0.7527351144186861,3
R15,BF-refine,49,1.0,10.204808867138706,0.9927781994136302,0.9942285075104654,0.7527351144186861,3
R15,KM-random,0,1.0,20.767627601103094,0.8040695133159246,0.9185755531288702,0.6055826932441614,7
R15,KM-random,1,1.0,20.43349860035056,0.819939424277677,0.9249813379421821,0.6429094331406342,10
R15,KM-random,2,1.0,21.750744000312284,0.7872123256536699,0.9031671502981481,0.6266369846964487,12
R15,KM-random,3,1.0,15.58380286609624,0.8813810996267268,0.9486665089682568,0.6690225899863865,9
R15,KM-random,4,1.0,32.792972703231456,0.6102725391140353,0.843724740899372,0.48947242493102444,8
R15,KM-random,5,1.0,15.794189172873303,0.8968930389583377,0.9578753308057729,0.6747459070472748,11
R15,KM-random,6,1.0,70.86898439237011,0.8156879833511518,0.9280336698407956,0.5754402026222067,6
R15,KM-random,7,1.0,22.169860061496315,0.7922239655347463,0.9094259142974798,0.6269007077344017,8
R15,KM-random,8,1.0,20.900459111296968,0.8143857945774258,0.9292699136255842,0.6117022684392738,7
R15,KM-random,9,1.0,46.40291667228423,0.5177670980688731,0.8072962442938291,0.4828631615234616,10
R15,KM-random,10,1.0,71.2088164195762,0.8008255780858566,0.9197090477162059,0.5648121736692447,7
R15,KM-random,11,1.0,21.689700140349142,0.8093704888838913,0.9195655896162399,0.6291858110043905,15
R15,KM-random,12,1.0,23.5995804962383,0.8013132942034751,0.9146671841001212,0.5904805763989234,8
R15,KM-random,13,1.0,46.29840137540433,0.51596529163678,0.8068262277094639,0.4821050357332118,9
R15,KM-random,14,1.0,21.2035774385328,0.8072813838600482,0.9211961711183579,0.5893760227815661,9
R15,KM-random,15,1.0,21.07450796405277,0.8147093239110605,0.9263161617477517,0.6076216540758907,12
R15,KM-random,16,1.0,66.32379219125939,0.9080357068724645,0.9690497378760144,0.6537964821654207,5
R15,KM-random,17,1.0,10.204808867138706,0.9927781994136302,0.9942285075104654,0.7527351144186861,8
R15,KM-random,18,1.0,26.546367527317223,0.6673427925726175,0.8611524724468902,0.5284421389199782,13
R15,KM-random,19,1.0,66.32937696099914,0.9067693842824223,0.965480768862559,0.6527591067609071,10
R15,KM-random,20,1.0,15.846057429992168,0.8904831593918288,0.9526069425184998,0.6666700428932012,7
R15,KM-random,21,1.0,20.3552751421073,0.8016886951950465,0.9185732863819175,0.6017662914403841,7
R15,KM-random,22,1.0,15.696423889158021,0.8961194938863908,0.956671467736051,0.6845277909165153,10
R15,KM-random,23,1.0,22.70159679055026,0.8239763243431665,0.9287142359348508,0.6332090623011165,7
R15,KM-random,24,1.0,27.779903593468493,0.7692016171781665,0.9117275193839419,0.622403051606015,10
R15,KM-random,25,1.0,20.991661928289584,0.8283552505072531,0.9331506245171333,0.6532499889103129,10
R15,KM-random,26,1.0,27.695822065019257,0.690841280622173,0.8691764916370576,0.5351964287068669,9
R15,KM-random,27,1.0,20.137520262128934,0.8112867751759838,0.9243760848627184,0.6105315949945685,6
R15,KM-random,28,1.0,27.071734808906093,0.7491395763571175,0.898008795373089,0.5566266528685532,8
R15,KM-random,29,1.0,20.968764731894375,0.8120906122990234,0.9245961902039379,0.6066496285079355,8
R15,KM-random,30,1.0,15.304668264639373,0.8970162549199059,0.9583573831366906,0.6801018793728257,7
R15,KM-random,31,1.0,21.604273928555795,0.7929709130566762,0.9147177817073936,0.6003832860215711,6
R15,KM-random,32,1.0,27.309779206190804,0.7508991781246115,0.9077626232453092,0.5522843476161576,13
R15,KM-random,33,1.0,83.7099968973343,0.69104208198163,0.8816766972574807,0.4749365863767174,11
R15,KM-random,34,1.0,14.646861583771623,0.8848542386711808,0.9509392483624016,0.6958993542629551,7
R15,KM-random,35,1.0,70.97659953013891,0.8149243617836431,0.9287964991574603,0.5827110195117843,13
R15,KM-random,36,1.0,81.23963185619596,0.7450788421635234,0.8908756836302296,0.5687277946719111,15
R15,KM-random,37,1.0,27.45229988320048,0.7444065439581384,0.9047921100939602,0.5415559295762113,7
R15,KM-random,38,1.0,17.890447465233844,0.875627026445618,0.9386826289221666,0.6499777650435483,9
R15,KM-random,39,1.0,26.874571050194014,0.7443494368403677,0.8967500323916716,0.5729073813472342,7
R15,KM-random,40,1.0,15.731152006791966,0.8950554045056124,0.9563655295803858,0.6765132915684686,7
R15,KM-random,41,1.0,27.73119365996256,0.7349797146472558,0.8800875374402648,0.5871697258544347,9
R15,KM-random,42,1.0,26.588124256966967,0.7589456293195143,0.9082659506799855,0.5914974403616736,8
R15,KM-random,43,1.0,20.233636648392416,0.7955594935640257,0.9141928311739289,0.6154111926109732,7
R15,KM-random,44,1.0,73.72392089035453,0.821753845108729,0.9323173187612712,0.5702671807823675,6
R15,KM-random,45,1.0,33.196465608959095,0.6841102859780119,0.8779643294800099,0.5411254172280306,9
R15,KM-random,46,1.0,27.20921423554833,0.7130640815584331,0.8803913140787842,0.5345346042615221,14
R15,KM-random,47,1.0,14.668461002061203,0.8842453882621851,0.9497114895068403,0.6920424358801291,10
R15,KM-random,48,1.0,85.63373514620598,0.6718691413934158,0.8656430193300919,0.47646209860996747,8
R15,KM-random,49,1.0,15.766092196172544,0.8970366360423987,0.957919977679966,0.6767770507778295,7
D31,CCKM,-1,1.0,106.01265910448016,0.7878642936955286,0.9128528545999448,0.4893379733619441,18
D31,Maxmin,-1,1.0,91.47004021252451,0.8226198429828714,0.9238859013358569,0.5110615540656068,13
D31,KM++,0,1.0,94.26511044966331,0.8214957064887979,0.9237726755620667,0.5196779216150283,10
D31,KM++,1,1.0,87.61133230659303,0.8567111436792137,0.943923293803803,0.5420368761946406,12
D31,KM++,2,1.0,94.68935385056595,0.8353217131764429,0.9295726258171711,0.5193342204500421,14
D31,KM++,3,1.0,91.1099193077031,0.8184481567181471,0.9228879453804064,0.5139141861423644,32
D31,KM++,4,1.0,86.28052970165577,0.8670222550492013,0.9405073610122662,0.530329687470942,18
D31,KM++,5,1.0,95.72582181092447,0.8229483479488594,0.9236492610392316,0.5179451062356073,14
D31,KM++,6,1.0,96.76812371607139,0.8205451827175737,0.9224922689298539,0.5039010136235108,18
D31,KM++,7,1.0,111.19130555044354,0.7930679235090393,0.9181821978643131,0.4992271793643135,14
D31,KM++,8,1.0,76.80696028527491,0.9150767429305544,0.9574019890027059,0.5566279338708704,10
D31,KM++,9,1.0,91.95293559165358,0.824911414869195,0.9243672577064537,0.5208621294107874,19
D31,KM++,10,1.0,86.39116388848636,0.8651739671118163,0.938315581144412,0.5248465017253472,12
D31,KM++,11,1.0,85.57075611636085,0.8662026983186999,0.9390042844994422,0.5340096962906319,10
D31,KM++,12,1.0,86.15082738345923,0.8845602577841873,0.94850225821651,0.5468207616343833,9
D31,KM++,13,1.0,95.59606408261357,0.8417361927232989,0.9348429036435784,0.5153173041243366,15
D31,KM++,14,1.0,85.47285530130831,0.8769148918271665,0.9451113285670655,0.5431511653964369,10
D31,KM++,15,1.0,85.93974294472811,0.8703772730830271,0.9427590659015069,0.5325715295368546,13
D31,KM++,16,1.0,86.15926996044423,0.8706277843299691,0.9407071924564521,0.532219906710401,13
D31,KM++,17,1.0,75.8831510534634,0.9093734707066508,0.954212038093042,0.5564055049389747,10
D31,KM++,18,1.0,96.48049674867552,0.8279203603009407,0.9252101434734136,0.5127141303309805,25
D31,KM++,19,1.0,93.07803608874868,0.8313211739906305,0.9302265531001158,0.5070796388665708,20
D31,KM++,20,1.0,90.73807247519642,0.8677638392195204,0.939356664542632,0.5126767460613719,25
D31,KM++,21,1.0,106.80039082747933,0.8020807449573409,0.924308606621488,0.5044935917496794,13
D31,KM++,22,1.0,82.4580416589152,0.9129499501488841,0.9564001141017918,0.5417305954357116,10
D31,KM++,23,1.0,84.22605987511416,0.8589779491366444,0.9349798324208529,0.5300867923114789,23
D31,KM++,24,1.0,100.69331271674078,0.7963260011567648,0.918344491846918,0.5036595295998709,14
D31,KM++,25,1.0,85.70905501004465,0.8575755912937456,0.9387946209520015,0.5291005065551413,13
D31,KM++,26,1.0,102.75334752454349,0.7813952600097832,0.9202330949994836,0.5024862534593165,13
D31,KM++,27,1.0,79.25460297645806,0.9157255990147406,0.9583133325260884,0.5488500196947089,10
D31,KM++,28,1.0,86.1232158325408,0.8696204758439848,0.9401428250352191,0.5337773128450491,19
D31,KM++,29,1.0,90.84571988949553,0.8751023567703434,0.9434393358399934,0.5256420291864976,11
D31,KM++,30,1.0,80.50124113272169,0.906446784573558,0.9527160654659564,0.5448951006804086,12
D31,KM++,31,1.0,95.41293524673982,0.8222886741758609,0.9243882693795122,0.5104884375191746,17
D31,KM++,32,1.0,84.77217299336087,0.8679696377029426,0.9400059047328432,0.5318355417957032,17
D31,KM++,33,1.0,88.8051795136638,0.8793229045110631,0.9462624523318596,0.5355734406254237,7
D31,KM++,34,1.0,85.23600059246213,0.8779268339761096,0.9462237036174465,0.5399208135974529,11
D31,KM++,35,1.0,98.45984795926846,0.8282583637867427,0.9293198908085254,0.5164524846752022,13
D31,KM++,36,1.0,91.52897290293559,0.8228894155358606,0.9250656920629039,0.5136430110218921,26
D31,KM++,37,1.0,113.13732938482995,0.74221670013859,0.9023728150596699,0.4888401889312235,12
D31,KM++,38,1.0,96.1192998088675,0.8171902303382669,0.9299014809210997,0.5237255091141424,8
D31,KM++,39,1.0,83.22695894721022,0.8575372713439472,0.9348372804213715,0.5296983549380986,30
D31,KM++,40,1.0,103.4238104383251,0.7773978041386015,0.9077112958061351,0.48821022669487085,19
D31,KM++,41,1.0,91.77547079812815,0.8320795642908821,0.9315517533941978,0.5267673838127094,20
D31,KM++,42,1.0,95.00275549887242,0.8274307215357992,0.9268355422295302,0.5165006950702595,13
D31,KM++,43,1.0,87.02574328472043,0.8726882267679428,0.9432409554958344,0.5345066904682002,10
D31,KM++,44,1.0,93.31905173781314,0.8286771308024913,0.9293176282673509,0.51170771145233,15
D31,KM++,45,1.0,83.81205176926078,0.8648722291107351,0.9383179202291932,0.5335191528273397,33
D31,KM++,46,1.0,111.32331096026986,0.789290925493255,0.9146980868055776,0.48072631837518326,13
D31,KM++,47,1.0,102.42385295134328,0.8120499650525189,0.9279610998245612,0.5050772122713557,11
D31,KM++,48,1.0,83.15767759374621,0.8602186482341746,0.93472829617481,0.5334782403727173,15
D31,KM++,49,1.0,108.84835631177147,0.7849827526414285,0.9179453043380543,0.4911043012742555,10
D31,KM++greedy,0,1.0,75.84848859331919,0.9043443794577929,0.9518322226906597,0.5547615974132613,21
D31,KM++greedy,1,1.0,75.86012667569163,0.9041412643574094,0.950172605571564,0.5535039412729015,9
D31,KM++greedy,2,1.0,68.84950363339323,0.9554311965311731,0.9688858916982375,0.5742443042847869,9
D31,KM++greedy,3,1.0,83.57790928427289,0.8686733905070676,0.9416231830819046,0.539603385173277,11
D31,KM++greedy,4,1.0,68.84818744728766,0.9560814223678702,0.9693304496061987,0.5743070872789292,8
D31,KM++greedy,5,1.0,75.82677147352604,0.9093369388065721,0.9545022168907458,0.5551559280045784,7
D31,KM++greedy,6,1.0,68.84972928196672,0.9560571723255703,0.9691977895563206,0.5742315245221083,5
D31,KM++greedy,7,1.0,76.92242851118407,0.9046184687588933,0.9511737029605625,0.5532443667062983,12
D31,KM++greedy,8,1.0,77.19271943409503,0.9151733759070622,0.9581740015083965,0.5563782536798113,5
D31,KM++greedy,9,1.0,85.38900838634551,0.8781954237879952,0.9457301158477786,0.5340578724090349,14
D31,KM++greedy,10,1.0,68.85113928000068,0.9547928982686089,0.9684928975642463,0.574297935213547,5
D31,KM++greedy,11,1.0,77.56631420174322,0.9066876847282022,0.9512976226813018,0.5477091952737468,9
D31,KM++greedy,12,1.0,75.89026500650594,0.9083803874300157,0.9530293882337073,0.5580566932878906,4
D31,KM++greedy,13,1.0,82.8325948518198,0.8577894198574476,0.9346650855812635,0.5343338184886747,9
D31,KM++greedy,14,1.0,77.46740259500537,0.9098179630580017,0.9531082650565261,0.550837671385039,11
D31,KM++greedy,15,1.0,68.84931234669621,0.9554358255619011,0.9689365080535134,0.5743214433350619,6
D31,KM++greedy,16,1.0,76.06322666818419,0.9061654588457857,0.9520800055366192,0.5476897032716662,19
D31,KM++greedy,17,1.0,82.98379903884246,0.8588432881454648,0.9362272572372259,0.5295822530350003,12
D31,KM++greedy,18,1.0,77.32472812062282,0.904383051803681,0.9509019895000763,0.5478378917477317,18
D31,KM++greedy,19,1.0,75.75352062907002,0.9061218249102564,0.9527736449936096,0.5553879710274829,25
D31,KM++greedy,20,1.0,77.52203580652397,0.9141067876735525,0.954936868806842,0.5527623268244334,9
D31,KM++greedy,21,1.0,83.8590538633359,0.8686411709667906,0.9428747757785555,0.5441504397602823,15
D31,KM++greedy,22,1.0,82.0836407069801,0.9057577280371026,0.9523166316505285,0.5452820197204112,5
D31,KM++greedy,23,1.0,77.7235218526359,0.9130140053298423,0.9564866794545115,0.5516356912561274,5
D31,KM++greedy,24,1.0,88.51261612302635,0.8658080000151301,0.93952006987074,0.5325376744283761,6
D31,KM++greedy,25,1.0,84.76936578646719,0.8701262476112495,0.9413450414257113,0.5256258715588265,17
D31,KM++greedy,26,1.0,76.86633056421631,0.9129967001053244,0.9560727289339691,0.5597118416578779,7
D31,KM++greedy,27,1.0,77.71301541932664,0.912255396124256,0.9552982004446043,0.5506745385664567,8
D31,KM++greedy,28,1.0,82.88493989593685,0.8599170728747524,0.936562601761498,0.5355384156200853,9
D31,KM++greedy,29,1.0,75.67204046340215,0.9069165663274642,0.9526411591965291,0.5582268416197772,10
D31,KM++greedy,30,1.0,68.85116784683362,0.9541394373304424,0.9678896523620686,0.5742886988264252,5
D31,KM++greedy,31,1.0,77.88703646471812,0.9135345962078883,0.9573220124507952,0.5493577558373507,9
D31,KM++greedy,32,1.0,75.95319974335565,0.9060922166573208,0.9518204687142447,0.5538475068301156,16
D31,KM++greedy,33,1.0,76.72867872600732,0.9122122536711412,0.9558454663778632,0.5595476390502623,5
D31,KM++greedy,34,1.0,80.26397429057927,0.9049741879076313,0.9518037077448158,0.548630122011515,11
D31,KM++greedy,35,1.0,77.60812092799368,0.9139460307776581,0.9554953050837355,0.5520777130577719,6
D31,KM++greedy,36,1.0,76.61394577980494,0.9176492746302978,0.9583516903484797,0.5586833998722518,8
D31,KM++greedy,37,1.0,68.85001438059213,0.9554384890065596,0.9688868397696554,0.5742845400186467,18
D31,KM++greedy,38,1.0,68.85053145859997,0.9547896753208412,0.9684133059712858,0.574324181600157,17
D31,KM++greedy,39,1.0,68.84994873492985,0.954785597749651,0.9684128532152939,0.5742859605613301,16
D31,KM++greedy,40,1.0,76.11641817523427,0.907706623134078,0.9529898748597162,0.5530525437692269,13
D31,KM++greedy,41,1.0,85.3633878240637,0.8662793941357748,0.9391752449458949,0.533956335203978,16
D31,KM++greedy,42,1.0,75.74443865469334,0.9066731579564464,0.9525919501925557,0.554574176773174,16
D31,KM++greedy,43,1.0,77.57234255625316,0.9078872364655008,0.9523949529370778,0.54757619755596,5
D31,KM++greedy,44,1.0,76.7831556661538,0.911950046202623,0.9553322089766583,0.5590680449928386,6
D31,KM++greedy,45,1.0,77.5743472425664,0.9088106988780901,0.9527561393964837,0.5487692816955054,19
D31,KM++greedy,46,1.0,77.36884983674692,0.9120566359283913,0.9560258975976605,0.556694734024557,8
D31,KM++greedy,47,1.0,78.18448620643285,0.9132498681993134,0.9563858029773381,0.5464259880223271,14
D31,KM++greedy,48,1.0,84.79714105233474,0.8698928255758113,0.9416983921867749,0.525498527202205,22
D31,KM++greedy,49,1.0,68.8502455565302,0.9541628508571788,0.9681014394605328,0.5742967078300942,20
D31,BF-refine,0,1.0,75.86774190669509,0.906348796954033,0.9519215302868224,0.5533263104712651,5
D31,BF-refine,1,1.0,77.41690279606995,0.9084476680642967,0.9524961871470667,0.5491716388645985,13
D31,BF-refine,2,1.0,68.85116784683362,0.9541394373304424,0.9678896523620688,0.5742886988264252,4
D31,BF-refine,3,1.0,76.01061292419598,0.908442508430399,0.9530241280786637,0.5578789877903907,5
D31,BF-refine,4,1.0,76.0572975628718,0.9091444143964722,0.9545033256006864,0.555577811968057,4
D31,BF-refine,5,1.0,68.84879526868836,0.9560846494257682,0.9694100406180618,0.5742808408923192,3
D31,BF-refine,6,1.0,75.90850973300958,0.9053316588994693,0.9509570999281266,0.5518198385271879,11
D31,BF-refine,7,1.0,68.85116784683362,0.9541394373304424,0.9678896523620686,0.5742886988264252,3
D31,BF-refine,8,1.0,68.85116784683362,0.9541394373304424,0.9678896523620688,0.5742886988264252,3
D31,BF-refine,9,1.0,68.84960916829654,0.9548130905272547,0.9686250933212749,0.5743321906038259,3
D31,BF-refine,10,1.0,68.84919263359285,0.954805220736776,0.9684948870882722,0.574281297940161,3
D31,BF-refine,11,1.0,68.84970338079175,0.9548125211004513,0.9684958344286252,0.5743215336740207,3
D31,BF-refine,12,1.0,76.72614792279882,0.9182264295686068,0.9590302896495342,0.5568321520896703,5
D31,BF-refine,13,1.0,76.42538898927708,0.9158495232884486,0.9572332325768143,0.5594569249488889,10
D31,BF-refine,14,1.0,68.84950363339323,0.9554311965311731,0.9688858916982371,0.5742443042847869,3
D31,BF-refine,15,1.0,68.84972928196672,0.9560571723255703,0.9691977895563206,0.5742315245221083,3
D31,BF-refine,16,1.0,76.79565828059806,0.9141325974119779,0.9570990023262163,0.5577915123368095,10
D31,BF-refine,17,1.0,76.24380414727331,0.9099256371489064,0.9527223066573586,0.5506500408906769,5
D31,BF-refine,18,1.0,68.84848426888799,0.9554586815196598,0.9690190352770317,0.5743178345476933,12
D31,BF-refine,19,1.0,68.850722745297,0.9547850279692147,0.9683626918280624,0.5742480034111144,3
D31,BF-refine,20,1.0,68.85053145859997,0.9547896753208412,0.9684133059712857,0.574324181600157,3
D31,BF-refine,21,1.0,68.85041174549663,0.9541590521748176,0.9679716872180973,0.5742849970664885,3
D31,BF-refine,22,1.0,77.13275226136498,0.9109931033438917,0.9551260706154225,0.5594086604855311,4
D31,BF-refine,23,1.0,68.85136492857417,0.9554188582866272,0.9688047965945109,0.5742851554508684,3
D31,BF-refine,24,1.0,77.04887953876579,0.9129580608573163,0.956547482307348,0.5554270909323775,9
D31,BF-refine,25,1.0,68.84985446908125,0.9554279714912642,0.9688063005889903,0.5742705506713969,3
D31,BF-refine,26,1.0,75.98727220435747,0.9042449069110505,0.9513468637284712,0.5500015356631104,11
D31,BF-refine,27,1.0,77.29764734315636,0.9166635650418893,0.9579301285103695,0.5560948851472954,5
D31,BF-refine,28,1.0,68.85041174549663,0.9541590521748176,0.9679716872180973,0.5742849970664885,3
D31,BF-refine,29,1.0,76.23861720715307,0.9025572072365935,0.9497414919168994,0.5486620075160784,4
D31,BF-refine,30,1.0,68.8502455565302,0.9541628508571788,0.9681014394605327,0.5742967078300942,3
D31,BF-refine,31,1.0,68.85116784683362,0.9541394373304424,0.9678896523620686,0.5742886988264252,3
D31,BF-refine,32,1.0,68.85041174549663,0.9541590521748176,0.9679716872180976,0.5742849970664885,3
D31,BF-refine,33,1.0,68.8502455565302,0.9541628508571788,0.9681014394605328,0.5742967078300942,3
D31,BF-refine,34,1.0,68.85200131680783,0.9547686281586257,0.9682811423116455,0.5742496726771367,3
D31,BF-refine,35,1.0,68.84940655919142,0.9554352639843171,0.9688072485120413,0.5743107864052567,3
D31,BF-refine,36,1.0,68.84960916829654,0.9548130905272547,0.968625093321275,0.5743321906038259,3
D31,BF-refine,37,1.0,68.8510062199958,0.9554352639843171,0.9688072485120414,0.5743107864052567,3
D31,BF-refine,38,1.0,75.80498181808538,0.9077691906593874,0.9535558813674595,0.55578491487627,5
D31,BF-refine,39,1.0,76.0890859898048,0.9029408377791708,0.9502033744969749,0.554419298285439,4
D31,BF-refine,40,1.0,68.8501149238963,0.9547818049650125,0.9682831004730654,0.5742742497977243,3
D31,BF-refine,41,1.0,68.84889581199252,0.9554279714912642,0.9688063005889902,0.5742705506713969,3
D31,BF-refine,42,1.0,68.84970338079175,0.9548125211004513,0.9684958344286252,0.5743215336740207,3
D31,BF-refine,43,1.0,68.84818744728766,0.9560814223678702,0.9693304496061986,0.5743070872789292,3
D31,BF-refine,44,1.0,68.84848426888799,0.9554586815196598,0.9690190352770317,0.5743178345476933,3
D31,BF-refine,45,1.0,75.59329721060023,0.9054904664623152,0.9519765767273348,0.5568081302481186,8
D31,BF-refine,46,1.0,68.84950363339323,0.9554311965311731,0.9688858916982371,0.5742443042847869,4
D31,BF-refine,47,1.0,76.82210234194433,0.919302288707499,0.9590440646905722,0.5570264310777117,4
D31,BF-refine,48,1.0,68.85041174549663,0.9541590521748176,0.9679716872180973,0.5742849970664885,4
D31,BF-refine,49,1.0,68.8501149238963,0.9547818049650125,0.9682831004730654,0.5742742497977243,3
D31,KM-random,0,1.0,75.83533569098722,0.9056459559950941,0.9526721125457902,0.5546906942990699,12
D31,KM-random,1,1.0,93.79973842279837,0.8197862269888736,0.9276938652234927,0.5137515452724621,15
D31,KM-random,2,1.0,104.25991057554359,0.7749611635945721,0.9135628050167832,0.5080364590928077,27
D31,KM-random,3,1.0,83.18319264266692,0.861283882846101,0.9363584299811323,0.5371768440783001,22
D31,KM-random,4,1.0,101.8482561955119,0.8201738815402984,0.9335211087530997,0.520183405560241,16
D31,KM-random,5,1.0,96.60432331504248,0.8322171337735645,0.9295822139931615,0.5323361514520373,21
D31,KM-random,6,1.0,103.81046228092484,0.8370085036059781,0.9346167604981004,0.5130924405109524,19
D31,KM-random,7,1.0,93.68927075272207,0.8396885836771575,0.9349244563871881,0.5219102894394559,10
D31,KM-random,8,1.0,112.48049854157024,0.7462132049192997,0.8978444827273017,0.47989521303456983,12
D31,KM-random,9,1.0,83.7523073220436,0.870314477061899,0.942012061893727,0.5406728816059939,21
D31,KM-random,10,1.0,96.0547227660587,0.8174495671063978,0.921298365981578,0.5045644157384634,18
D31,KM-random,11,1.0,112.80041787577898,0.7827890727851718,0.918207183060304,0.5151884305448624,16
D31,KM-random,12,1.0,93.57725499216434,0.8165452835244625,0.9205483035819585,0.5119958193801486,37
D31,KM-random,13,1.0,101.79437996246209,0.7763034637793544,0.9077947866044,0.4993340921287953,15
D31,KM-random,14,1.0,112.33270904288177,0.7393359323934895,0.8998063364838128,0.49144852110537707,18
D31,KM-random,15,1.0,94.01611297029633,0.8330930998630472,0.932412523693262,0.5213583521944598,17
D31,KM-random,16,1.0,93.9407800581764,0.8215539671788463,0.9287069589892345,0.5195313225441917,22
D31,KM-random,17,1.0,111.64920810808007,0.7260417453982294,0.8969739454797737,0.4796644537841001,17
D31,KM-random,18,1.0,107.71316627987525,0.7475105971123857,0.8966150964783594,0.4955702637235935,18
D31,KM-random,19,1.0,93.22716648129455,0.8306255458723536,0.9293582508288837,0.5273670036258596,17
D31,KM-random,20,1.0,128.35059360387547,0.7023830122624977,0.8958793300826555,0.484774765854419,17
D31,KM-random,21,1.0,113.84764507314311,0.7704370806940992,0.917407507320342,0.48956769147142376,15
D31,KM-random,22,1.0,83.97537735099344,0.86344002832165,0.9379809490771264,0.5345587691531816,35
D31,KM-random,23,1.0,99.44429139125263,0.7804524230021311,0.9088101479833017,0.5019641303125172,21
D31,KM-random,24,1.0,126.64297367243077,0.713401631005228,0.8920325974566011,0.4859942217862474,30
D31,KM-random,25,1.0,129.12537372459596,0.7515657798766514,0.9101911963094433,0.48790454024432417,23
D31,KM-random,26,1.0,112.90288171927978,0.7451461204680864,0.9049017973863308,0.49000778042338705,20
D31,KM-random,27,1.0,110.1053073840358,0.7621158873967377,0.9042050259260261,0.49855891072194025,24
D31,KM-random,28,1.0,105.6382615010951,0.8030501955890352,0.9233119641369189,0.5164519794438323,26
D31,KM-random,29,1.0,105.65333762590167,0.7806074523114137,0.9112910376705472,0.49800669006664827,15
D31,KM-random,30,1.0,102.0009937562233,0.7828601467655613,0.9117010025162111,0.5017724044065504,26
D31,KM-random,31,1.0,114.37301697582748,0.7790382019670732,0.9105518359348647,0.4858399320468956,16
D31,KM-random,32,1.0,83.81463476837673,0.8673608062327167,0.9413605799713348,0.54309962848209,29
D31,KM-random,33,1.0,106.05040079762331,0.7986154366756264,0.9201827261184063,0.49700348398258776,34
D31,KM-random,34,1.0,111.82053443150068,0.7691313859349312,0.9104692905702634,0.5080904336616362,20
D31,KM-random,35,1.0,103.77324153188518,0.7999018968236988,0.9212322181678801,0.5121593237259164,20
D31,KM-random,36,1.0,141.11440953870726,0.6727533585503414,0.8838201711052815,0.4697179316958213,14
D31,KM-random,37,1.0,100.72960155078547,0.8088755856291274,0.9228207805242643,0.5338878352685199,16
D31,KM-random,38,1.0,117.33231989737338,0.773875736987103,0.9120155788029475,0.48389509702205874,15
D31,KM-random,39,1.0,131.92566769965194,0.7286287450247015,0.9019989803293402,0.45689006734521803,16
D31,KM-random,40,1.0,104.19150027280365,0.8035536936020058,0.9212715014809466,0.5172822743411333,24
D31,KM-random,41,1.0,86.70252827330316,0.8557350788999682,0.9338724613475045,0.5274633914905946,19
D31,KM-random,42,1.0,103.10093094658099,0.7805497039538348,0.9129358162198734,0.48935511988847585,11
D31,KM-random,43,1.0,92.55739150120029,0.8249740531321597,0.9262980226835746,0.5132457123997736,18
D31,KM-random,44,1.0,130.47964401730698,0.762594311146675,0.9033425028345244,0.46338417744021976,12
D31,KM-random,45,1.0,102.24561421575324,0.7792148250052565,0.9116525513375223,0.49400941872358883,20
D31,KM-random,46,1.0,111.180173250745,0.757604437997069,0.9042763581161298,0.4918837439909254,20
D31,KM-random,47,1.0,117.1094552215059,0.7447447024393019,0.9021622050817008,0.4708029006988039,26
D31,KM-random,48,1.0,105.17682673640245,0.7709113805634297,0.9101793207606845,0.4953210224622954,33
D31,KM-random,49,1.0,96.8793934088682,0.8173488528880699,0.9226700392811794,0.49807250214677057,21
